Temperatura,Hora,Dia_Semana,Consumo_Energia
28.89180538083319,1.0,1.0,401.99060199549655
22.244071418357333,2.0,2.0,334.8469105332774
20.909005582888465,3.0,3.0,326.92607965178496
24.98312771294524,4.0,4.0,383.0169513581758
24.14907688737536,5.0,5.0,388.7481513017572
22.733859753363625,6.0,6.0,341.8318654017873
28.481937237283574,7.0,7.0,420.8086478007489
29.776526042852552,8.0,1.0,427.7320567518412
25.44203443145924,9.0,2.0,417.1204839862528
32.38765040527631,10.0,3.0,486.10668719628
19.291554429332475,11.0,4.0,356.08386369218454
24.03170270360141,12.0,5.0,387.1984238598446
21.415888396985977,13.0,6.0,347.791720690042
15.6673169146347,14.0,7.0,277.78260038903744
24.586596570786504,15.0,1.0,417.0652215574431
24.39126245808358,16.0,2.0,448.57287542581946
32.567248716210656,17.0,3.0,495.4755891348251
28.15405842277389,18.0,4.0,475.24311593694
19.879065878353977,19.0,5.0,395.6696867939184
34.27046283167094,20.0,6.0,519.030903898166
31.10516847762677,21.0,7.0,521.378581526658
27.91048851734308,22.0,1.0,427.9316702838207
23.86757950575084,23.0,2.0,423.22078948274486
20.2028038163826,24.0,3.0,394.7153922366568
23.13896611964473,1.0,4.0,307.9953607390996
30.44374309852093,2.0,5.0,406.1626900089272
34.42293152967304,3.0,6.0,447.0300713578085
32.71621764136094,4.0,7.0,434.0419878571096
22.55575289106863,5.0,1.0,359.47915879333607
19.401912833554945,6.0,2.0,299.0170369526365
25.70443123455602,7.0,3.0,358.6807910094138
16.157803172185744,8.0,4.0,297.5044253620147
26.615838570923906,9.0,5.0,383.5537442363103
24.261987068506656,10.0,6.0,343.2103697777071
22.66981749065879,11.0,7.0,380.12506059741753
17.02648466366602,12.0,1.0,355.1668847667062
27.568000532848583,13.0,2.0,465.823223122459
22.336495801690443,14.0,3.0,388.1051124463988
19.15041582144856,15.0,4.0,367.0228001339437
10.638688933591752,16.0,5.0,298.78425380315576
24.862425474746814,17.0,6.0,402.7959389469995
33.86125798334872,18.0,7.0,529.826133514569
33.30629607273935,19.0,1.0,530.5708854102577
22.714518717068643,20.0,2.0,439.41942021753823
21.988939698191096,21.0,3.0,419.6112573994297
27.34387128037512,22.0,4.0,497.3638469987112
20.008072804058543,23.0,5.0,404.5512032914162
26.50895949909733,24.0,6.0,437.4100138016249
28.83040139192345,1.0,7.0,401.34254656552895
31.13466611942154,2.0,1.0,399.3960463747731
24.49922961760024,3.0,2.0,379.0534603808807
23.98163124911517,4.0,3.0,349.0114548623453
20.610087066217197,5.0,4.0,342.62109036612605
20.8655982298007,6.0,5.0,346.3513545953423
23.867605540492367,7.0,6.0,364.2789148912311
26.83682753408089,8.0,7.0,397.5389816933515
29.567923131166246,9.0,1.0,446.1318036555138
20.98410524659828,10.0,2.0,313.5645573403612
32.46344284479761,11.0,3.0,473.0010328259402
23.64438199478716,12.0,4.0,362.12253642643367
24.89316352825782,13.0,5.0,402.3553781574915
21.26394160426088,14.0,6.0,341.78056511494447
12.878798698635292,15.0,7.0,259.0889481618314
29.42022698180525,16.0,1.0,503.30095985313056
28.684219485462165,17.0,2.0,487.23114261710543
23.59336221440893,18.0,3.0,416.8507704452063
25.33495358612436,19.0,4.0,440.044908866224
27.579696088520496,20.0,5.0,455.8386403703448
17.187270715567287,21.0,6.0,370.27023467526334
22.354736613268525,22.0,7.0,399.0262788017092
28.97132339810913,23.0,1.0,521.5880392384505
18.728552884153757,24.0,2.0,396.22379202125535
26.467789660833148,1.0,3.0,352.2809566917069
18.21709097688297,2.0,4.0,280.6051701385266
27.332149912167637,3.0,5.0,361.4985625231641
24.821792588512583,4.0,6.0,356.7915728750555
16.924340920472453,5.0,7.0,262.4961574184565
30.823696772285857,6.0,1.0,444.60743977923534
21.327042116009757,7.0,2.0,366.5905519383271
20.94873781492809,8.0,3.0,326.1009444131175
26.002845986154718,9.0,4.0,390.4169507156437
30.74318674714357,10.0,5.0,451.6584817321442
19.920890905108017,11.0,6.0,327.491761951452
25.30839924923986,12.0,7.0,401.3704037089319
27.144082501652864,13.0,1.0,444.5488022295635
28.46552803631572,14.0,2.0,470.3205158890433
25.882207776386124,15.0,3.0,412.702276842163
23.164860804583387,16.0,4.0,380.79310324122434
20.8620488967564,17.0,5.0,372.4689411762892
25.430719415231877,18.0,6.0,406.9521473613768
19.63930494007197,19.0,7.0,381.6830134816696
10.393247582526964,20.0,1.0,277.69744982174143
27.182799020788337,21.0,2.0,517.4883185729371
29.519674205430977,22.0,3.0,522.1152992857848
13.185337822290808,23.0,4.0,335.1048936149144
19.95134647645031,24.0,5.0,421.86135462446265
28.095771305025988,1.0,6.0,335.22167576404405
35.2874773485585,2.0,7.0,492.3422401135761
25.10396853837704,3.0,1.0,351.2353931397606
21.35998529385433,4.0,2.0,325.18990466055607
24.0855177944758,5.0,3.0,319.7365122009893
31.874382095740923,6.0,4.0,446.4695670522272
21.770179104377323,7.0,5.0,315.5749079022311
21.00403996674873,8.0,6.0,334.073514898808
22.58628238908984,9.0,7.0,338.9773352324076
20.23335695870644,10.0,1.0,327.7786908884575
25.613351579973976,11.0,2.0,389.0462857644874
33.1233922923478,12.0,3.0,486.74968360518847
26.615396365580143,13.0,4.0,393.524144198425
23.738232489368563,14.0,5.0,377.4060914732141
23.54094365542228,15.0,6.0,405.67490417951234
17.184045956516716,16.0,7.0,382.8900570626535
29.415548885735795,17.0,1.0,485.7072652484181
24.61081401493599,18.0,2.0,411.7629073058141
24.09760043204687,19.0,3.0,419.63372091902255
40.965537839224304,20.0,4.0,598.2871585152947
26.49376454182843,21.0,5.0,447.94914640557016
21.24104474952408,22.0,6.0,422.4716108299794
22.868212018972283,23.0,7.0,427.0315898500073
30.74222854598377,24.0,1.0,542.5793331580351
25.56635205268882,1.0,2.0,348.3746447209356
17.808610108413166,2.0,3.0,305.5961054785568
29.59614467287602,3.0,4.0,395.63173504312925
21.65927957230503,4.0,5.0,302.16899834029044
34.366488881087726,5.0,6.0,494.2112964317217
30.400240328573243,6.0,7.0,376.5028483465101
22.76339052170625,7.0,1.0,344.8591307109639
31.405081808675565,8.0,2.0,435.5102610501478
25.339277552637014,9.0,3.0,439.5589009875015
29.263868375611096,10.0,4.0,466.77586143904114
27.42366408647237,11.0,5.0,444.1152037375677
20.768216725045637,12.0,6.0,343.06899400292974
21.78225083841269,13.0,7.0,410.3460684609624
30.149804087905807,14.0,1.0,475.8650809558775
23.32612333946729,15.0,2.0,421.8065008007354
22.98175768379001,16.0,3.0,404.4114844600243
20.224387103253235,17.0,4.0,374.25453960606734
27.117995327967307,18.0,5.0,441.14437980114553
35.31262459621573,19.0,6.0,525.9334460937741
19.662335428728635,20.0,7.0,387.793187260848
25.12109728336379,21.0,1.0,460.5549688091457
32.061102777077146,22.0,2.0,523.9816003666978
24.601793043771423,23.0,3.0,482.2084102916913
27.26185898124867,24.0,4.0,421.2835284376721
19.6880323592656,1.0,5.0,297.07806855108
27.141535486038244,2.0,6.0,377.770128993562
24.064278674977256,3.0,7.0,357.58204411487594
29.928649978399317,4.0,1.0,414.9890709629259
30.936930257823757,5.0,2.0,432.5277039259167
37.94781821009307,6.0,3.0,520.1971497672251
27.89816586606788,7.0,4.0,431.8049867462824
26.628981582910832,8.0,5.0,385.2790961255329
25.97192150788668,9.0,6.0,392.058730741418
23.23416853594656,10.0,7.0,394.9131646464408
26.69241921730845,11.0,1.0,376.4436506555075
23.522992949304854,12.0,2.0,375.4296774967568
25.84230488134807,13.0,3.0,443.73976838554
31.5879876780398,14.0,4.0,495.73063345256406
19.967287173601797,15.0,5.0,370.12177595455177
30.699392805645225,16.0,6.0,460.0219905942699
31.58557533669933,17.0,7.0,462.2193833872849
24.409657365044605,18.0,1.0,419.2722612655986
14.390725504957029,19.0,2.0,363.8674194659441
21.96089006452784,20.0,3.0,398.0400468621714
31.484972732805545,21.0,4.0,509.8781866128486
24.88565968850559,22.0,5.0,428.782443987821
20.003488838525445,23.0,6.0,413.89036898723504
22.47612539385891,24.0,7.0,412.9867283316603
29.203100132522763,1.0,1.0,392.07912352213935
27.7336678410069,2.0,2.0,347.66903574921247
23.80533950415153,3.0,3.0,311.7860303174165
23.165877940926563,4.0,4.0,339.8122432756958
23.04120925478089,5.0,5.0,313.90894944385366
20.38794907750749,6.0,6.0,357.98122356176486
33.07687844734721,7.0,7.0,403.5383222312272
23.3883976539433,8.0,1.0,354.8804705661509
31.085792604127484,9.0,2.0,450.1919433866258
32.60658025961226,10.0,3.0,459.7631438402069
29.9915544907398,11.0,4.0,420.8326357741197
22.84189843640976,12.0,5.0,354.26042757419225
27.018650451683047,13.0,6.0,397.37342296684574
24.879021968045414,14.0,7.0,392.05578578405294
20.48149069634936,15.0,1.0,415.8534887538421
26.621796408608017,16.0,2.0,441.77671001724434
19.10480104420099,17.0,3.0,390.7060202297604
30.93839694230782,18.0,4.0,497.523496339641
22.676913513508037,19.0,5.0,429.0463830947247
26.0057982793642,20.0,6.0,386.05869674177023
26.41643935773071,21.0,7.0,442.0752331543425
23.705475131479613,22.0,1.0,470.1974597778104
27.93346900737637,23.0,2.0,476.899973618777
22.62548171688738,24.0,3.0,472.5042804662661
29.35648648728622,1.0,4.0,416.24266794821744
18.270101598766257,2.0,5.0,268.3184016651133
25.63189789773206,3.0,6.0,343.2557085963935
34.694644995291426,4.0,7.0,425.67433310582487
19.998343376972127,5.0,1.0,309.39154913244533
21.611275147375743,6.0,2.0,315.4609701903792
27.56953924829457,7.0,3.0,410.2716160916058
25.89790890969799,8.0,4.0,357.8581592300512
26.753150496367795,9.0,5.0,409.6061652874824
27.44593565073832,10.0,6.0,419.02093044538816
28.17360734280885,11.0,7.0,382.51198532441
30.54849920978112,12.0,1.0,493.481364224378
27.049093284642563,13.0,2.0,439.76311873473
23.793711726907286,14.0,3.0,413.93107769797024
28.36286850601365,15.0,4.0,431.4553810292811
34.49940967447608,16.0,5.0,522.4416791142231
24.33683126808713,17.0,6.0,432.8961816753126
20.127353476646796,18.0,7.0,368.3013667863744
30.53540334643486,19.0,1.0,537.3924826493159
24.398094180232007,20.0,2.0,438.8622345005789
14.13665226992982,21.0,3.0,360.18223870834765
29.23710838575211,22.0,4.0,496.23126000269417
22.323359070230385,23.0,5.0,434.9440213594412
24.5473335884792,24.0,6.0,414.0466905320965
26.659901652845072,1.0,7.0,358.020091292758
25.952498398895333,2.0,1.0,351.82548196380804
28.5472590856952,3.0,2.0,377.5446247413982
22.822568147150783,4.0,3.0,374.1077451608274
27.565528990880413,5.0,4.0,384.3798849475572
23.70226661208041,6.0,5.0,331.95662950129423
28.694052404437517,7.0,6.0,396.7578914821976
28.076837420065267,8.0,7.0,373.7593696222144
20.322806489777022,9.0,1.0,373.9057542616956
30.42991058087516,10.0,2.0,434.3854909254213
22.32018277442976,11.0,3.0,379.787826423171
29.040288991405724,12.0,4.0,465.5250241982637
26.836436567006704,13.0,5.0,408.3613120457725
34.190918383975614,14.0,6.0,504.5496324852118
23.88267008814074,15.0,7.0,372.2249797833188
23.253416019409013,16.0,1.0,458.44955157636383
24.902901970561334,17.0,2.0,446.7566223979458
23.484101085828623,18.0,3.0,411.98888208307017
28.99970950971025,19.0,4.0,457.5404204793232
16.91844695781706,20.0,5.0,351.9045385213781
19.73158790426823,21.0,6.0,377.5162045956519
19.660985392104035,22.0,7.0,424.66874500103046
29.75153795986788,23.0,1.0,485.0046851543808
33.553066862909624,24.0,2.0,552.2266970949003
24.477753907312643,1.0,3.0,340.41077774045226
24.155891384049948,2.0,4.0,337.2107078336021
25.350260815565907,3.0,5.0,351.3302750568922
30.809391513040957,4.0,6.0,407.77249892799983
20.36323432904713,5.0,7.0,325.09366461711335
26.19184491367393,6.0,1.0,401.0981380665879
29.87598814891215,7.0,2.0,436.1381137165772
27.505470849699226,8.0,3.0,345.37492125408687
25.94790808299372,9.0,4.0,398.4749783132005
30.005230462835705,10.0,5.0,401.9395174249554
11.483838535003814,11.0,6.0,264.76478861275467
28.38937659765454,12.0,7.0,452.3837133279557
21.72962158436288,13.0,1.0,360.7714335918578
15.846835515717716,14.0,2.0,317.232740710323
27.556012997624904,15.0,3.0,429.5730158751891
31.86829272581479,16.0,4.0,511.3915627732839
24.31275742686154,17.0,5.0,415.02813197405686
29.764372736014693,18.0,6.0,504.2103149714736
33.06139128994323,19.0,7.0,512.8889969583801
31.57457226792024,20.0,1.0,517.5947262919187
33.199822646856965,21.0,2.0,532.3623621206264
28.71063745535946,22.0,3.0,504.4662165387413
25.377168194507963,23.0,4.0,422.0179579801728
16.990170940514158,24.0,5.0,376.6085885155517
23.769687559350256,1.0,6.0,323.2959467189433
20.78376702341904,2.0,7.0,311.3460467773458
35.85471358748907,3.0,1.0,466.79310375741
24.12057093783832,4.0,2.0,334.43102069512975
25.61602403392243,5.0,3.0,372.3072538376183
27.75742688020234,6.0,4.0,373.9174582246565
25.218012231862268,7.0,5.0,333.67487806687296
33.47525520215376,8.0,6.0,471.29500165124745
21.88675319132774,9.0,7.0,354.4487633671708
25.97303727618621,10.0,1.0,416.0721916417336
21.28764707150976,11.0,2.0,387.9350391540138
18.39988744389647,12.0,3.0,321.6982366328862
21.941154545473573,13.0,4.0,343.78926259931063
24.81481601475794,14.0,5.0,401.7475646114185
22.8534888774137,15.0,6.0,378.5848827800188
21.53789510063072,16.0,7.0,357.53303667090586
17.96841268164083,17.0,1.0,360.0871437466524
24.58447213685653,18.0,2.0,417.6126184444736
17.476398129844988,19.0,3.0,324.04387563131326
28.80027981844801,20.0,4.0,467.17926436860495
25.41219876467252,21.0,5.0,421.3944843126481
17.71224250267535,22.0,6.0,373.755386458972
23.45395461475068,23.0,7.0,415.4188509826937
21.239217972047083,24.0,1.0,451.6248092032919
26.5958725520959,1.0,2.0,397.0360468663163
31.70225223011572,2.0,3.0,431.61014976139535
15.624137651771278,3.0,4.0,228.22085287804637
25.575130395737087,4.0,5.0,390.85522393495165
24.1993360221668,5.0,6.0,380.50776922914326
28.356700382252328,6.0,7.0,392.94281404868207
26.065983141188447,7.0,1.0,419.1183546185951
21.240153341305906,8.0,2.0,335.36803065212547
23.40473032166691,9.0,3.0,332.7223845196773
21.01987071598256,10.0,4.0,332.9930183873937
30.38003569299299,11.0,5.0,478.386374250825
25.10655824335971,12.0,6.0,363.2439839613676
34.50595342876504,13.0,7.0,489.04995992628034
24.696695930926897,14.0,1.0,414.6498371760732
21.457966165447687,15.0,2.0,373.3201767751206
17.431428036935863,16.0,3.0,336.44384837261634
15.984301618720275,17.0,4.0,334.2879988719268
17.079320284972553,18.0,5.0,334.549956011031
26.335633255057417,19.0,6.0,411.9151626072156
27.54362511614967,20.0,7.0,458.73689002036576
17.094046489839332,21.0,1.0,394.4077965472928
29.475191570380577,22.0,2.0,516.1433660768741
22.5846947415828,23.0,3.0,415.6522380680318
25.733965059927748,24.0,4.0,440.315092291724
33.06110314127712,1.0,5.0,414.9272737696757
29.48419657932766,2.0,6.0,418.1977959891898
23.65734676047084,3.0,7.0,343.48542918389927
20.544038872923565,4.0,1.0,336.5196822651204
14.240922993353475,5.0,2.0,279.2063689692447
21.4042334037879,6.0,3.0,343.45766528825067
23.944348805861527,7.0,4.0,364.8556590108868
20.06410236424408,8.0,5.0,338.88716157540017
24.34371516453848,9.0,6.0,359.5138295610244
25.38425941479384,10.0,7.0,354.55333392061203
23.875720090959607,11.0,1.0,405.2171396020825
21.7499870958827,12.0,2.0,396.25463307381153
25.84327335983364,13.0,3.0,392.06809481121576
27.209703247847045,14.0,4.0,446.5354621267885
19.548004612785768,15.0,5.0,389.0953603956215
32.054661898731354,16.0,6.0,482.5016949521712
24.50705933857869,17.0,7.0,392.710549690952
25.09424811472424,18.0,1.0,440.4028546177775
28.541072116282784,19.0,2.0,463.4000417988138
26.166080656317508,20.0,3.0,440.32620436404704
29.765683169566223,21.0,4.0,499.3205130410931
26.43562082600912,22.0,5.0,427.2816187594933
21.93781312679781,23.0,6.0,387.4995528181336
26.80751762603051,24.0,7.0,467.460993867784
19.28136896339669,1.0,1.0,294.36751885571823
25.542798528882617,2.0,2.0,366.2990768296249
24.83385004677769,3.0,3.0,391.8430082374448
23.959415713637306,4.0,4.0,349.68443785788946
24.357312442805345,5.0,5.0,365.5365674347494
15.590754772511804,6.0,6.0,248.3968890128254
22.256375461295196,7.0,7.0,351.92250788328266
25.464224505705573,8.0,1.0,381.11442775484215
25.799281959987,9.0,2.0,398.4212362514919
19.86162429537021,10.0,3.0,337.43927045231885
31.328539204323505,11.0,4.0,476.94487674151566
20.669125758927496,12.0,5.0,325.491726501775
29.847286002633684,13.0,6.0,399.808087334036
27.135971809358423,14.0,7.0,416.0910641518257
21.768863450780984,15.0,1.0,399.05925964591233
33.87655446304756,16.0,2.0,515.8109321466256
19.0318158412176,17.0,3.0,390.9622431604542
29.595770868050007,18.0,4.0,482.7051621640934
30.002911590214893,19.0,5.0,468.75214926495175
21.646898954616777,20.0,6.0,351.96058646337417
31.962326500321645,21.0,7.0,498.877020319312
23.749767427005235,22.0,1.0,465.05685431520834
26.443468146399287,23.0,2.0,465.5937258106506
26.301609193856105,24.0,3.0,474.5824972121163
24.32845629264726,1.0,4.0,344.7117680126068
29.05404136579891,2.0,5.0,365.2345661729928
28.967443602761065,3.0,6.0,399.13915396038703
16.257340133809095,4.0,7.0,294.31583713812506
31.521701214390763,5.0,1.0,433.7607451060395
16.68754005982163,6.0,2.0,268.29411216157024
30.16273102170829,7.0,3.0,426.2952896766434
30.633525684137915,8.0,4.0,389.8475746692018
19.54516784892401,9.0,5.0,332.1897437687724
22.94592856022708,10.0,6.0,370.50477315524233
19.47147665757032,11.0,7.0,362.22749245261446
23.925394848556323,12.0,1.0,392.37405263423074
23.45982857907129,13.0,2.0,401.76799255364233
28.898302661346698,14.0,3.0,432.7572645657489
31.55154373059804,15.0,4.0,471.38689489547886
31.97841905394978,16.0,5.0,454.2804818062538
22.18915986710849,17.0,6.0,384.9958062454202
23.95389063127736,18.0,7.0,402.4327232424024
16.58280903889525,19.0,1.0,363.8120857107304
20.97064966751905,20.0,2.0,391.2345590685378
29.824258165487286,21.0,3.0,495.9094886743747
33.07791411774116,22.0,4.0,522.1115400652583
18.82825564060039,23.0,5.0,381.6525686400136
22.037678704235528,24.0,6.0,423.984033561616
24.867971215205365,1.0,7.0,333.49017099839386
26.400805794098037,2.0,1.0,386.2315387220131
20.95198240039177,3.0,2.0,316.106963321321
27.120305222320447,4.0,3.0,375.2053452407444
22.63080326464542,5.0,4.0,335.6918837447097
24.927738645608603,6.0,5.0,349.98410411926614
27.7314212400185,7.0,6.0,387.1159905288516
25.032111349054688,8.0,7.0,409.94428775201146
22.81807054736716,9.0,1.0,351.9271302597542
24.45195098037085,10.0,2.0,382.9463831261223
24.558185203973323,11.0,3.0,383.8320787743394
23.14994485058936,12.0,4.0,374.5560162610056
23.706019686664487,13.0,5.0,380.435410689077
32.99323585252358,14.0,6.0,487.51716054965584
27.804597239706197,15.0,7.0,397.842470369226
23.5225984098542,16.0,1.0,432.9694135491821
28.48477202255368,17.0,2.0,476.4993762183807
23.33090255121995,18.0,3.0,389.4515937909368
30.86562318793321,19.0,4.0,446.274686420284
26.84821096099047,20.0,5.0,433.9406666870767
24.46348927997885,21.0,6.0,426.78156357124607
27.238584629051388,22.0,7.0,512.9916842643294
17.145619239657503,23.0,1.0,394.3213316960605
19.36616265545097,24.0,2.0,371.50983357088063
19.03037496800472,1.0,3.0,272.5106395820283
25.714715473818533,2.0,4.0,354.0829060127257
33.66257499742546,3.0,5.0,441.6994210602165
36.15650073096316,4.0,6.0,437.2700301034232
28.190255507203787,5.0,7.0,383.2027505124967
27.50422237472229,6.0,1.0,387.689440995012
15.994711329236305,7.0,2.0,266.8719420403167
22.28663100132989,8.0,3.0,359.058222947278
21.061081240458805,9.0,4.0,359.08835587344447
21.89576200874442,10.0,5.0,370.77844562667656
24.15928090707605,11.0,6.0,390.080536093438
22.639547111514364,12.0,7.0,355.4480804523384
15.10350094812106,13.0,1.0,327.3260047104808
28.73955128058767,14.0,2.0,457.5766015679625
19.636284871300965,15.0,3.0,365.0416863720499
26.196234320555742,16.0,4.0,417.7284807715215
35.370413348749864,17.0,5.0,513.7666109406681
20.403077042067885,18.0,6.0,377.50850914316993
12.348562386268352,19.0,7.0,346.2831132023935
23.569978890599447,20.0,1.0,438.7246385078223
30.504798174992857,21.0,2.0,491.8242117049229
34.79173727110297,22.0,3.0,532.2695838116408
18.852252027737915,23.0,4.0,381.6871880242551
27.483496116182607,24.0,5.0,523.3808301128074
22.673447716099734,1.0,6.0,305.7493442420781
24.47025822847932,2.0,7.0,351.83999297699893
38.22171673508517,3.0,1.0,486.6986024414246
17.485148358024233,4.0,2.0,294.0751744058349
26.268698307472867,5.0,3.0,394.5218885549031
27.338465858827167,6.0,4.0,379.9466015920732
30.428931624696737,7.0,5.0,411.467083163912
25.48991576735448,8.0,6.0,410.0765515626514
26.54025269752051,9.0,7.0,409.094384873121
23.041757162891045,10.0,1.0,393.23101800272497
26.345634706225532,11.0,2.0,428.20187292471365
23.28403862251295,12.0,3.0,393.0318959913508
28.10785944928025,13.0,4.0,474.4341107563039
23.15194831978183,14.0,5.0,387.3976492353614
26.885501969510933,15.0,6.0,437.4002670391277
24.853685931575107,16.0,7.0,378.5186007438708
30.63025125386084,17.0,1.0,471.8032988067836
24.74303138205757,18.0,2.0,407.41393382387486
16.134837658965594,19.0,3.0,372.8296482599789
31.30960750356996,20.0,4.0,450.0452719952846
20.471338495686904,21.0,5.0,386.6671845018146
21.7311683067559,22.0,6.0,349.4375510143465
22.02169352978254,23.0,7.0,397.5911773881876
31.87219046585409,24.0,1.0,525.9029256639035
14.321628930106522,1.0,2.0,269.9137111769461
40.688742668299966,2.0,3.0,515.8199854674288
30.28028404533026,3.0,4.0,389.1400099867232
26.1161945706458,4.0,5.0,387.4812201010945
24.725529996918567,5.0,6.0,354.6119450597808
26.427770374288286,6.0,7.0,374.0290409170279
27.60561214189669,7.0,1.0,384.0026912635271
28.22607792975029,8.0,2.0,396.46050501944006
27.778022330017244,9.0,3.0,397.27827730126194
25.447903406276243,10.0,4.0,393.40825952584623
24.01330789846337,11.0,5.0,381.6907935242472
24.243633581732443,12.0,6.0,415.31818908780537
24.0254585982366,13.0,7.0,391.95568934112265
30.668850484335323,14.0,1.0,419.5371909699111
27.967783611404307,15.0,2.0,453.9306758714769
10.298056826678598,16.0,3.0,244.98024114343536
28.279503882648804,17.0,4.0,436.4756203342573
25.97368097359388,18.0,5.0,418.4934203014122
24.90645621777051,19.0,6.0,412.7977957074591
23.05740773455557,20.0,7.0,382.0710895047496
30.620563599930065,21.0,1.0,512.2752760683463
29.737632310614288,22.0,2.0,473.16027740432366
21.13561166088196,23.0,3.0,424.4894687538165
27.03526143562268,24.0,4.0,523.0920358974594
20.14171632729357,1.0,5.0,264.82998209425443
18.101909176055347,2.0,6.0,267.32888567376904
21.86641387705017,3.0,7.0,262.1949915202523
29.311967361913798,4.0,1.0,404.1009677597353
29.765625226880434,5.0,2.0,429.5105953214341
27.565427100486467,6.0,3.0,411.06705563201
28.625478934239982,7.0,4.0,410.8020639480818
27.58089143557479,8.0,5.0,418.5941828509274
21.79259202388524,9.0,6.0,395.8470109577082
27.159612723369705,10.0,7.0,434.8422209824491
29.002047626138413,11.0,1.0,431.5700576731914
28.771456649067872,12.0,2.0,412.692486761344
30.94456685737321,13.0,3.0,457.32264024225606
28.54151923600532,14.0,4.0,424.4755370477062
26.757241037707917,15.0,5.0,436.5993613343717
30.350751191582138,16.0,6.0,441.8836411272314
24.8673937037547,17.0,7.0,411.2174883857402
20.59062674386141,18.0,1.0,409.66654852934033
24.18466518028118,19.0,2.0,428.8327343464682
21.27548677596776,20.0,3.0,384.8285913047216
21.62410862512809,21.0,4.0,432.7373674029947
24.27740664642241,22.0,5.0,400.1944475691476
21.037900395000197,23.0,6.0,400.8231028324527
23.4601923518048,24.0,7.0,432.7687230504213
15.531926665231072,1.0,1.0,257.6374398203033
26.066468536864694,2.0,2.0,368.27460649020855
25.00602737681112,3.0,3.0,368.269070164301
20.91455684465905,4.0,4.0,316.4374196656834
28.296228342162024,5.0,5.0,385.6011177787466
29.68785068813279,6.0,6.0,400.726719988134
16.962200678155128,7.0,7.0,271.39169074078416
21.18637610716893,8.0,1.0,364.6146275582266
21.15428825106351,9.0,2.0,337.6123129211048
20.30048449445568,10.0,3.0,360.9402671247217
29.147374209658743,11.0,4.0,434.8537237417849
24.030869306135983,12.0,5.0,374.8835969242372
23.677425793446947,13.0,6.0,396.1424022493521
14.980688177966233,14.0,7.0,284.25780328519994
28.17709015104613,15.0,1.0,466.5345823250256
18.80370802573264,16.0,2.0,366.2916026811621
25.299663151331643,17.0,3.0,417.070137731478
26.38688468979096,18.0,4.0,452.4415432046008
31.80329297919325,19.0,5.0,508.96472430570526
18.45589800440444,20.0,6.0,389.7093721602436
9.902439220895872,21.0,7.0,302.34733245714466
25.919247723768475,22.0,1.0,476.0179576522104
34.00255590755427,23.0,2.0,526.4737400513674
31.19473176469719,24.0,3.0,571.919057410453
26.048297076373128,1.0,4.0,325.41064654229507
22.541819071839765,2.0,5.0,339.40345420404384
29.035612983186557,3.0,6.0,395.9818061695915
20.132269001477656,4.0,7.0,276.83984256515424
27.38178884678109,5.0,1.0,393.331869690241
27.527350795833133,6.0,2.0,397.6984502334385
30.3010495374944,7.0,3.0,455.1221496911545
38.79830019455539,8.0,4.0,501.7167839399497
26.962079835893835,9.0,5.0,394.38189823045127
22.455181871462507,10.0,6.0,309.83042661419984
24.87212843904003,11.0,7.0,417.4165402528718
16.15462047555441,12.0,1.0,297.13683989514266
21.52643434455471,13.0,2.0,380.8025607303306
22.95358780943448,14.0,3.0,388.5077214999075
22.37955801032704,15.0,4.0,384.8355607676036
25.76177436016861,16.0,5.0,438.8149832991036
20.887900338089,17.0,6.0,409.30425258696266
30.60515333662236,18.0,7.0,480.0814067650634
25.001035324590987,19.0,1.0,455.1119135985204
24.953498394306926,20.0,2.0,450.1128146776101
23.36052641743541,21.0,3.0,449.9558926529666
25.775953419294897,22.0,4.0,446.5012066032224
29.12549132333817,23.0,5.0,512.76272432171
20.664348921445495,24.0,6.0,430.85348652740265
21.70941755462372,1.0,7.0,322.74491571989535
23.481369856116675,2.0,1.0,328.6107412144372
18.270645382633926,3.0,2.0,288.33970114159547
20.903710701392512,4.0,3.0,324.82644678953386
22.618895632276704,5.0,4.0,311.7721154261869
29.37194590356364,6.0,5.0,440.6178631973567
26.312806645009623,7.0,6.0,379.8825357800527
25.967949556837723,8.0,7.0,384.3580533204717
29.25448981083986,9.0,1.0,423.0048093138546
24.313141058003016,10.0,2.0,360.5938593926897
26.952324249644448,11.0,3.0,403.4426447869491
24.48389123533752,12.0,4.0,397.222996106047
26.326811746998143,13.0,5.0,426.73669372505526
22.08620671194209,14.0,6.0,376.0978979314753
12.805914208617857,15.0,7.0,288.99362241101755
24.32860418906848,16.0,1.0,413.5455143970572
32.1137406804997,17.0,2.0,510.0623781299056
29.631077011207964,18.0,3.0,506.9674274397978
29.82698742295585,19.0,4.0,495.3656630783383
31.18065360903109,20.0,5.0,512.9973738553697
25.443287954807182,21.0,6.0,447.3132075342045
25.986578537027977,22.0,7.0,418.8026839782877
21.91174052282825,23.0,1.0,410.2240746156576
23.41963571986475,24.0,2.0,457.29387321192434
28.07885574885571,1.0,3.0,376.5697764493554
31.01942218584408,2.0,4.0,416.9910795878974
24.302768621595003,3.0,5.0,376.55615457283153
22.749053675742942,4.0,6.0,344.0112567420161
25.002639794282988,5.0,7.0,379.2041220576863
28.00603374464557,6.0,1.0,408.9539652358703
17.78072591933229,7.0,2.0,290.66294564363415
13.51909523431381,8.0,3.0,265.0336291588512
22.24731575254208,9.0,4.0,339.378121251038
18.896437870429207,10.0,5.0,355.13027783974104
22.459299011763445,11.0,6.0,377.4008116483439
24.26109840591264,12.0,7.0,392.021233991692
22.733757954884933,13.0,1.0,414.0564435934114
32.26233767235372,14.0,2.0,446.2222484330728
26.6337238230116,15.0,3.0,444.0999972569692
26.502371798054146,16.0,4.0,406.81080229445394
28.11103572021701,17.0,5.0,450.9652432328569
19.305834411096157,18.0,6.0,358.82419226161727
30.195558937101342,19.0,7.0,489.1903216129524
24.6211785673227,20.0,1.0,447.77553145244616
28.352403086206063,21.0,2.0,509.4263743342964
19.64071383479922,22.0,3.0,385.3691951293399
17.23120616991968,23.0,4.0,389.4943494918625
29.089448290125144,24.0,5.0,499.13894723922806
26.882047630487584,1.0,6.0,323.1146709034448
20.48974222821245,2.0,7.0,275.5250931116638
20.651684593626527,3.0,1.0,315.5192852658219
30.627173922073847,4.0,2.0,442.51758821857305
19.05294053566336,5.0,3.0,315.8038665077759
33.21336476627982,6.0,4.0,426.7836311851839
20.496896326760652,7.0,5.0,322.16263870666336
28.191959628041914,8.0,6.0,444.2757252562797
23.356907621255075,9.0,7.0,359.7935429093679
28.01593715541172,10.0,1.0,420.6128600526693
22.27942998942904,11.0,2.0,381.6290927094148
24.18603546963853,12.0,3.0,408.1282162880247
25.204595876978605,13.0,4.0,395.9225918201848
19.98906272109264,14.0,5.0,364.9421226983551
28.704121727100627,15.0,6.0,437.4634273375901
22.433932167642077,16.0,7.0,397.7258737130095
23.857000423299908,17.0,1.0,423.96386739242473
20.02825312695744,18.0,2.0,393.92188781063226
12.188331706023448,19.0,3.0,292.69964613688444
24.04486118699916,20.0,4.0,412.0228841885344
37.063077108064576,21.0,5.0,579.5407171738336
28.92302143949012,22.0,6.0,479.64228676719137
24.903698101328025,23.0,7.0,448.7376758552674
23.68554585395866,24.0,1.0,447.7275499978562
25.11232946406023,1.0,2.0,368.0978301208752
27.73559557587605,2.0,3.0,366.19975615816736
19.095935923455777,3.0,4.0,291.24733443654014
30.57160847334436,4.0,5.0,426.4359409875062
28.57690657720622,5.0,6.0,416.2284197553476
28.59092862853967,6.0,7.0,384.43410046486304
27.192378694048635,7.0,1.0,443.117466579604
25.09808328846995,8.0,2.0,391.2456667585718
28.3643061798341,9.0,3.0,398.7844965621662
27.95907066870689,10.0,4.0,424.97174765886825
23.22979644529488,11.0,5.0,364.6379801632796
22.13199113551549,12.0,6.0,372.0012810988185
25.509281476309933,13.0,7.0,398.23568980989256
32.74510075747594,14.0,1.0,495.9364813785623
18.804464621730496,15.0,2.0,338.81277868558203
17.662373671237802,16.0,3.0,367.4249613267052
25.823804206182583,17.0,4.0,408.1154947188052
25.25443850928009,18.0,5.0,405.369087184701
25.86670832185204,19.0,6.0,443.01429020147015
26.219765989542505,20.0,7.0,473.2545448389844
23.883988726825976,21.0,1.0,433.7880253269716
32.44931719301041,22.0,2.0,542.5126183841835
16.99548010761742,23.0,3.0,397.42160461344514
20.85751487609877,24.0,4.0,432.8688375068691
24.483726199254765,1.0,5.0,328.613096209074
16.784055944229163,2.0,6.0,238.01962509841013
24.120727977839643,3.0,7.0,291.0563284649693
33.30735082864009,4.0,1.0,444.816698297153
25.10443244147981,5.0,2.0,393.6060717860416
26.153504528593416,6.0,3.0,360.0517255906955
18.6991761741371,7.0,4.0,323.99595869174635
21.918192959802614,8.0,5.0,325.1788789969887
23.124018098380315,9.0,6.0,360.36163251154
23.41142451621883,10.0,7.0,377.2700774452887
31.408218975018844,11.0,1.0,452.8922810134199
27.78845530362562,12.0,2.0,435.29424665019445
19.44271021531484,13.0,3.0,342.1252754186418
26.232523892160025,14.0,4.0,434.4282121003638
27.491108742483924,15.0,5.0,439.617430794532
30.70074519260633,16.0,6.0,470.1376054146487
32.90270343284187,17.0,7.0,524.1940335312582
19.92452904086065,18.0,1.0,399.4914132559726
20.94571244394831,19.0,2.0,384.6500871169573
18.71211070542692,20.0,3.0,376.403829038314
23.829900704465093,21.0,4.0,429.7810313430577
27.331791872231676,22.0,5.0,469.92431017482096
29.93667258294551,23.0,6.0,546.8569113616051
24.620244881787382,24.0,7.0,452.6194866720938
23.40076238372578,1.0,1.0,295.2895724351623
25.758789961243703,2.0,2.0,350.7319201780977
20.824285491849885,3.0,3.0,275.5954131685827
35.44769360847387,4.0,4.0,455.88097094382186
16.961694864409708,5.0,5.0,239.8707440495685
25.923702894478623,6.0,6.0,353.8052195234177
35.1180310961482,7.0,7.0,434.7658803687996
25.033999222799988,8.0,1.0,395.02319578734944
24.049804824992528,9.0,2.0,379.5088355025029
23.212772885947864,10.0,3.0,379.1869750094533
24.09804159118796,11.0,4.0,381.8893881405091
31.86424237338265,12.0,5.0,435.7564687297381
13.940690443352466,13.0,6.0,296.6773318186194
32.66716850648163,14.0,7.0,514.1161762702054
17.880214237749275,15.0,1.0,358.9863939496237
23.666738353827927,16.0,2.0,402.148891551928
22.85377789850669,17.0,3.0,375.976435462958
27.9427663488536,18.0,4.0,439.2663240733367
17.009378240581263,19.0,5.0,359.15457553725383
27.310863330409717,20.0,6.0,476.5709938400846
35.12154811643426,21.0,7.0,540.4328046587822
18.184129977035948,22.0,1.0,404.8390455644792
25.94853083805198,23.0,2.0,482.6388732610647
21.69008911101696,24.0,3.0,438.031578937888
27.12943603096518,1.0,4.0,351.12488840442666
25.09573888707876,2.0,5.0,349.43585911029066
21.79256545477845,3.0,6.0,297.9580984701417
27.43936142435537,4.0,7.0,373.7421933027157
34.021740548933714,5.0,1.0,468.8346761106754
24.045481041363505,6.0,2.0,398.0304865613722
28.59878971074091,7.0,3.0,385.79325762005647
18.53363521064418,8.0,4.0,322.96650472626794
20.21781811590996,9.0,5.0,361.8029129915715
27.362031389401885,10.0,6.0,420.7972692107948
32.420580142679825,11.0,7.0,474.8647102832991
26.7780667439283,12.0,1.0,436.5345654766392
23.434709847384227,13.0,2.0,419.3137882693506
24.99645702711677,14.0,3.0,389.2150069089204
18.74796133015141,15.0,4.0,322.7610799821092
28.022576631776836,16.0,5.0,445.0990835084632
29.41166531161705,17.0,6.0,417.8934110447363
22.7395483358346,18.0,7.0,421.0083994419062
22.649789261202493,19.0,1.0,442.91219652193377
26.329391148260243,20.0,2.0,448.6269003809119
22.816401319797023,21.0,3.0,416.74860126476005
24.669336926870887,22.0,4.0,443.24641976569546
35.49860894583258,23.0,5.0,556.0265024671181
23.76487149627002,24.0,6.0,442.1921933465859
23.20829923989389,1.0,7.0,327.24763453650496
21.762290971824203,2.0,1.0,321.1703826580724
28.72095985749968,3.0,2.0,415.0734646445527
24.09387913390949,4.0,3.0,360.8577468816009
21.753134808392872,5.0,4.0,318.39207916647604
31.60652016136506,6.0,5.0,457.76745496973257
32.098015022568184,7.0,6.0,410.8150105032321
21.997882171306475,8.0,7.0,337.13550549663523
15.66730024319692,9.0,1.0,318.01135045347854
30.03756844918461,10.0,2.0,429.9142223936032
21.57685087119998,11.0,3.0,367.9596216473428
28.953127995813844,12.0,4.0,448.3980718981194
15.149480911440822,13.0,5.0,284.2843317547834
29.462986691496543,14.0,6.0,445.1803125230848
18.944140353596094,15.0,7.0,340.3113269317768
28.653820595332625,16.0,1.0,452.5034489166803
25.07136533918217,17.0,2.0,475.7471504328372
20.230302903016774,18.0,3.0,368.0409019612582
22.964818435366094,19.0,4.0,432.7467902350187
28.431592284783505,20.0,5.0,461.4599025102122
25.52947226557617,21.0,6.0,420.561998878056
27.922064902362425,22.0,7.0,470.2769338867256
34.88220292257743,23.0,1.0,573.8038969135242
17.178791941444743,24.0,2.0,404.198110915761
33.08606287484312,1.0,3.0,458.10593096153264
25.521779687616064,2.0,4.0,412.1227226748626
20.50607975838436,3.0,5.0,310.0710816589556
18.348431871305053,4.0,6.0,272.2224752365428
24.054398046114837,5.0,7.0,353.6014669970462
29.6082505596223,6.0,1.0,417.75824658809313
24.362254398112327,7.0,2.0,391.1418665781679
32.55577465123674,8.0,3.0,430.61446058505294
17.744121549742204,9.0,4.0,357.80790634543075
24.93955526076973,10.0,5.0,401.51651450320753
18.738032777934404,11.0,6.0,290.7002474234208
26.81815941312484,12.0,7.0,393.00101608494896
29.4344369504865,13.0,1.0,472.6659903871437
22.89619103159473,14.0,2.0,416.4887914393764
11.97893071686433,15.0,3.0,260.34455462400405
25.99474073398247,16.0,4.0,442.2079243484837
27.183692758667547,17.0,5.0,402.890130133437
27.021473774808488,18.0,6.0,440.428020438664
31.17891095911077,19.0,7.0,508.03004643317183
19.64473160175476,20.0,1.0,382.417001415488
28.401080527252248,21.0,2.0,452.8723592897622
30.96253756238988,22.0,3.0,513.5496715514499
16.107062079967417,23.0,4.0,351.97624346696466
26.598259129594886,24.0,5.0,483.5737586172656
22.479100844961643,1.0,6.0,294.0844798052552
24.59238663449177,2.0,7.0,319.4711285518557
26.73838241769168,3.0,1.0,338.963777759392
22.56385717943224,4.0,2.0,343.03746601535204
21.62145960419194,5.0,3.0,328.99649727638746
25.170762087440124,6.0,4.0,345.9399274595998
19.563770305685985,7.0,5.0,319.51367733220167
19.570874355574077,8.0,6.0,338.2501495686235
28.396866414782515,9.0,7.0,403.6573052794462
19.25602982420672,10.0,1.0,344.9236372385067
28.33156250454606,11.0,2.0,437.7818500371639
27.31295646426976,12.0,3.0,400.0429680991184
16.370966356047017,13.0,4.0,357.8413799746221
21.612176738321725,14.0,5.0,361.7047707807716
30.97054701523686,15.0,6.0,479.8277941895741
20.09417234430159,16.0,7.0,375.3260289875969
22.677978688453063,17.0,1.0,405.9878843422156
27.31030446625948,18.0,2.0,469.2389451637875
28.91695254641298,19.0,3.0,480.0859099004576
23.74230556977752,20.0,4.0,397.0702605532271
22.01244902654179,21.0,5.0,403.4790362404161
32.11184930849254,22.0,6.0,500.86747503784414
33.6944983189879,23.0,7.0,521.7100823629564
29.894290253908977,24.0,1.0,489.86283898235706
25.42659071282512,1.0,2.0,375.7945814631718
20.95867139179537,2.0,3.0,342.62656701022195
20.847777967217173,3.0,4.0,331.03783919213987
27.61257052632879,4.0,5.0,406.5362897462308
27.09199110444342,5.0,6.0,371.0272143042711
32.007992964732146,6.0,7.0,416.3547929476008
28.252250462680696,7.0,1.0,398.9507636905727
17.48459849120091,8.0,2.0,321.72728337115353
30.259738088614597,9.0,3.0,443.1386419490289
20.009696863427934,10.0,4.0,336.5525344023108
23.08014364023824,11.0,5.0,396.70440728628927
26.251001031258472,12.0,6.0,412.6088373888916
34.978337448919824,13.0,7.0,477.0102217387865
40.549592780026806,14.0,1.0,558.8777512175542
28.033615295680917,15.0,2.0,462.9760189418921
24.084016906398062,16.0,3.0,432.6748261170725
27.672528242402752,17.0,4.0,460.7588870691469
29.43827712936918,18.0,5.0,507.3205462511334
23.396661872214043,19.0,6.0,443.6667620367688
33.97605677956161,20.0,7.0,527.5812844926313
26.15035379595701,21.0,1.0,446.73192476994006
27.48871544545697,22.0,2.0,452.6874042199344
28.329621260272308,23.0,3.0,481.5485777024288
27.10793305307228,24.0,4.0,494.143599459046
29.19470250234806,1.0,5.0,418.4799666097193
21.913734067265384,2.0,6.0,319.48628136086984
22.208491230269846,3.0,7.0,339.4593681873232
19.49922883514153,4.0,1.0,307.0861386276592
27.19750615310113,5.0,2.0,403.4304440355623
28.89468251756057,6.0,3.0,426.4139617651492
27.28886433075943,7.0,4.0,356.2967577905437
33.37246216673769,8.0,5.0,450.45584561984674
24.97201990585477,9.0,6.0,395.714206744105
28.343708277962563,10.0,7.0,417.9264494923569
19.54149561930343,11.0,1.0,323.4846552300156
23.064501487628,12.0,2.0,336.04256736173284
28.47768878782889,13.0,3.0,433.4612729722488
29.24551055371572,14.0,4.0,449.0233916792796
23.530165261679088,15.0,5.0,377.623193620224
24.642003740709665,16.0,6.0,411.28173614765655
17.410631266595953,17.0,7.0,348.23404761061744
23.214853995966955,18.0,1.0,432.56228337419424
29.45191581759893,19.0,2.0,436.4007796773429
27.87602508053283,20.0,3.0,443.4745488491659
27.50332860690605,21.0,4.0,461.9408331019658
25.2488684359048,22.0,5.0,458.9321469797972
25.03531579314088,23.0,6.0,457.1378382024095
21.698394302632764,24.0,7.0,425.4213419838612
28.494142101012677,1.0,1.0,379.2730621707481
27.10486472194695,2.0,2.0,368.4959784732703
27.460094239964,3.0,3.0,366.0343570312052
22.369825786662098,4.0,4.0,347.0621404287379
14.233285400643778,5.0,5.0,233.9230782516462
30.48576355876848,6.0,6.0,433.8583634914762
22.605812719957974,7.0,7.0,344.21519196233265
20.6861211797844,8.0,1.0,342.9603222287409
28.467394559569968,9.0,2.0,410.5397376001704
23.03993680040435,10.0,3.0,344.28853078076094
30.29968192023311,11.0,4.0,433.0437640747702
28.08502974788349,12.0,5.0,419.2501601063372
28.417846616002382,13.0,6.0,383.7979799283988
18.170221443997328,14.0,7.0,326.75511133328
31.059719926932004,15.0,1.0,501.0843466298402
26.30625265616928,16.0,2.0,448.4068846703703
23.153614303768983,17.0,3.0,397.6120255228597
25.716942336711256,18.0,4.0,436.1081493354171
16.1188238355084,19.0,5.0,330.064946966644
27.04326405740336,20.0,6.0,455.4078552407474
19.853142459089643,21.0,7.0,413.3335810657771
18.23664857078233,22.0,1.0,408.7364617603208
17.388204068910547,23.0,2.0,393.2979268029605
30.563441874949625,24.0,3.0,506.7767205018219
21.853683031536058,1.0,4.0,326.53559817425736
32.6686385495825,2.0,5.0,387.9488464683639
22.32099268473851,3.0,6.0,315.16285720756724
16.463210212035264,4.0,7.0,275.3063305168317
19.417377800256705,5.0,1.0,330.98220228352204
31.17905810003469,6.0,2.0,449.1882708046618
24.220509110316662,7.0,3.0,374.1017048873605
22.258563517547,8.0,4.0,346.6711355937923
25.80009112926394,9.0,5.0,398.76043068916914
27.508913680837725,10.0,6.0,388.03191599665126
30.586994079512305,11.0,7.0,422.97639552925807
32.24249614946463,12.0,1.0,480.65965502385217
23.20115677105457,13.0,2.0,394.4755205647206
18.36976156958981,14.0,3.0,308.1853121246052
22.93267419438362,15.0,4.0,401.4296695628265
26.30140253291443,16.0,5.0,443.46859288753217
20.181205368946944,17.0,6.0,367.26634894014353
20.214245425524787,18.0,7.0,418.63177992092767
26.718939407749428,19.0,1.0,445.5306919511905
24.756738242147744,20.0,2.0,434.34563915374
25.16398497705793,21.0,3.0,439.7385116480351
21.20752332649965,22.0,4.0,408.55148103917617
23.847996428971165,23.0,5.0,431.9054680303858
20.37883427865848,24.0,6.0,377.6521318944873
29.45099205562393,1.0,7.0,367.5789546315099
30.176246673618763,2.0,1.0,406.8100528207061
15.769060688809532,3.0,2.0,291.2620485293353
20.35244569903795,4.0,3.0,358.56932245783776
17.517353724549604,5.0,4.0,314.8830152025091
21.74988032796551,6.0,5.0,316.991222686203
24.5828101510482,7.0,6.0,348.91190929795863
17.75177390150735,8.0,7.0,293.3311674648865
20.390700934373434,9.0,1.0,381.5981871208061
19.980213139592507,10.0,2.0,340.4936503522872
26.03633664699472,11.0,3.0,379.8132166591986
25.34672168518125,12.0,4.0,391.4436741127518
21.391312233313734,13.0,5.0,379.0542423695256
25.88410436069699,14.0,6.0,424.6398491448916
22.266599577063676,15.0,7.0,372.6616624408037
23.64172444836973,16.0,1.0,427.085537954898
33.36726045149268,17.0,2.0,467.2091604639903
31.70230525895174,18.0,3.0,500.09963729017136
18.502093815362013,19.0,4.0,385.2346465809927
29.148662089395877,20.0,5.0,459.8293553908681
29.05698277245796,21.0,6.0,460.84305699465386
19.25868355623691,22.0,7.0,344.2578725070996
29.093888218774303,23.0,1.0,534.736794083957
32.68965959206277,24.0,2.0,526.4935163801963
19.38727596877793,1.0,3.0,294.6936252450216
20.41248589492868,2.0,4.0,314.2031997789543
30.08830733421751,3.0,5.0,431.1244323250042
26.35747655412824,4.0,6.0,362.4968100615697
27.757381376197618,5.0,7.0,370.7852178864078
26.702946082002484,6.0,1.0,397.4908137914359
26.95347960464072,7.0,2.0,424.21640157725295
18.367639358444585,8.0,3.0,311.2729429564302
30.23658853310724,9.0,4.0,416.2685036993909
30.84794996213887,10.0,5.0,412.6643434550815
23.85304627965986,11.0,6.0,351.1045151044941
24.78261525093069,12.0,7.0,404.1139824574402
17.34446248722139,13.0,1.0,329.03213534607767
27.57127378008917,14.0,2.0,427.5623196024776
27.86028720857072,15.0,3.0,430.2835276220283
24.689044915003446,16.0,4.0,416.5913663540381
30.621766799352518,17.0,5.0,471.42856611821344
23.329613845100297,18.0,6.0,399.833495576618
27.823029629468003,19.0,7.0,479.2167748508948
19.901678306539424,20.0,1.0,426.7771087026269
24.88223924562881,21.0,2.0,415.62195899810814
24.12822871048582,22.0,3.0,448.8341417277173
26.12653961020471,23.0,4.0,448.7281541296192
23.152365355833208,24.0,5.0,431.5586312811102
24.34263702164166,1.0,6.0,336.6119379189505
29.13023585720753,2.0,7.0,376.0479602334569
22.81617881380891,3.0,1.0,344.7709857506418
16.967114496306603,4.0,2.0,297.13054908370435
33.7479195210271,5.0,3.0,459.3707312210774
31.907270393452432,6.0,4.0,424.13597785117184
18.538686524471903,7.0,5.0,292.8028731053126
28.448539026225973,8.0,6.0,377.691284329899
22.485126147243285,9.0,7.0,331.77285552201846
26.317436076655294,10.0,1.0,449.41572800452354
26.47112064506747,11.0,2.0,397.8711349687698
23.82796099841839,12.0,3.0,365.4120337353076
21.081171672068017,13.0,4.0,370.2102739575756
21.547294738418703,14.0,5.0,368.2656521983498
20.41904042259379,15.0,6.0,357.27853948895336
20.840888958847778,16.0,7.0,395.5898089167196
24.664108549753223,17.0,1.0,439.6236190086995
21.42120005444624,18.0,2.0,387.6121419103929
28.410260328563098,19.0,3.0,461.61308493379534
32.43623077667964,20.0,4.0,502.3105774886826
22.099733793149785,21.0,5.0,428.492130363103
26.197022502676884,22.0,6.0,447.8072724377061
27.498425551514668,23.0,7.0,433.1211854660637
27.360011354596374,24.0,1.0,489.6337199712768
25.37977633958044,1.0,2.0,322.0572433732458
28.713412091798613,2.0,3.0,431.8187329530842
27.411244763403285,3.0,4.0,357.79908935708823
18.81168788836351,4.0,5.0,289.87958357648046
29.345780321946364,5.0,6.0,405.6218579134864
29.436454186333712,6.0,7.0,397.5913786497525
21.18356947910709,7.0,1.0,338.0350867617471
25.18968917723801,8.0,2.0,394.3334374955976
28.416644964055347,9.0,3.0,450.6907688164791
23.953430902103197,10.0,4.0,392.8844906573779
30.364890238830057,11.0,5.0,473.21917995977145
36.8193624730968,12.0,6.0,489.2612425690981
21.070069836825088,13.0,7.0,361.0479510333581
18.094776984231125,14.0,1.0,351.0526908834768
26.51909297802438,15.0,2.0,441.2127556137785
28.60781252563072,16.0,3.0,484.6027646690186
23.845668130776158,17.0,4.0,407.0408983119205
32.266303316605175,18.0,5.0,489.55296583496994
18.30697100138376,19.0,6.0,370.7493259622109
28.464593115158056,20.0,7.0,428.0818766002636
21.97069589620553,21.0,1.0,416.9699179796118
33.59688953103648,22.0,2.0,537.2849415246558
34.962576765840595,23.0,3.0,537.2185953322675
21.16671706108326,24.0,4.0,440.80835083796416
22.2522143204571,1.0,5.0,291.2773368577053
29.29793943489901,2.0,6.0,382.2619333817142
23.064346751052422,3.0,7.0,330.50661201698364
24.77294391033881,4.0,1.0,391.7984703329105
25.12694210271205,5.0,2.0,370.0582923295034
15.40163421901172,6.0,3.0,293.7394140726814
24.930811269528814,7.0,4.0,386.3200206408307
21.55136112967913,8.0,5.0,342.98276242017414
22.53438588800114,9.0,6.0,330.5535907145423
32.21816001734407,10.0,7.0,422.4899829553537
18.71746552860372,11.0,1.0,341.30476331442094
29.066025933739887,12.0,2.0,433.8063218593466
23.60518534834096,13.0,3.0,410.4370753170354
23.601199157520828,14.0,4.0,408.92912193717984
28.951859480258555,15.0,5.0,445.8263749138445
26.70025647284445,16.0,6.0,405.8483062496191
27.853064986097657,17.0,7.0,452.745360853122
29.840923302664304,18.0,1.0,465.05024410394
23.343458084083387,19.0,2.0,407.2653023822165
21.938816327461247,20.0,3.0,390.79984851030935
19.574247367211008,21.0,4.0,385.972453233311
20.872947350105225,22.0,5.0,427.1333201824634
39.745472126543625,23.0,6.0,594.3539038609657
31.22339790368393,24.0,7.0,502.3696051882854
18.24462816895989,1.0,1.0,253.933983088694
18.38771021628215,2.0,2.0,298.9195938574184
27.40933030859246,3.0,3.0,364.4852109673521
27.73632398688984,4.0,4.0,387.71359225206027
27.744419176586824,5.0,5.0,380.3598194475354
23.72522103223151,6.0,6.0,366.0157547143039
24.372728699985498,7.0,7.0,354.582559159284
26.639397620796785,8.0,1.0,402.2154491175068
25.42946503146665,9.0,2.0,403.0095932637757
13.903498136262323,10.0,3.0,322.173785007887
23.85100184712403,11.0,4.0,399.2789570784114
20.742967828698436,12.0,5.0,350.6575561600121
25.87605709454256,13.0,6.0,405.82453075773134
39.926295013017054,14.0,7.0,537.7657609236819
26.83740832737152,15.0,1.0,421.3741692033213
23.43235156913801,16.0,2.0,397.2684999500536
29.60900750988626,17.0,3.0,456.64709582462376
27.413439436046065,18.0,4.0,465.2017620363784
27.100472452259208,19.0,5.0,429.5808273652124
28.034252966078355,20.0,6.0,489.00674088838446
35.28271782414771,21.0,7.0,551.8681059138537
19.34555782337042,22.0,1.0,400.8656128210576
27.368160384057276,23.0,2.0,482.6879760698741
20.368094350092303,24.0,3.0,403.535317308632
27.77756323171124,1.0,4.0,376.1773205440677
20.40656744256953,2.0,5.0,320.82752368986706
22.91316593197458,3.0,6.0,312.0685300746295
23.524550428810468,4.0,7.0,303.5776625097301
29.879083596723547,5.0,1.0,434.8552010643704
29.59227221971207,6.0,2.0,426.4100416819967
18.77141311776808,7.0,3.0,291.3101551488572
25.274670554999243,8.0,4.0,366.0788781317101
21.452100726254137,9.0,5.0,327.3389217815386
18.707475446623327,10.0,6.0,304.58410908554833
23.914914747878147,11.0,7.0,366.6754923979577
23.457586057720903,12.0,1.0,386.2449144915941
37.13358243172761,13.0,2.0,517.3199512159069
27.16479912680348,14.0,3.0,417.4847148780362
18.11191249622881,15.0,4.0,339.5434380839005
22.176129979145287,16.0,5.0,390.11513048864407
30.106916477146992,17.0,6.0,461.743234044173
35.442213864349625,18.0,7.0,546.5954791103223
17.070083438810208,19.0,1.0,372.8625886765178
15.600378074304777,20.0,2.0,318.18686360587384
34.35482587685891,21.0,3.0,550.0228140768662
26.94807088685452,22.0,4.0,479.5915885202568
20.65853634061817,23.0,5.0,397.8906640436979
27.673145430612177,24.0,6.0,448.8275025600586
11.82126130491561,1.0,7.0,202.37394823737884
25.01687753298581,2.0,1.0,357.01460230021314
26.639105864215427,3.0,2.0,352.9581339114904
29.62135069768915,4.0,3.0,378.1891226516928
19.930520238537312,5.0,4.0,310.55413145630433
25.4284358070168,6.0,5.0,364.6228142291515
20.37287686970206,7.0,6.0,312.38346139057273
26.276918778371584,8.0,7.0,380.1009730887846
20.52326838818488,9.0,1.0,325.1771564054424
22.959495804198895,10.0,2.0,364.89854578466674
20.02092302604885,11.0,3.0,356.8757308727755
28.255681209118286,12.0,4.0,423.55741048415706
29.29225558328333,13.0,5.0,409.48310639698224
23.826897150212933,14.0,6.0,380.81512594765786
25.191189974800142,15.0,7.0,384.5087304778642
17.75704292683228,16.0,1.0,359.91315519755744
23.501616759966065,17.0,2.0,420.3929156672692
24.748976914791275,18.0,3.0,395.3142766461921
38.10396545514988,19.0,4.0,579.2199139631425
19.440164871129184,20.0,5.0,357.1579226857207
32.320886193762185,21.0,6.0,541.3925077472688
29.98429386732904,22.0,7.0,487.86741338327806
26.40318202245068,23.0,1.0,451.1039502537236
33.79310242097567,24.0,2.0,529.0913027959031
26.860527363034315,1.0,3.0,371.56717946609007
26.945795978339643,2.0,4.0,359.63196198542886
24.734396734912277,3.0,5.0,345.41088915675994
31.117844412093135,4.0,6.0,445.43404877487217
30.482346169054416,5.0,7.0,394.83858040596266
21.871613562518935,6.0,1.0,346.9153927791035
18.40376402700616,7.0,2.0,341.43453001752266
23.98509681302172,8.0,3.0,376.26123763954513
20.999807178011768,9.0,4.0,310.8660170729576
24.682377126923225,10.0,5.0,391.93155150387497
31.18719067342069,11.0,6.0,425.61184957853806
22.71349172456605,12.0,7.0,394.27106782031984
24.785883093442127,13.0,1.0,393.40147883446167
25.290113674041976,14.0,2.0,476.291326895333
29.242154411026423,15.0,3.0,487.76906387681777
13.765553330076974,16.0,4.0,289.7232819082102
21.96649852617352,17.0,5.0,390.0652613617674
26.056418461397364,18.0,6.0,447.6370702466429
31.000394782134308,19.0,7.0,499.6771573058773
22.54048776246897,20.0,1.0,431.2516028242137
15.61723646979063,21.0,2.0,380.2155454372285
28.09855722983068,22.0,3.0,479.5261933656194
21.823188055871853,23.0,4.0,413.8975271871979
19.051666704548197,24.0,5.0,388.57938728698974
21.87827305143388,1.0,6.0,322.9501951537813
24.07737321172075,2.0,7.0,337.07735292326043
21.976276677308935,3.0,1.0,337.5884400868945
13.972169714504654,4.0,2.0,269.62638213019017
29.485330984435663,5.0,3.0,369.8322616872796
31.37437520639361,6.0,4.0,437.9451285414392
28.25760995669753,7.0,5.0,406.9474773444496
19.311571647875915,8.0,6.0,348.49187810477326
23.99254233026241,9.0,7.0,333.35366365735075
24.96739342385271,10.0,1.0,427.8176668860622
27.993971947809552,11.0,2.0,430.4479020565888
28.341702443590403,12.0,3.0,444.1968150491049
21.32913100610752,13.0,4.0,399.8096858132627
25.4099777820678,14.0,5.0,420.3150031807895
27.286402023076207,15.0,6.0,437.8713860200133
32.279111610733835,16.0,7.0,486.6369398233847
28.522532699123616,17.0,1.0,457.5557642913486
28.945283436877595,18.0,2.0,472.8830518785681
25.419133139646803,19.0,3.0,425.8810760740131
32.05229572601752,20.0,4.0,507.6316192716656
27.048813979797487,21.0,5.0,413.769525856873
20.694560449132148,22.0,6.0,407.52639584267246
32.01684985062595,23.0,7.0,511.7337534305871
28.489516362695134,24.0,1.0,495.1710888936161
22.784779894357587,1.0,2.0,331.24296062237875
22.602535163003783,2.0,3.0,298.3540731707289
26.48287772570381,3.0,4.0,406.41417718946377
27.315923976337924,4.0,5.0,376.1038905336272
25.986461328156032,5.0,6.0,363.9477246221165
26.556543367214424,6.0,7.0,355.2575094694858
33.4997868728819,7.0,1.0,467.4767963778042
30.35771576117443,8.0,2.0,465.3163554172099
25.95317795632512,9.0,3.0,416.2501037518919
29.706552903837416,10.0,4.0,452.1542840611853
19.837380482362303,11.0,5.0,349.3017838569684
26.989635249734043,12.0,6.0,404.7255019460882
34.04653174866555,13.0,7.0,455.4620541459215
23.90977052303813,14.0,1.0,402.0769297930486
20.76183035690457,15.0,2.0,371.9008742783722
21.7395555570347,16.0,3.0,409.3714443637718
19.55183481328806,17.0,4.0,374.706156982077
21.076190459361484,18.0,5.0,418.00813515168585
23.147459507049856,19.0,6.0,432.42436587126207
17.97216490410679,20.0,7.0,349.591736850986
25.078091669748016,21.0,1.0,416.8783327650828
29.511385868933235,22.0,2.0,526.825363368162
20.4612190992654,23.0,3.0,437.7998954572689
32.59641961820884,24.0,4.0,506.639964364044
27.553960442637973,1.0,5.0,395.7244048229297
30.152902928120287,2.0,6.0,401.1713726930532
21.71082723073932,3.0,7.0,314.3219822699062
29.27262613533308,4.0,1.0,442.0219264382773
19.54033049802344,5.0,2.0,341.29700844484665
29.451237504182544,6.0,3.0,428.5389940817295
25.859196698967654,7.0,4.0,391.0563083059162
27.76625609992392,8.0,5.0,414.9904468098464
19.12202697187574,9.0,6.0,310.2191210411069
20.524650788616977,10.0,7.0,333.1444788915233
27.986141091266923,11.0,1.0,413.8150678207784
20.258259978879,12.0,2.0,349.92180427401155
27.316031460495616,13.0,3.0,421.8276370315775
18.16431096769877,14.0,4.0,326.9370022845544
29.24087106333334,15.0,5.0,455.14364068630266
18.83738342615745,16.0,6.0,343.894217247563
27.761499688397617,17.0,7.0,451.6596912910156
28.128154668230003,18.0,1.0,435.8351344164247
21.51614090785213,19.0,2.0,401.89431319637526
27.910132835423635,20.0,3.0,472.7323611577862
26.30221131666778,21.0,4.0,449.8095283699402
22.30579071903631,22.0,5.0,414.6100531941785
19.95722657961896,23.0,6.0,364.8673455815925
15.186871541637103,24.0,7.0,357.9982575097609
26.748250236498468,1.0,1.0,382.4346220163261
17.175986143189725,2.0,2.0,285.6306073159726
25.47672099720654,3.0,3.0,381.5417511609091
23.682758919588757,4.0,4.0,348.8581813115376
28.39571387719098,5.0,5.0,403.53076238492855
23.48977250255068,6.0,6.0,350.0195397946439
23.35276106826454,7.0,7.0,361.2786250744953
28.65935352144148,8.0,1.0,392.0489424917723
26.675290145420583,9.0,2.0,387.88128209464566
26.58077978591389,10.0,3.0,438.5457909998007
27.34633794904263,11.0,4.0,367.2546630485022
17.32213938396447,12.0,5.0,315.4178352431378
28.78394339993491,13.0,6.0,458.2849331915105
28.06234397006801,14.0,7.0,427.7582263898448
19.916584357117515,15.0,1.0,363.0656221421612
23.779597631628995,16.0,2.0,414.384409852596
24.803463561861843,17.0,3.0,416.9722320185695
24.327516077991337,18.0,4.0,421.8921506350521
26.669299832842672,19.0,5.0,433.02537759802414
32.15683390915592,20.0,6.0,525.7418274906737
30.408833638364143,21.0,7.0,516.5536348049546
18.43890403284297,22.0,1.0,388.7212338861973
28.11034995153024,23.0,2.0,462.3737111014776
31.64466659767705,24.0,3.0,516.9698025705026
26.934042603446013,1.0,4.0,358.66065283240084
30.454902125929834,2.0,5.0,409.6597987973625
35.06135222850382,3.0,6.0,427.4532578216247
30.118547730534907,4.0,7.0,384.80223093250606
26.246542978208645,5.0,1.0,394.6789525392626
30.225442370423767,6.0,2.0,445.03260034502887
25.72443916548445,7.0,3.0,370.81251075143086
25.119515216424777,8.0,4.0,352.5308110852278
23.242928821431335,9.0,5.0,428.1116522400711
32.81706679416054,10.0,6.0,475.8367526833797
20.907856670289995,11.0,7.0,337.7384914675593
32.66183862339058,12.0,1.0,500.9990117445226
27.49932061870186,13.0,2.0,431.50407359273015
18.003469125990293,14.0,3.0,358.3778290419067
26.83824646495711,15.0,4.0,434.57032860509554
14.49986746174188,16.0,5.0,311.8241125807703
28.12754008415518,17.0,6.0,446.003763476936
29.426157414944957,18.0,7.0,434.3139474801877
22.03822022173973,19.0,1.0,451.1441002052601
25.617738479777916,20.0,2.0,431.34670639242427
34.77078716875143,21.0,3.0,516.5074001613025
22.47126647869032,22.0,4.0,418.45546713177583
19.705462064717,23.0,5.0,377.8251843769598
32.40831701231299,24.0,6.0,525.0489143119245
34.81293595265397,1.0,7.0,445.8846364977751
25.01847835923924,2.0,1.0,377.0908416029768
30.05731517704178,3.0,2.0,425.8677662028514
31.707379577654407,4.0,3.0,421.9611546808305
21.28757883730808,5.0,4.0,326.86762492631254
22.57347082316066,6.0,5.0,348.8922892495564
31.154372565773677,7.0,6.0,393.38797717889526
33.425071393542545,8.0,7.0,464.66240793782265
27.81440430087177,9.0,1.0,390.9980572570411
20.60092823248973,10.0,2.0,390.8162143030271
34.935305558497205,11.0,3.0,487.2627538921381
22.345145510940178,12.0,4.0,367.75395156551
23.32431109414274,13.0,5.0,367.8489689566703
26.711689172448107,14.0,6.0,406.5174910873673
32.77080210357387,15.0,7.0,527.1898924186036
29.26987988276112,16.0,1.0,488.5061926000772
27.074327501809552,17.0,2.0,418.75922611513874
27.31644265059053,18.0,3.0,484.2486845196099
25.21757334321733,19.0,4.0,459.040578935002
27.79069757259253,20.0,5.0,457.2827264801595
12.352199611528484,21.0,6.0,316.6559349558816
23.516962704651007,22.0,7.0,423.8707454580886
26.206609674583905,23.0,1.0,513.5176948347777
19.244929581902465,24.0,2.0,390.5234920391828
26.9316165890578,1.0,3.0,368.2363780860925
23.97764389506939,2.0,4.0,329.2135323308378
33.77737849157745,3.0,5.0,409.1129768234175
32.865098626074285,4.0,6.0,474.48375136184256
22.670972154409185,5.0,7.0,307.0783899620436
24.245811442166524,6.0,1.0,373.8606981714208
24.63026217195804,7.0,2.0,340.48860959197367
22.741702619201888,8.0,3.0,350.435615407157
25.975124920140637,9.0,4.0,401.1906256300755
21.20858965556205,10.0,5.0,330.5912169655732
19.346923325312368,11.0,6.0,342.20527026783674
28.113556119501343,12.0,7.0,414.7547393572518
28.14764792110905,13.0,1.0,466.67812945906286
20.97842120170004,14.0,2.0,401.0194302838048
29.476777153813,15.0,3.0,449.03287632352976
21.842111354173344,16.0,4.0,387.9557707295926
26.265826190189905,17.0,5.0,436.3273464313437
29.10172006306228,18.0,6.0,475.4041865393168
24.83193717648144,19.0,7.0,422.6070116896997
27.27370456070567,20.0,1.0,473.5412647939136
22.417851780562145,21.0,2.0,418.31038830971903
24.017667082859514,22.0,3.0,443.4814681680355
23.970702845598296,23.0,4.0,468.6658323266856
21.26710826729881,24.0,5.0,430.5927474972252
24.11612918442109,1.0,6.0,342.18640463307827
17.256908505681267,2.0,7.0,276.03049153952423
22.54423126428948,3.0,1.0,334.36613708527403
23.575622533151645,4.0,2.0,356.1327662031071
23.7191012375231,5.0,3.0,331.4875388085161
23.792512770646105,6.0,4.0,381.3012808328002
24.69117900069936,7.0,5.0,311.2525813601292
27.39720759043032,8.0,6.0,394.2291080575947
29.372585370662613,9.0,7.0,440.5437732496316
21.751173865758663,10.0,1.0,337.2343799849998
18.98399572305428,11.0,2.0,346.8355555828798
19.78977793878449,12.0,3.0,335.28245045626426
22.56398539402537,13.0,4.0,371.2637886364763
23.240393410917456,14.0,5.0,406.3227533219633
21.150019669012718,15.0,6.0,372.4613352078301
18.519416678750527,16.0,7.0,303.50704942981804
22.71939586262906,17.0,1.0,389.6654478316586
25.907133100569855,18.0,2.0,462.5780457034738
27.975147329177823,19.0,3.0,474.7303276556382
22.212884734458395,20.0,4.0,445.09155879506966
22.93501088928283,21.0,5.0,453.0030607730943
20.366508455763444,22.0,6.0,388.82018195469857
24.84280414812612,23.0,7.0,492.49279758265095
20.757856829045927,24.0,1.0,425.0681616874975
27.865639066206,1.0,2.0,358.4030199738795
16.070667540329445,2.0,3.0,249.03387808508293
23.20185163773769,3.0,4.0,289.8840142715885
26.50553669595871,4.0,5.0,402.19574712457273
25.91917258161252,5.0,6.0,398.08696559700246
38.46516831990248,6.0,7.0,473.3415344227584
26.749000122839536,7.0,1.0,394.93231546075725
19.979727015789948,8.0,2.0,335.70942104015097
24.522678764554637,9.0,3.0,362.01972660270405
16.11876833266774,10.0,4.0,264.0856427012542
24.5970012535162,11.0,5.0,381.7628604596237
20.834719714996208,12.0,6.0,343.9256085607772
29.57695137780081,13.0,7.0,432.0012889582326
22.252298627022327,14.0,1.0,393.97730752224254
24.416170421023768,15.0,2.0,441.7520973807575
21.822210792977984,16.0,3.0,383.1602535359453
33.69425675926666,17.0,4.0,513.3514275670939
23.39378616941044,18.0,5.0,423.4752721690031
34.16278521739601,19.0,6.0,529.710710704215
29.07075881059133,20.0,7.0,457.4191176169565
27.41033363667693,21.0,1.0,478.0308788290501
26.8436657365876,22.0,2.0,483.387453769257
26.968986491081257,23.0,3.0,453.122838160597
15.36163710327195,24.0,4.0,386.8871512486497
23.60558302924622,1.0,5.0,354.6876083967444
29.225789855921608,2.0,6.0,369.8022934503262
24.75551408262947,3.0,7.0,345.4285411932581
17.974050765982124,4.0,1.0,309.58607279324184
24.73797774711265,5.0,2.0,355.4674943445515
33.520527581277456,6.0,3.0,465.8375527265365
31.2344585776736,7.0,4.0,438.6096983025793
24.689979953169843,8.0,5.0,342.5414359789224
29.757246385290436,9.0,6.0,433.7556901724755
23.16746489815974,10.0,7.0,338.6718006561767
16.480642065866405,11.0,1.0,335.590477691905
20.377670059352223,12.0,2.0,344.3524790908445
32.81444384254099,13.0,3.0,480.91872975218695
23.63003459085348,14.0,4.0,421.7459241774664
23.78308010312491,15.0,5.0,407.758433961826
23.5008090186256,16.0,6.0,375.418611794765
34.52068294786503,17.0,7.0,488.9084980626686
33.12979457681031,18.0,1.0,506.3118899956286
36.09390116724067,19.0,2.0,557.8318933395401
24.204773947999744,20.0,3.0,440.2137357786528
26.47812244373548,21.0,4.0,440.91917834409736
17.416787252896043,22.0,5.0,345.8236828166732
32.38467213059137,23.0,6.0,526.4783894076304
19.161102243660324,24.0,7.0,386.9738211208
26.083877818813143,1.0,1.0,405.9830959370862
19.51348736183578,2.0,2.0,299.8669467496194
22.05566586630652,3.0,3.0,362.8417152170707
20.8136878447515,4.0,4.0,292.72920648542816
21.96062369662091,5.0,5.0,298.1419781749749
22.304386484255108,6.0,6.0,312.6421621920404
22.258656025374613,7.0,7.0,360.36915588281545
29.166669558901532,8.0,1.0,463.78872738288607
19.4756860346874,9.0,2.0,318.1132712678213
26.10270713506933,10.0,3.0,392.8157507555022
31.089795761527792,11.0,4.0,430.5183394110279
22.43401817743302,12.0,5.0,333.10738483196246
21.41040554626199,13.0,6.0,375.4722894181525
23.847376874098742,14.0,7.0,391.9341748002307
30.898626041803556,15.0,1.0,481.196020071513
25.97053815476679,16.0,2.0,405.7042508044003
22.343928526962006,17.0,3.0,432.2384189061933
27.4193832559402,18.0,4.0,442.1266977984125
19.488539250817883,19.0,5.0,385.55792100450833
28.40679755221474,20.0,6.0,436.97674741725297
27.04303653850884,21.0,7.0,450.6198615926876
23.46095764430558,22.0,1.0,447.43706556782746
20.807071007763845,23.0,2.0,423.6122144387046
20.566595388582712,24.0,3.0,419.7589247505596
27.674086681729552,1.0,4.0,379.631316658271
31.14490251244531,2.0,5.0,383.8386160037939
21.813461264856027,3.0,6.0,319.08206475735346
27.29193351775742,4.0,7.0,374.1944888471798
14.564864906989657,5.0,1.0,272.2821027537978
22.076911346714,6.0,2.0,346.21601781352365
24.84470533564549,7.0,3.0,348.98279787818694
20.45158291509083,8.0,4.0,306.15983410872883
20.31746812605202,9.0,5.0,288.88931754282913
21.661102217655568,10.0,6.0,364.9617123734616
26.460963641631867,11.0,7.0,415.1627866110226
24.06335490796813,12.0,1.0,414.50455490412367
13.80884383337514,13.0,2.0,303.2242375829804
14.396499236824669,14.0,3.0,262.30260801388454
21.96567411071412,15.0,4.0,362.1225312714359
27.28843293026776,16.0,5.0,441.2926376545398
11.262475786373829,17.0,6.0,282.3351179195742
22.501349119241848,18.0,7.0,389.5585269293781
22.368760717412894,19.0,1.0,423.0659512322939
31.94168889104224,20.0,2.0,513.6499230641273
23.074890941435683,21.0,3.0,429.1643187253841
26.91494492370464,22.0,4.0,454.3681425804061
25.70628570043732,23.0,5.0,476.70307672680497
14.347167600963996,24.0,6.0,336.85624383603226
28.841036083158688,1.0,7.0,345.7973791711744
26.07698252728144,2.0,1.0,352.3498450164398
27.54134319837295,3.0,2.0,377.44410815648985
44.63118853218163,4.0,3.0,577.1919410891933
14.579435302507058,5.0,4.0,257.9489930563747
33.62348324880554,6.0,5.0,447.5118681087424
23.56276240299822,7.0,6.0,327.65435553472963
26.436644522015047,8.0,7.0,399.076097016742
24.77243877349379,9.0,1.0,376.68534465447016
22.878818333009782,10.0,2.0,370.7876261512711
22.150835358806205,11.0,3.0,397.1120151256994
26.647543677865045,12.0,4.0,424.6507033996365
17.414131516641604,13.0,5.0,291.5762342121125
28.75289583760883,14.0,6.0,404.1387536490389
22.91902797557373,15.0,7.0,381.9040707533524
19.34965330479821,16.0,1.0,346.241720750486
22.74993571002093,17.0,2.0,419.4702920528693
31.285746084312866,18.0,3.0,494.7027221424282
22.323324564918885,19.0,4.0,409.5409410296661
26.7922680910481,20.0,5.0,438.787817277634
21.34521862142263,21.0,6.0,435.2798593199605
28.7896092496181,22.0,7.0,533.7479670563902
28.42753869395102,23.0,1.0,490.70369246437593
34.24304416648206,24.0,2.0,563.4912266331206
24.12218027250392,1.0,3.0,339.17014958632546
28.343274023789533,2.0,4.0,376.239002969074
25.490337697694724,3.0,5.0,338.2619676222913
31.47935890931507,4.0,6.0,395.0942293435412
21.40583806195635,5.0,7.0,295.346435309053
28.725026564386404,6.0,1.0,422.35506615484695
24.026513519416596,7.0,2.0,358.87164563009327
24.679059114457512,8.0,3.0,326.22473414176454
25.458762422241865,9.0,4.0,396.4847886343851
26.261201982133382,10.0,5.0,396.8467941720508
24.41885478439021,11.0,6.0,408.122007871925
26.073565915852637,12.0,7.0,407.1981071003465
32.89059028781092,13.0,1.0,461.3324309519033
29.92724842807609,14.0,2.0,418.6789514661613
29.34577296248448,15.0,3.0,445.0682819380861
22.722302369880648,16.0,4.0,382.7208752849335
20.55379585885838,17.0,5.0,394.4011426085872
29.776502791188765,18.0,6.0,469.5876092660962
29.380233962648973,19.0,7.0,490.4761095884599
32.36335337875491,20.0,1.0,494.1368726734965
21.98009687015385,21.0,2.0,438.10625638914746
23.852256723198263,22.0,3.0,453.94235030060105
16.802579187372828,23.0,4.0,330.6611096451044
23.03764446969564,24.0,5.0,461.82880152217183
29.982852552897235,1.0,6.0,388.6976953642994
22.66752310385901,2.0,7.0,323.51612111596023
28.20239897600412,3.0,1.0,376.7260675114728
24.047484470010943,4.0,2.0,379.97978495854886
26.620285141107804,5.0,3.0,358.48580482630064
19.261543050921663,6.0,4.0,327.25727087669554
25.426047248169507,7.0,5.0,390.67262199986845
10.044320145496384,8.0,6.0,202.9598528915194
24.065519209190075,9.0,7.0,404.3226640803522
16.8476337814243,10.0,1.0,320.1069074185934
31.02997258273408,11.0,2.0,472.3775780327613
28.88703676382256,12.0,3.0,409.3279517315104
27.333354909830405,13.0,4.0,468.6881491584753
32.6050311357969,14.0,5.0,456.5591725534672
20.255417395875813,15.0,6.0,380.0519026140768
33.73681598957779,16.0,7.0,476.472725537144
29.660957821301924,17.0,1.0,466.2298021560656
23.81722356390527,18.0,2.0,437.9473165167617
30.67810073591472,19.0,3.0,513.3320616326504
19.46853243794183,20.0,4.0,357.2596393971362
20.87742919236163,21.0,5.0,420.5837353047562
21.9570513838015,22.0,6.0,432.4701237406789
22.355111459679925,23.0,7.0,398.7920464199014
19.71721178619873,24.0,1.0,446.1450697338095
31.115415335476627,1.0,2.0,381.0170007898055
23.70572799815084,2.0,3.0,325.5618283259561
26.7625248417844,3.0,4.0,380.2053008996838
22.1482431679316,4.0,5.0,309.4111059852638
15.896983497257414,5.0,6.0,271.246216686161
26.35028679195711,6.0,7.0,377.324389495637
15.438725122901117,7.0,1.0,282.64576583055674
24.656829769572656,8.0,2.0,397.2163084675377
18.15842480583595,9.0,3.0,313.0170322052067
34.93637999615404,10.0,4.0,491.9946213378165
29.556813610873608,11.0,5.0,458.49757365849416
25.528768956357403,12.0,6.0,413.1014137640908
31.318533388273345,13.0,7.0,472.9056796990176
20.76842011267132,14.0,1.0,351.70060908237764
27.717396893350465,15.0,2.0,456.6698204435311
25.99905216859357,16.0,3.0,413.4205458665456
26.32010040666835,17.0,4.0,410.57270447112296
31.36176750053384,18.0,5.0,487.18354807963897
28.66246051389901,19.0,6.0,445.5387014059583
26.44361831412512,20.0,7.0,459.2485375180507
16.72556281885852,21.0,1.0,385.5463373824917
20.19976852360268,22.0,2.0,367.945160507398
24.38645533202138,23.0,3.0,433.298502528676
25.46686187138325,24.0,4.0,433.47288527547255
19.34898137663038,1.0,5.0,274.237228234446
37.058383377892106,2.0,6.0,471.6873471762976
32.58197027626787,3.0,7.0,414.9739407991109
28.010591601962417,4.0,1.0,385.3107312062815
25.360184306418724,5.0,2.0,398.60537360045
23.93895515049424,6.0,3.0,314.29240805301663
20.24040769988882,7.0,4.0,350.14151486925266
25.387402592594317,8.0,5.0,367.9882600628334
26.288762700713757,9.0,6.0,388.3254468048818
18.79119712259188,10.0,7.0,306.36470447151663
26.670882086224488,11.0,1.0,449.5665829730272
24.223704755876252,12.0,2.0,371.6174776226574
15.460962210613046,13.0,3.0,310.8443495005692
20.69807494610249,14.0,4.0,375.5295224982248
22.931972332891775,15.0,5.0,357.09966797121444
34.43843828670095,16.0,6.0,487.9864194580864
27.78276562266879,17.0,7.0,438.86408555672335
18.322592154500544,18.0,1.0,352.49262085131795
27.430181447088184,19.0,2.0,446.9899790464988
17.26348005530817,20.0,3.0,356.637547291553
30.413455269435367,21.0,4.0,510.1261793272771
22.64437674091061,22.0,5.0,414.5894118715432
24.531819056304144,23.0,6.0,463.8867144525003
31.62898323771095,24.0,7.0,495.3346767239224
18.56418215707875,1.0,1.0,262.60337636131845
18.014409074435044,2.0,2.0,322.6709988587731
22.082003368269977,3.0,3.0,313.66087112938953
30.191894255096585,4.0,4.0,383.7007024095227
17.403269622615788,5.0,5.0,249.1916173907213
10.839222009447155,6.0,6.0,241.89428917065032
22.744205707955008,7.0,7.0,334.6159667863489
27.7587039995546,8.0,1.0,409.5128452942181
31.001308748694147,9.0,2.0,445.8290532552087
22.684193189573005,10.0,3.0,388.10078958912567
22.942866964419988,11.0,4.0,368.8380729646815
30.76950367127873,12.0,5.0,499.57611228943983
15.651291501522897,13.0,6.0,306.18812649631354
23.057396124084956,14.0,7.0,400.809656580016
25.95211944962529,15.0,1.0,447.6259916543411
27.24609360642517,16.0,2.0,445.73198965909097
22.450966534045588,17.0,3.0,388.7702456200466
25.172205058529208,18.0,4.0,436.3613291566232
12.558363232935053,19.0,5.0,315.785606953496
21.70875793833076,20.0,6.0,387.635858420777
27.26754356277234,21.0,7.0,460.0022129467365
20.088529828726603,22.0,1.0,432.609397852458
25.294921107947985,23.0,2.0,503.3481658608734
27.23436250401349,24.0,3.0,500.4310114471233
23.287253995711172,1.0,4.0,363.12773368471744
25.85231885498285,2.0,5.0,340.9357043256994
20.186337173576938,3.0,6.0,312.90101677695526
23.96694360151977,4.0,7.0,365.4398261868231
28.051080847946118,5.0,1.0,384.5841418200213
25.78486480484217,6.0,2.0,372.1368458075216
22.067343652180323,7.0,3.0,381.4315317585082
26.121082021453965,8.0,4.0,369.70884309880086
28.57304895318309,9.0,5.0,388.90788887871673
14.75029360711261,10.0,6.0,310.0625675439163
30.79537032477949,11.0,7.0,465.8889677474037
23.31872630659464,12.0,1.0,398.8296679456218
27.12744966620115,13.0,2.0,429.360281569095
30.98623461822614,14.0,3.0,462.0918560701617
18.14163151384767,15.0,4.0,350.05529261465773
21.452794987862266,16.0,5.0,411.1240890266536
23.557256520621475,17.0,6.0,407.3438877290563
21.081232394377857,18.0,7.0,423.1515092887179
33.67468287918404,19.0,1.0,510.7879890790359
20.71613953086604,20.0,2.0,400.767780222095
22.222266102565666,21.0,3.0,410.7614876723784
26.021945158014884,22.0,4.0,436.5166207169021
18.98925236961956,23.0,5.0,386.83084903600246
23.02159644121868,24.0,6.0,440.5625504453956
26.587266306250875,1.0,7.0,360.3572666615494
23.335697978087445,2.0,1.0,383.7660233597656
24.53306570550026,3.0,2.0,363.62000644947375
22.353339437758144,4.0,3.0,357.53613045117373
17.427648454096165,5.0,4.0,288.5983694669412
26.607966056696192,6.0,5.0,414.6407725760138
33.774665358236206,7.0,6.0,502.7156392941234
25.09200815391719,8.0,7.0,380.5417841586909
26.126320586237743,9.0,1.0,383.4100255533458
28.463613775584296,10.0,2.0,417.6600373002996
18.653347517266504,11.0,3.0,338.17216123676826
33.51257329064803,12.0,4.0,492.2556936114932
26.01164398211401,13.0,5.0,424.0849425088275
33.15928449544555,14.0,6.0,492.7967985790563
21.33483502238005,15.0,7.0,367.4880485489193
34.09030961278913,16.0,1.0,505.1791273038488
28.875777470173915,17.0,2.0,475.78053992702377
27.765200429261792,18.0,3.0,495.751751442231
26.17012227176574,19.0,4.0,465.0997948262125
23.757356909627752,20.0,5.0,433.2676480890015
31.00265829236936,21.0,6.0,517.6179214001486
25.70179934924024,22.0,7.0,438.5967129143853
15.164651482064238,23.0,1.0,353.481211898976
19.414067691464982,24.0,2.0,393.1849748273302
24.070771239036265,1.0,3.0,334.2019799349739
26.54999491582777,2.0,4.0,355.0598312240961
24.71705755550052,3.0,5.0,371.336070368048
31.094853948968314,4.0,6.0,403.4420711360394
15.244490679806876,5.0,7.0,240.39047247357044
25.7179396825258,6.0,1.0,423.0309404018707
15.910103873064228,7.0,2.0,279.0735341090154
28.79856147742084,8.0,3.0,422.0561839192154
24.527706427789987,9.0,4.0,387.3035207727681
27.09804986012059,10.0,5.0,383.2466362227896
20.68058519705117,11.0,6.0,368.51552736057306
31.39732465828876,12.0,7.0,465.7156273911121
30.208623320294254,13.0,1.0,495.2539134405582
27.91772151505944,14.0,2.0,429.5927764062324
24.3524137656828,15.0,3.0,411.5066535063512
27.899286426475665,16.0,4.0,447.77997936464055
21.465537160063256,17.0,5.0,389.933141487633
29.27777829510356,18.0,6.0,435.6854879794924
33.2474044716196,19.0,7.0,508.6907722900404
30.35305279989593,20.0,1.0,472.0012497704844
21.351987650962958,21.0,2.0,419.686557933568
26.807086586365514,22.0,3.0,426.4978833732848
18.53429228120676,23.0,4.0,351.3111861262559
27.861951555878377,24.0,5.0,499.9904898875837
27.253017064312694,1.0,6.0,348.5934015392313
15.65091830233918,2.0,7.0,225.752021550747
19.19108078043818,3.0,1.0,329.3277202258928
23.58430551628117,4.0,2.0,356.39557950938
23.495701264295867,5.0,3.0,368.39881655363433
18.952615322905974,6.0,4.0,304.2013117826432
26.94489364676092,7.0,5.0,443.04151034560925
26.25736804470256,8.0,6.0,372.4834032358297
24.028654340107405,9.0,7.0,399.1764543882718
21.221042499208185,10.0,1.0,357.9831041900836
30.243535632082818,11.0,2.0,418.3451484225733
33.27703556544148,12.0,3.0,493.427330569377
22.58219258076732,13.0,4.0,385.1171770367764
21.939165414225897,14.0,5.0,353.3652178574744
27.456038327059986,15.0,6.0,413.1159977279055
23.209853101265068,16.0,7.0,390.6045781509509
24.30301399668383,17.0,1.0,432.025096271798
28.69826575862336,18.0,2.0,421.5693919286456
15.453219562463536,19.0,3.0,361.59462467511145
31.591511624263347,20.0,4.0,494.025156766334
25.363402621646703,21.0,5.0,416.9990765285036
22.9425342771891,22.0,6.0,440.2466738009296
24.55382922889276,23.0,7.0,439.0659327005585
24.812146775102597,24.0,1.0,489.444783286671
16.343993482775375,1.0,2.0,271.19898008734884
32.47469113726618,2.0,3.0,425.7166213137008
25.20662816135309,3.0,4.0,352.01168271392777
27.21501065223688,4.0,5.0,386.80436173349153
29.75774885287021,5.0,6.0,396.3068633525155
19.894187712198494,6.0,7.0,290.890425347055
27.367359495176142,7.0,1.0,417.8717774048543
23.661794545506037,8.0,2.0,367.7281886261717
29.23385387608247,9.0,3.0,429.0098917222048
14.363862898242523,10.0,4.0,303.4262257055174
24.50452849879365,11.0,5.0,382.7677528332217
21.98589672108019,12.0,6.0,362.1596457216377
27.161314753170775,13.0,7.0,403.6201573026892
27.35022093684101,14.0,1.0,449.1170080480472
21.46187052588987,15.0,2.0,390.61526351250046
21.43913067911978,16.0,3.0,403.406809427009
24.446673157213358,17.0,4.0,405.884154831996
20.51678886342396,18.0,5.0,371.0115492424359
29.20991847726064,19.0,6.0,484.9419327555157
23.15396399776277,20.0,7.0,415.58390004488496
10.465058903391792,21.0,1.0,288.526226510064
23.12588971689097,22.0,2.0,461.3899785235997
19.80728089578014,23.0,3.0,370.1037975897964
16.843620922695273,24.0,4.0,392.1219042922277
18.812866808887136,1.0,5.0,252.8244273689074
25.54704235916485,2.0,6.0,385.1861939213591
31.64320414124116,3.0,7.0,379.5400468742991
26.565922369324905,4.0,1.0,405.704236730704
21.967483058921303,5.0,2.0,337.0421433889881
27.279520975853515,6.0,3.0,386.4631583617603
22.70454844890504,7.0,4.0,353.75341761840565
21.52699815418428,8.0,5.0,352.907988324999
19.22818665883508,9.0,6.0,301.1938565417334
16.240855966241405,10.0,7.0,275.0928051590426
23.05038146720277,11.0,1.0,395.49591197428543
25.79026744960066,12.0,2.0,377.75581542301455
24.51688164992555,13.0,3.0,389.4842346354138
22.920165360263205,14.0,4.0,448.01539268582087
20.271269696516093,15.0,5.0,343.35243767337533
28.041230958424844,16.0,6.0,465.3683654194435
18.41434040026708,17.0,7.0,336.4243886283945
28.880139569217377,18.0,1.0,485.98229858811663
19.98891490536637,19.0,2.0,401.97626286558807
21.237823813234822,20.0,3.0,425.9573728360072
17.666074046921615,21.0,4.0,365.65566393296064
22.49298926557181,22.0,5.0,459.7075854308152
29.87656229238989,23.0,6.0,483.9788916321953
27.578140442219784,24.0,7.0,479.465812694189
29.89211056014017,1.0,1.0,405.8266442457538
27.61071272966968,2.0,2.0,357.6677648977085
19.481650857348157,3.0,3.0,295.09906347389915
23.346053878362213,4.0,4.0,344.6908087683903
21.099004354412685,5.0,5.0,312.34762268153844
31.6528745201952,6.0,6.0,477.3472245110827
19.01605676786844,7.0,7.0,287.3880942066938
29.468488446945557,8.0,1.0,455.2733738322641
29.464769350543847,9.0,2.0,450.7768897684142
34.14810100858044,10.0,3.0,482.203767395719
22.951567036852516,11.0,4.0,355.2114892914802
28.56161079790081,12.0,5.0,415.2510015711727
36.40825918269421,13.0,6.0,500.7232458426119
21.91179161533152,14.0,7.0,332.4030905143899
17.3247987623382,15.0,1.0,325.1786791073962
15.59994983046118,16.0,2.0,300.349967997339
28.563560144306656,17.0,3.0,488.55310150662086
15.58424895970708,18.0,4.0,346.21173744483514
23.138404735310385,19.0,5.0,427.103529330413
27.186565935194803,20.0,6.0,465.642298382787
25.92587768414957,21.0,7.0,446.5981293081789
27.12722432092086,22.0,1.0,507.4858498517913
26.11144927900427,23.0,2.0,457.899239675408
31.394329066566968,24.0,3.0,527.0766837730106
20.238418096306013,1.0,4.0,310.3253575195426
21.615024307707344,2.0,5.0,284.72605843995086
21.13670277364588,3.0,6.0,370.2988056593098
29.150959059313053,4.0,7.0,391.0809058486822
29.50199294197532,5.0,1.0,419.859718431265
27.25612659659254,6.0,2.0,421.6988265994239
30.91746833444964,7.0,3.0,453.4737900047009
19.109795663118096,8.0,4.0,319.85951701911017
33.336120557755685,9.0,5.0,465.9637943395177
32.61619310856129,10.0,6.0,428.0789604666533
28.678109986228733,11.0,7.0,409.6517843052878
33.9089945438553,12.0,1.0,506.4341497617322
16.71688396161113,13.0,2.0,335.046696396969
22.377759318686746,14.0,3.0,409.2009081869492
21.32348269659024,15.0,4.0,373.8248058014359
28.60739661878672,16.0,5.0,423.3282359192498
19.749296301989272,17.0,6.0,385.6275716354063
28.787475746687427,18.0,7.0,485.59654439051457
31.852680719983567,19.0,1.0,528.4916986569604
28.47601450042,20.0,2.0,475.48747158705015
26.418755118307505,21.0,3.0,481.0752722206067
20.060633295496253,22.0,4.0,467.1845425151268
20.765745169373176,23.0,5.0,409.9604979825413
31.24809452648333,24.0,6.0,488.2462114199308
28.896745019526666,1.0,7.0,361.2417492042236
24.80490240311228,2.0,1.0,367.55854403720383
22.91045227117055,3.0,2.0,306.0084364937442
14.870960634443117,4.0,3.0,263.09766784267254
19.645737906577807,5.0,4.0,317.0641120720957
34.55709543569861,6.0,5.0,491.2733891532392
18.597722144987667,7.0,6.0,329.18111857096267
25.947399106105404,8.0,7.0,395.7656868960895
30.03721986597599,9.0,1.0,399.11861844946935
18.725386659988537,10.0,2.0,349.6749291608439
25.923552373905416,11.0,3.0,419.3457914602591
29.689577687553275,12.0,4.0,450.0146644170997
25.06249660953625,13.0,5.0,366.0205235724528
39.34201527833384,14.0,6.0,529.8846745995971
16.65700370560902,15.0,7.0,297.23358166540885
30.2936426494194,16.0,1.0,439.6362577040521
24.13599131301768,17.0,2.0,420.3016101018809
28.859600774183377,18.0,3.0,453.63956531297816
27.20653575849623,19.0,4.0,507.5714691903405
21.334219014450017,20.0,5.0,394.966751355742
26.1449819622967,21.0,6.0,474.3248827402862
15.710492743008563,22.0,7.0,314.72294693622115
28.016237502856967,23.0,1.0,481.56058330847225
26.49079232995263,24.0,2.0,480.8458808202126
28.19330084321551,1.0,3.0,359.7699294600017
30.290591625435752,2.0,4.0,392.4619025582626
26.838099201048557,3.0,5.0,364.0219738856148
25.740447098991385,4.0,6.0,354.7263112810159
20.59465831669354,5.0,7.0,347.0489546276424
21.438896181754743,6.0,1.0,348.95348752617764
30.93367310088665,7.0,2.0,447.9269422676926
32.18167702852989,8.0,3.0,463.6098657722003
23.80944781843973,9.0,4.0,383.3470057311396
25.23001373626637,10.0,5.0,385.6423976851664
20.47692812503117,11.0,6.0,335.3543538207348
30.863784226337224,12.0,7.0,450.9741634537378
28.32708411845889,13.0,1.0,468.4069201628584
34.70608718231875,14.0,2.0,533.5856355919151
20.608384614101304,15.0,3.0,367.2758766272448
23.10996050490892,16.0,4.0,414.4564789424514
26.157229612627862,17.0,5.0,427.6806028654853
28.23244768862885,18.0,6.0,455.0018878749934
23.92166181226184,19.0,7.0,403.7461504915345
20.635194547731498,20.0,1.0,399.7190426991903
29.40703764461785,21.0,2.0,519.8969778371721
28.605676812727907,22.0,3.0,488.9051910740638
20.41862949718137,23.0,4.0,409.8919451428601
31.77721400552748,24.0,5.0,493.82778447011566
30.85099354598302,1.0,6.0,389.3250573071756
25.671482486238965,2.0,7.0,340.8885267874951
25.39798931188018,3.0,1.0,349.3970234099337
27.770288855579537,4.0,2.0,392.1361967898666
20.69148464871871,5.0,3.0,314.331200682634
25.15015739582041,6.0,4.0,371.1014910630757
14.2380822769541,7.0,5.0,264.8108829659197
29.38227822751468,8.0,6.0,396.7076951186939
17.192533887790702,9.0,7.0,287.95130322824326
32.51709914214499,10.0,1.0,473.7184770766666
23.349399530167748,11.0,2.0,406.179983924812
23.94166509034412,12.0,3.0,395.551034359356
21.86133046957747,13.0,4.0,358.37460109742614
23.55980563038962,14.0,5.0,398.5781514887733
32.092656725740184,15.0,6.0,512.0775450438371
12.560956717324602,16.0,7.0,302.9436966250264
31.384826930440937,17.0,1.0,506.7987999131218
26.69011740550854,18.0,2.0,465.4129775647318
18.96489176071392,19.0,3.0,404.44799843571184
19.62343803475381,20.0,4.0,405.7469162278913
33.38196513604102,21.0,5.0,535.1548589827634
20.272465600286345,22.0,6.0,416.0975003946652
19.233247447020204,23.0,7.0,364.6994525449208
30.686572711823647,24.0,1.0,493.8204220714308
26.692764381429573,1.0,2.0,369.0696168271723
20.310372117318007,2.0,3.0,305.47733536619086
26.083124877023096,3.0,4.0,352.9530476999658
19.871236581798613,4.0,5.0,320.22941921454026
30.504106992113027,5.0,6.0,374.7837981921056
30.30685482436567,6.0,7.0,401.3731031225006
27.660030994109714,7.0,1.0,398.9011990435448
26.808305306235084,8.0,2.0,369.3570173603616
33.80594062433687,9.0,3.0,503.9540263887548
24.998431636941127,10.0,4.0,360.8002909961448
19.090629372895997,11.0,5.0,319.13949258280616
27.24736956416153,12.0,6.0,432.633290797718
35.43023524768557,13.0,7.0,511.2232593454304
19.92620253407074,14.0,1.0,344.09853141101246
23.19268616653007,15.0,2.0,414.57664585051344
27.082230190507264,16.0,3.0,447.6179914782371
24.730475754971305,17.0,4.0,466.9654687919424
20.088482098113428,18.0,5.0,383.9636293025004
30.609289281152357,19.0,6.0,480.2680563901529
36.6002036100863,20.0,7.0,527.8719969584745
25.98065729511953,21.0,1.0,446.9217056120839
20.47965855132,22.0,2.0,392.2812036038368
17.255197374732624,23.0,3.0,405.9739500255647
26.289879906105902,24.0,4.0,471.25819736138845
30.519386716581288,1.0,5.0,406.49880964530746
27.375838732476907,2.0,6.0,396.0433393243868
24.98798079540573,3.0,7.0,296.710525109908
22.053641741053468,4.0,1.0,363.1138927045422
19.53918183640955,5.0,2.0,315.4997565997622
29.17375663162441,6.0,3.0,421.438533749053
29.568858106927927,7.0,4.0,402.12051663431424
17.271351066546334,8.0,5.0,282.61102269649297
32.94919489090342,9.0,6.0,466.26886670529393
27.870356104470005,10.0,7.0,455.3955170513294
31.99797322572897,11.0,1.0,492.0459985135877
18.289361257574424,12.0,2.0,362.204071004115
18.170879222922807,13.0,3.0,333.86876682399964
24.255153451163515,14.0,4.0,388.5474500199226
27.51392213447597,15.0,5.0,419.5231223131798
33.98180411463482,16.0,6.0,492.0525666524144
28.530394569075657,17.0,7.0,408.2482970273461
23.786593615939832,18.0,1.0,410.3675493015663
19.86815396167054,19.0,2.0,376.47447649550855
31.150002863595752,20.0,3.0,498.9928651480607
20.176472871246425,21.0,4.0,397.3997309074101
33.14234277386161,22.0,5.0,533.6724451111282
23.57807675196745,23.0,6.0,432.48226007081536
32.95291036308925,24.0,7.0,516.9002419040373
28.39465645029639,1.0,1.0,346.67939163765345
24.31502255278771,2.0,2.0,335.6440533598412
22.403018140869367,3.0,3.0,310.5811686549536
23.2954606132696,4.0,4.0,350.27594109826805
27.141583461876188,5.0,5.0,399.60158255263576
25.385782481088583,6.0,6.0,384.6292461520847
22.030942959656475,7.0,7.0,349.4484843191212
24.17184294841184,8.0,1.0,376.0479147750686
25.39288514859575,9.0,2.0,382.4897401764395
14.35632952792594,10.0,3.0,269.621240205918
27.29084057394349,11.0,4.0,385.7584274074
20.101393876415965,12.0,5.0,365.8510127743168
19.233337983971275,13.0,6.0,335.8391590811132
16.56327826444645,14.0,7.0,289.70597677204705
16.03053751066055,15.0,1.0,315.77554759240087
18.222762484438555,16.0,2.0,338.8881557157345
21.45489521184755,17.0,3.0,391.409441818778
34.76629568763284,18.0,4.0,547.0123138977422
22.37060162052398,19.0,5.0,396.74622521332816
25.88875053134016,20.0,6.0,395.83683501772856
27.00240693253164,21.0,7.0,450.240462622138
25.655325931079243,22.0,1.0,460.4293813088485
24.612782696370036,23.0,2.0,450.6294223449899
19.023531182003776,24.0,3.0,388.6860884905237
32.25463774139606,1.0,4.0,419.8951590284775
34.03598321818943,2.0,5.0,436.6826544848743
16.58670652938657,3.0,6.0,262.3704590113328
19.8798570455681,4.0,7.0,306.0513976845403
23.60094828811497,5.0,1.0,349.41282641819265
20.177311025449043,6.0,2.0,316.0413968604774
27.529827767279325,7.0,3.0,428.90074346450126
21.35863898796693,8.0,4.0,352.7734980739781
35.825280339033014,9.0,5.0,504.7917246091861
30.95274297171798,10.0,6.0,466.0495214238612
26.062870153161075,11.0,7.0,405.1475851441068
30.13493131659866,12.0,1.0,476.91708674871
30.529502121786543,13.0,2.0,432.7081179764602
22.180262559708783,14.0,3.0,386.8857030370084
20.91891377729017,15.0,4.0,368.5347685366152
25.39071531484824,16.0,5.0,452.46083496647856
29.30818062248972,17.0,6.0,478.6347168609632
25.695301993267087,18.0,7.0,413.3441161168073
17.115017589045014,19.0,1.0,370.6060590610342
20.985877780245787,20.0,2.0,407.2124044714427
24.63013568202811,21.0,3.0,451.3879854833257
24.62167197837085,22.0,4.0,423.8398703962154
34.86271088394904,23.0,5.0,555.8274381442549
18.07006028800501,24.0,6.0,378.1375758942854
27.527946209179373,1.0,7.0,364.92845737290577
32.44556554164145,2.0,1.0,416.9679521139712
36.35724872711398,3.0,2.0,460.8712238432079
22.978012884080197,4.0,3.0,364.256969248136
27.457147263601,5.0,4.0,366.54052146920674
27.848801785993235,6.0,5.0,373.9329298390914
25.977408657766453,7.0,6.0,375.742461433353
24.50577399380347,8.0,7.0,348.6199324343156
27.17987694750023,9.0,1.0,396.0981968297463
12.338769573901573,10.0,2.0,269.4892151631816
28.41034745031316,11.0,3.0,400.0021573650575
25.63088951830984,12.0,4.0,384.1496504848256
23.887625516108677,13.0,5.0,429.9581668195596
35.23431097859779,14.0,6.0,513.5326109653581
21.62532990604724,15.0,7.0,355.32203201507417
22.98462005467485,16.0,1.0,415.2105021120725
34.95776651102367,17.0,2.0,539.9242746499693
20.83969347575072,18.0,3.0,409.285223159312
22.249423585317302,19.0,4.0,402.9511152640384
24.26487288284575,20.0,5.0,447.17868288391526
29.203672410647748,21.0,6.0,438.2677936088341
26.039012536766567,22.0,7.0,428.2639627581506
18.53687326423869,23.0,1.0,400.646160677116
22.33915718436405,24.0,2.0,443.9842424997963
21.963227833938944,1.0,3.0,297.3966325860166
24.613894773884773,2.0,4.0,349.3273475641109
27.129218293149144,3.0,5.0,358.8153779577462
27.09102877943986,4.0,6.0,367.37110590985526
16.11994122975799,5.0,7.0,285.6948883108801
30.31970493780428,6.0,1.0,448.3757993158149
26.26284422998312,7.0,2.0,371.6872357525658
31.92266023796953,8.0,3.0,429.08157313929325
27.22099163645336,9.0,4.0,396.9864484534672
30.50661478867881,10.0,5.0,439.5312218633296
27.332726557250638,11.0,6.0,397.1692958010115
31.73112878101374,12.0,7.0,477.1241366661308
27.61125318008889,13.0,1.0,445.0603286350601
24.51042376778548,14.0,2.0,417.2259398753434
36.36217360223441,15.0,3.0,504.2909594434447
29.44518561139946,16.0,4.0,485.79767046167024
27.868722105022066,17.0,5.0,392.2838446054069
18.61847791730832,18.0,6.0,374.8658882100706
18.55846191268231,19.0,7.0,378.2708538802385
26.463577410709267,20.0,1.0,452.9877503615335
25.727605988841205,21.0,2.0,481.7342642333605
21.929387174958418,22.0,3.0,419.03192069049726
25.7049134980603,23.0,4.0,461.2977690471519
32.94313464021798,24.0,5.0,541.221922150264
28.47701237275149,1.0,6.0,435.50162196373606
19.294957451236307,2.0,7.0,308.8382526740232
24.44245586428528,3.0,1.0,370.4471826571112
20.9751675957372,4.0,2.0,305.49558622534806
23.061500417957195,5.0,3.0,349.4868006891618
22.931921671851786,6.0,4.0,331.0567348415901
22.611772086979972,7.0,5.0,362.559937815456
18.724323140133023,8.0,6.0,312.0525709160274
24.36172659240905,9.0,7.0,345.1268323318126
22.19696181576345,10.0,1.0,370.59210982600456
10.35275654998866,11.0,2.0,235.53921610556048
35.26486012250832,12.0,3.0,506.6729256518341
30.44384827108336,13.0,4.0,440.2569363835285
23.11849637537502,14.0,5.0,386.7347164209664
25.094095248702992,15.0,6.0,422.9503497257318
19.14172826341219,16.0,7.0,349.3562427956198
33.47861438905433,17.0,1.0,508.9683785470955
34.48644347386556,18.0,2.0,532.9299591598048
25.783468641232623,19.0,3.0,457.7783388281833
30.117653220926723,20.0,4.0,467.032866811632
25.87643389466962,21.0,5.0,453.9774620408003
18.316372805620347,22.0,6.0,401.5145444365515
22.940883155181712,23.0,7.0,434.8819708173514
25.659639833859785,24.0,1.0,474.7514812719424
22.72726140628278,1.0,2.0,339.06736419680567
23.90673361282482,2.0,3.0,349.11726525030184
24.54300221245443,3.0,4.0,363.50204430774056
24.595607510672693,4.0,5.0,310.47744288706804
25.261292452487417,5.0,6.0,328.54380185160886
19.696974668016995,6.0,7.0,326.06632966983466
21.41491925436032,7.0,1.0,316.0436090203744
18.577078671500157,8.0,2.0,327.80155942938563
29.889077748431003,9.0,3.0,427.8497843636642
14.471765290798375,10.0,4.0,262.7938679960638
30.767951716584623,11.0,5.0,454.6725123087958
31.931746986314216,12.0,6.0,465.3381399374736
23.48909706508689,13.0,7.0,421.09782369279645
11.984314560863506,14.0,1.0,274.3469215179173
23.193447190163543,15.0,2.0,429.7366743030189
24.679079193555904,16.0,3.0,424.8392502232453
19.947008900355435,17.0,4.0,359.2496513727001
22.423908030958785,18.0,5.0,415.2240094599328
32.65097599431676,19.0,6.0,514.8245300322467
28.324635811508703,20.0,7.0,462.963224012248
20.3771794281095,21.0,1.0,411.0977014099075
17.01200415202284,22.0,2.0,362.1803008993177
23.364913411951143,23.0,3.0,423.13339161442127
23.93271610324781,24.0,4.0,462.51600450892977
27.480995936816583,1.0,5.0,360.33117088190033
22.323416437161704,2.0,6.0,313.6325044066352
27.557497876809308,3.0,7.0,375.17141068697856
34.675770200301145,4.0,1.0,469.0634688986876
29.077505112221317,5.0,2.0,381.1885217027319
24.759557463346137,6.0,3.0,394.3206163625586
24.084247644733527,7.0,4.0,366.2661194853488
23.216634329100643,8.0,5.0,353.11327803456345
30.90320456226072,9.0,6.0,444.6489657260021
21.863432770243485,10.0,7.0,352.36517157473213
25.22611354499991,11.0,1.0,419.6023892397932
25.255989509405428,12.0,2.0,417.31956853707305
22.49107903594234,13.0,3.0,395.2677149393487
18.137672260579496,14.0,4.0,366.3966007203453
26.61487251808834,15.0,5.0,443.8212161603028
24.69498014072308,16.0,6.0,405.7400770006596
27.50120234718285,17.0,7.0,416.5540003502919
22.33199846780417,18.0,1.0,443.675943338132
31.10410649406524,19.0,2.0,495.2865974737102
20.616131093940776,20.0,3.0,387.6991626721973
33.56020142008946,21.0,4.0,493.8674778456059
16.261817450858693,22.0,5.0,364.3876366148292
27.173850322784457,23.0,6.0,471.71623530692
27.37715341263312,24.0,7.0,442.4692354013416
21.02221466029559,1.0,1.0,321.2876274456194
27.12196968930506,2.0,2.0,365.2558584790218
31.397593348800797,3.0,3.0,473.7822336337818
13.915905803229675,4.0,4.0,235.77183419047944
27.51372403745407,5.0,5.0,376.4333737305849
12.533645898349612,6.0,6.0,219.8409344984088
20.17167598238396,7.0,7.0,341.27429024467904
33.145831824504725,8.0,1.0,461.0028023557522
22.09108983303973,9.0,2.0,345.4126152550874
19.130600177955134,10.0,3.0,346.4451019779622
24.010311355076592,11.0,4.0,355.4960548425022
35.339531690817765,12.0,5.0,510.8975278331566
15.84158876396987,13.0,6.0,341.0438819717158
19.74345044180328,14.0,7.0,357.76666107473454
32.48715841589813,15.0,1.0,509.6295504841798
34.288511717688664,16.0,2.0,534.2863215150363
24.48284387854858,17.0,3.0,455.02259935899616
18.80473648736679,18.0,4.0,390.24524407405
35.4792175090458,19.0,5.0,543.5855695359184
32.97221195874599,20.0,6.0,529.79994760018
28.394734938811165,21.0,7.0,450.2286508788095
20.9379882553129,22.0,1.0,431.90575436807546
24.754853295809816,23.0,2.0,436.4374135344232
24.198199594775847,24.0,3.0,445.641547575126
26.65425652307789,1.0,4.0,297.89132172791415
32.255007190656684,2.0,5.0,425.5786650939161
29.397085205687016,3.0,6.0,378.0934118347032
19.613119615076208,4.0,7.0,317.35410045485133
31.882482250097688,5.0,1.0,448.6286747130849
26.565660700065777,6.0,2.0,412.1385248946903
28.43532897929458,7.0,3.0,388.6813588994951
32.33270429639302,8.0,4.0,472.09476370712287
19.442098752432244,9.0,5.0,366.53811441158894
24.82087210646769,10.0,6.0,395.4918870633148
22.342727243203925,11.0,7.0,373.234252605885
17.16070287317272,12.0,1.0,331.9989822596259
26.7335498880246,13.0,2.0,415.8421232689387
37.55778275792212,14.0,3.0,551.8016750332514
15.799611277471236,15.0,4.0,290.874454566671
24.83859694475265,16.0,5.0,405.0308669491101
28.20271467537387,17.0,6.0,413.6060107069951
25.615391008280906,18.0,7.0,411.0807825365074
24.434359737421296,19.0,1.0,449.1844992120842
18.50391818277088,20.0,2.0,389.147049352118
26.163933714700818,21.0,3.0,458.6576110577177
21.21618011492037,22.0,4.0,413.5698210304439
14.050391475107231,23.0,5.0,302.7866223937881
30.972961102568654,24.0,6.0,504.2783654142683
29.79192909921021,1.0,7.0,368.29225886339793
25.2583048842554,2.0,1.0,346.40185503226314
26.145373441028514,3.0,2.0,382.4453069665602
30.37159006357781,4.0,3.0,397.5057541056718
26.121698283890414,5.0,4.0,362.1233658363559
29.520087773806573,6.0,5.0,368.4594928238754
23.51258899563075,7.0,6.0,346.2434263487841
31.559918692869733,8.0,7.0,412.842435974425
26.603928629663415,9.0,1.0,409.6233448704271
25.97025971802937,10.0,2.0,384.6804362454444
18.64969455643984,11.0,3.0,334.58779047538275
26.434779271508543,12.0,4.0,409.45407750023855
20.840225412527744,13.0,5.0,391.8430895861238
21.808586367357528,14.0,6.0,380.0302232826392
20.923121858419396,15.0,7.0,326.43846113294785
19.66882534050388,16.0,1.0,348.39047652298456
35.62385701508481,17.0,2.0,536.3427303306947
31.656695309942016,18.0,3.0,478.9699941315672
34.60183751072131,19.0,4.0,469.6510065024961
18.88552490222218,20.0,5.0,400.8461752988967
25.356268749554463,21.0,6.0,454.9671678336528
18.53246187397952,22.0,7.0,384.7441562096306
21.52152561401468,23.0,1.0,415.0687952307285
20.409365082917127,24.0,2.0,426.6471862493699
31.197920032207808,1.0,3.0,393.8919938376605
23.0188516094912,2.0,4.0,332.28566209926583
30.34189666847008,3.0,5.0,385.00730216797126
28.02060444794259,4.0,6.0,412.5318134905461
36.51819376052394,5.0,7.0,437.77720452360256
17.60277888430138,6.0,1.0,327.67346543323043
31.296166198934,7.0,2.0,442.73997854968655
30.73220435200364,8.0,3.0,428.5327036131966
20.133105809864823,9.0,4.0,337.671116532563
30.0356666823658,10.0,5.0,450.0236269672216
26.680724815131143,11.0,6.0,431.1421828851994
23.86261870023296,12.0,7.0,383.88904746500026
20.88032256514,13.0,1.0,352.98930394615445
21.40445274275407,14.0,2.0,379.1571299028565
35.24906047892963,15.0,3.0,554.8264695225438
25.003414094787413,16.0,4.0,444.9877026581266
28.910650007657296,17.0,5.0,477.28176963906014
21.045503091662237,18.0,6.0,398.3687713190701
21.100735268891807,19.0,7.0,398.9963545010489
30.40992404624971,20.0,1.0,524.2743371526946
18.25211894224234,21.0,2.0,372.3886137079853
22.923931160473643,22.0,3.0,403.1375902892363
25.17013705536116,23.0,4.0,456.0814405683528
25.556863009200264,24.0,5.0,444.2169983564488
24.10453357491922,1.0,6.0,306.9449206416485
26.979098905479617,2.0,7.0,344.3854175230375
28.464278779089057,3.0,1.0,446.3490662815643
28.67318772729665,4.0,2.0,403.45436995448335
20.07098095666087,5.0,3.0,323.9479662938284
23.579224510356013,6.0,4.0,329.3449889634751
30.97381430938469,7.0,5.0,392.8630839179943
29.47323593786936,8.0,6.0,400.3513065163175
18.13570274259468,9.0,7.0,334.12093913012177
26.757399501761007,10.0,1.0,421.2595043391405
15.108873753125948,11.0,2.0,312.0606393601473
25.234674510301847,12.0,3.0,418.1180658870597
34.48883508372988,13.0,4.0,486.0613632413333
20.260536413655068,14.0,5.0,385.36467581601806
20.82838477254209,15.0,6.0,352.6276957409773
28.820148907864297,16.0,7.0,475.326136263894
17.285992423951768,17.0,1.0,363.7059673622245
21.836224850574805,18.0,2.0,366.58134542082166
27.982205687908763,19.0,3.0,450.86186714707696
21.828570761552985,20.0,4.0,370.5869369580878
23.820150063945142,21.0,5.0,451.4671432953356
28.720928551575174,22.0,6.0,478.7145770997037
27.10773041768281,23.0,7.0,420.5104553778325
26.33409198147701,24.0,1.0,487.8558574491632
23.304388603649805,1.0,2.0,321.3006007887317
26.850305576344777,2.0,3.0,339.8269386627813
24.381336599501218,3.0,4.0,380.3726827343861
27.289028049628925,4.0,5.0,380.0359978182208
22.51533987441011,5.0,6.0,326.28477069783486
24.087155128102296,6.0,7.0,341.8830556613026
20.05021103723993,7.0,1.0,302.2365209892439
24.82496194996882,8.0,2.0,356.15864150800604
20.944995681855776,9.0,3.0,371.1482925160594
19.429767749190034,10.0,4.0,322.82002009618594
26.293305739276946,11.0,5.0,403.3744114115067
26.063698879288303,12.0,6.0,361.7503792688616
28.914368674742864,13.0,7.0,406.78184603151857
22.844372152124507,14.0,1.0,407.6399719187401
27.04026423418378,15.0,2.0,446.9568775441145
27.75398786136832,16.0,3.0,483.6073825881695
27.22386903915797,17.0,4.0,472.0978170242043
20.871731585989288,18.0,5.0,379.1030964101964
25.746817411355945,19.0,6.0,443.9272454078248
26.820701480273307,20.0,7.0,440.8749459446716
25.03589233453971,21.0,1.0,493.45511971817007
14.567611708144575,22.0,2.0,372.65641100249377
25.8024481198674,23.0,3.0,467.418183015829
36.06265519698621,24.0,4.0,572.6344476673892
23.199803656215085,1.0,5.0,350.895042307347
21.359614510723397,2.0,6.0,317.1877020495109
26.86674279855699,3.0,7.0,393.8399883269717
26.561891052332857,4.0,1.0,338.7459519981511
30.96367582708207,5.0,2.0,437.86132350079663
18.71065922045556,6.0,3.0,297.79789491092794
28.65690126287496,7.0,4.0,444.6965723813095
27.95211030625732,8.0,5.0,435.44907680636976
24.28926731529727,9.0,6.0,370.5493893349988
26.69343658960845,10.0,7.0,426.6469854723051
30.147287407991787,11.0,1.0,489.135164479768
29.361576900142254,12.0,2.0,449.1039024399455
19.28490343963136,13.0,3.0,398.2877098449507
29.10079093377742,14.0,4.0,448.38108628437976
24.676556974837407,15.0,5.0,402.4751507416559
25.364370490077576,16.0,6.0,432.96115667246266
25.36598495500847,17.0,7.0,410.5840349272384
24.2487850560087,18.0,1.0,431.1946460759849
30.958537485535324,19.0,2.0,526.7740633363715
24.58141020075394,20.0,3.0,437.1984790518848
19.402269358084155,21.0,4.0,353.1223377213354
23.03235072015136,22.0,5.0,432.6698949584975
25.893473584052376,23.0,6.0,442.0088642594759
31.14607392148525,24.0,7.0,527.7661623607435
28.01547342474417,1.0,1.0,396.0785285639666
20.74732360626478,2.0,2.0,340.90124302597826
37.425949583394456,3.0,3.0,498.4101418497985
26.3238765548899,4.0,4.0,393.04365122206025
31.376953689995077,5.0,5.0,410.3876016971964
24.241427832113853,6.0,6.0,370.4940082389486
27.66679622352725,7.0,7.0,430.0369880224783
29.197342522592024,8.0,1.0,415.20042705318485
31.09097355877128,9.0,2.0,485.9045014222548
30.286841526891124,10.0,3.0,432.88141344488463
29.360985000364888,11.0,4.0,419.5704251026494
23.424566344029454,12.0,5.0,385.16967230739135
22.14126979021969,13.0,6.0,382.7309062247731
26.663037551620988,14.0,7.0,433.8653779956552
29.665640361705343,15.0,1.0,449.42115520158944
23.88639649611697,16.0,2.0,421.55476690625545
30.32585982857193,17.0,3.0,465.5475068560492
32.263083727430896,18.0,4.0,470.85239215289744
20.418395404632903,19.0,5.0,365.60922773567336
20.815396481018603,20.0,6.0,375.1359574910697
24.29812470547332,21.0,7.0,437.4131502617833
26.538063340945985,22.0,1.0,495.4249066708332
22.377164931164742,23.0,2.0,403.3075167141421
31.76101339433572,24.0,3.0,535.6493554275182
27.120334307592252,1.0,4.0,340.6693793605044
25.197235241203696,2.0,5.0,359.554060592317
17.82045238065736,3.0,6.0,262.74991218649865
18.420920917862464,4.0,7.0,262.18262881815906
26.405046251409036,5.0,1.0,402.0437528210418
14.337021869225818,6.0,2.0,255.63176658335627
30.06318704822036,7.0,3.0,420.3125914551496
24.2092307781384,8.0,4.0,325.69252603025643
41.215464847973664,9.0,5.0,561.085675708206
36.53958125308056,10.0,6.0,513.8139829541876
24.092754653762416,11.0,7.0,375.03670342325046
24.468314987343422,12.0,1.0,371.1315310463191
29.97790757001015,13.0,2.0,482.96645926679673
33.51586304959019,14.0,3.0,482.8333627686861
16.809854712819917,15.0,4.0,322.0314781261874
16.06812267322657,16.0,5.0,371.92210785945633
21.88982597222809,17.0,6.0,371.8255308400964
27.91368791586932,18.0,7.0,462.9810784072232
27.484367952537987,19.0,1.0,478.0855247670322
30.34885727491925,20.0,2.0,505.29201660679416
19.001512358173457,21.0,3.0,391.6551344328248
13.419280685155616,22.0,4.0,339.72057808934017
29.290070976510727,23.0,5.0,498.3395215839181
20.859018635173825,24.0,6.0,409.551819176217
14.90756067805681,1.0,7.0,263.30126926278297
25.725318729796907,2.0,1.0,337.9999760819835
28.965878441093388,3.0,2.0,419.08794649124144
24.389714339393613,4.0,3.0,371.34398936768713
22.710758069087557,5.0,4.0,354.0755631174636
24.203188839270467,6.0,5.0,379.37147694550725
23.147086187996084,7.0,6.0,346.61887397459293
18.259764440299165,8.0,7.0,264.21816288645414
21.42659661504784,9.0,1.0,354.8201129561887
27.606399525069072,10.0,2.0,400.2401108981997
26.6083927068825,11.0,3.0,397.4467428716637
25.8402990298341,12.0,4.0,381.5545968216928
20.024257590733104,13.0,5.0,340.6956787384543
24.092484189321663,14.0,6.0,380.99236801354766
14.114674767785726,15.0,7.0,247.5953510793152
25.892383319426948,16.0,1.0,449.9282714199153
32.14428853906784,17.0,2.0,544.849322550776
17.62933933978947,18.0,3.0,369.4181372678205
22.070361633411224,19.0,4.0,399.6451372034277
26.64553389355065,20.0,5.0,450.36041102198215
31.264213172137417,21.0,6.0,491.2224143611107
22.75887691849925,22.0,7.0,418.3896008623317
21.53874835367052,23.0,1.0,426.6473216552405
15.155384287919585,24.0,2.0,348.73287427122995
25.51719064654053,1.0,3.0,384.8296742443619
35.21038020071872,2.0,4.0,420.3607172929917
26.38679230982338,3.0,5.0,378.2345539621188
24.888605104081435,4.0,6.0,348.8620984944637
26.61041155383493,5.0,7.0,408.1207518396642
24.94453998025699,6.0,1.0,383.2626917875343
20.93492813869935,7.0,2.0,331.15117064332856
29.116399578388528,8.0,3.0,417.20985181519535
26.12880761555877,9.0,4.0,395.0862100459829
25.088066259668288,10.0,5.0,363.0248486967549
20.12316986360875,11.0,6.0,322.8943081337293
31.517539659673798,12.0,7.0,418.4765172129008
28.32351372666555,13.0,1.0,426.7755992991736
22.23539581316349,14.0,2.0,388.2320877648439
30.009124268409685,15.0,3.0,472.0947436697873
22.512145808073964,16.0,4.0,353.5348641808116
21.08998253744481,17.0,5.0,378.1555913135641
21.201484412598564,18.0,6.0,395.28304314242826
16.144657234559546,19.0,7.0,332.1883284780708
27.35771190209103,20.0,1.0,457.9013461053543
15.84427560830825,21.0,2.0,349.1995331821182
18.857780843671183,22.0,3.0,378.7625413371674
14.622059954607334,23.0,4.0,336.4859883639122
24.569651536045534,24.0,5.0,454.1729858653523
24.24839769864064,1.0,6.0,375.6377415411155
23.36651893406818,2.0,7.0,307.7911910025781
19.78711152664712,3.0,1.0,303.50826261324266
19.1388312328168,4.0,2.0,304.3543535406634
27.32184931773287,5.0,3.0,375.47140449016285
22.24724034145756,6.0,4.0,362.43711948504415
26.581791607680724,7.0,5.0,338.4002086106785
20.573756569378887,8.0,6.0,317.1163822862153
25.905313713855413,9.0,7.0,399.41941186495336
31.51639018658032,10.0,1.0,456.2820156980305
27.93082900196392,11.0,2.0,411.89151084263335
22.9379309089176,12.0,3.0,389.19444417795125
26.28599485177964,13.0,4.0,433.9868132257394
23.796674127348936,14.0,5.0,397.1794501777905
25.03940092347364,15.0,6.0,391.3696020384787
23.371944739257483,16.0,7.0,401.84351377560967
24.178323970573043,17.0,1.0,415.7422537002346
26.06046676537088,18.0,2.0,459.5084052915853
20.033206502090245,19.0,3.0,415.9972427180343
19.920605865050103,20.0,4.0,335.09452353673043
18.057287230843944,21.0,5.0,372.7942217723521
16.99864447748145,22.0,6.0,327.2717660358619
18.913586538897604,23.0,7.0,431.9716370955715
25.797312534020644,24.0,1.0,465.6106346642826
20.53606242254058,1.0,2.0,319.28808906191324
27.56807232115548,2.0,3.0,375.9743860196569
25.17356874376281,3.0,4.0,338.67399582324697
15.157478932809733,4.0,5.0,238.1337283845488
28.274877921108448,5.0,6.0,421.4623626730996
29.05399322795855,6.0,7.0,418.65869348315175
20.030686625825734,7.0,1.0,371.1785480058086
27.10095771447496,8.0,2.0,406.1186438479036
20.717508812954005,9.0,3.0,348.9334805544601
25.48835188374168,10.0,4.0,387.53968752431103
18.67750796522517,11.0,5.0,321.0334355899516
16.034467737327116,12.0,6.0,281.5069387237238
23.08591405193516,13.0,7.0,376.5393443378386
24.381355268625818,14.0,1.0,395.0286207885342
23.01160153192698,15.0,2.0,407.9541937625538
19.0798472088872,16.0,3.0,365.1986764684762
23.000504689344314,17.0,4.0,408.7586877669576
26.34647376290367,18.0,5.0,471.9673364228412
24.77553484938732,19.0,6.0,424.00098949856135
25.91250515299607,20.0,7.0,453.25959158702926
21.649423997728835,21.0,1.0,459.52442925899993
30.8585895735808,22.0,2.0,538.718237121709
19.119133317226098,23.0,3.0,420.2547271413579
27.437801485433592,24.0,4.0,476.2442505439259
30.90945546479981,1.0,5.0,403.68741575935405
27.40454046374448,2.0,6.0,339.679878796846
23.98737886467585,3.0,7.0,343.8520766660468
22.358514766685104,4.0,1.0,346.0743512191279
30.18043825523128,5.0,2.0,421.2720850554364
17.885125373691636,6.0,3.0,320.3951495017736
20.14937869810178,7.0,4.0,300.33829053252987
23.01221117254139,8.0,5.0,387.8193687486208
31.18826878755999,9.0,6.0,456.9179816344056
26.89883818020448,10.0,7.0,396.5757022090053
20.15977120744877,11.0,1.0,350.62312031813985
23.448461473075483,12.0,2.0,398.0968390357268
21.92838427951853,13.0,3.0,405.7008674364608
21.45105503883233,14.0,4.0,374.5427047621235
29.894447792783897,15.0,5.0,461.8250959674235
18.141284353682472,16.0,6.0,343.7752130893421
33.04390427867187,17.0,7.0,530.0795250407482
29.141148450923115,18.0,1.0,471.0338224504907
30.45430835301849,19.0,2.0,492.9529315578035
22.68530243987371,20.0,3.0,447.12173748395696
24.25029640460445,21.0,4.0,438.44318071830185
17.83424092737644,22.0,5.0,396.08358647467486
22.376687964665983,23.0,6.0,402.5412785086007
27.46827423821576,24.0,7.0,469.5768919495873
31.48031530890698,1.0,1.0,446.4918338578744
19.464215915987744,2.0,2.0,285.1153648446065
23.17247031507367,3.0,3.0,334.6987223553425
24.24350389883739,4.0,4.0,355.56874360620344
18.021053989037576,5.0,5.0,270.427449530516
27.956746208792,6.0,6.0,383.2912597154821
21.380048341286955,7.0,7.0,330.05321704938234
24.02304824411488,8.0,1.0,378.164117124388
22.74025314044061,9.0,2.0,392.0095718211488
21.053307471401627,10.0,3.0,382.3622186106613
24.964775072597227,11.0,4.0,375.5260532859541
23.92195210715989,12.0,5.0,386.4448914549487
23.140710588606677,13.0,6.0,391.8920720545621
21.35769189159829,14.0,7.0,392.9038682319668
26.597623353914777,15.0,1.0,452.3460394854904
33.26808634246142,16.0,2.0,512.4991314564609
25.699436164195635,17.0,3.0,446.32521228160897
29.980591074555644,18.0,4.0,491.28128743228166
18.048890374232688,19.0,5.0,341.9346178966395
25.78880719646885,20.0,6.0,443.7440478148139
19.513158405144665,21.0,7.0,408.3148039352205
17.615375362340494,22.0,1.0,379.0066182495249
21.30314296270482,23.0,2.0,424.62036247799705
30.959496672067864,24.0,3.0,515.7446377301583
29.750079143348227,1.0,4.0,344.2236015213448
26.215023610272,2.0,5.0,357.56203964741354
17.336497200550347,3.0,6.0,276.40081061856097
24.018596743060314,4.0,7.0,328.93609961298506
26.50850004450868,5.0,1.0,363.9922614673922
25.87768114789299,6.0,2.0,365.16468228329694
15.78103208259627,7.0,3.0,299.094073148674
20.54841075990064,8.0,4.0,372.9346030599445
24.679611179256412,9.0,5.0,404.4447786106728
27.68145454758595,10.0,6.0,381.92762537924847
14.019360894500268,11.0,7.0,291.2861551560167
24.189380122600703,12.0,1.0,385.6305537098213
25.71524384939476,13.0,2.0,404.5070972437721
29.248059942581065,14.0,3.0,444.24108746638495
28.464287921187186,15.0,4.0,461.7642182089804
27.912856594044023,16.0,5.0,463.313633469421
21.00029746649033,17.0,6.0,375.04235323930754
15.459989314383462,18.0,7.0,321.9784783236741
23.034736214692995,19.0,1.0,431.6326370116458
30.0081591260428,20.0,2.0,505.4414820509128
31.96727263762216,21.0,3.0,539.1972405113921
28.55274551148893,22.0,4.0,457.8400156047053
27.14670411400867,23.0,5.0,471.86758793616735
26.898198241929823,24.0,6.0,449.6214949014747
22.219406266196096,1.0,7.0,305.1752170806929
24.3496985322319,2.0,1.0,345.9734795687038
33.34534762913165,3.0,2.0,441.51848721326246
20.287209971040618,4.0,3.0,297.87724194819555
33.07389395354926,5.0,4.0,413.993143671344
23.38985922753971,6.0,5.0,307.0098417410991
31.62716054547539,7.0,6.0,430.6480023694571
17.96592495251231,8.0,7.0,290.0392274084643
27.929521005823247,9.0,1.0,407.7764567621559
21.31614932026189,10.0,2.0,383.6124624592521
17.923664040379062,11.0,3.0,308.0478766678844
26.092670212054728,12.0,4.0,437.2633837633233
30.047358942979844,13.0,5.0,482.9504643151836
20.77529280703252,14.0,6.0,320.7349187345376
17.504920197707996,15.0,7.0,330.8968311570593
24.540776178325224,16.0,1.0,414.4138319665324
24.56282335611409,17.0,2.0,366.3921546667957
27.74159813777249,18.0,3.0,429.5231563163566
29.747972856822443,19.0,4.0,495.97845071039393
24.70292409363753,20.0,5.0,472.4132259906006
34.27751657397131,21.0,6.0,547.8287285936981
26.12117372267646,22.0,7.0,456.6843866770242
23.267867469965505,23.0,1.0,444.2520270670333
16.94216320448586,24.0,2.0,417.0748903378209
23.68670239841916,1.0,3.0,375.8318080233444
23.31806527294432,2.0,4.0,319.44379913895943
29.80152398140735,3.0,5.0,358.0155086078677
27.31241812033427,4.0,6.0,333.16043193791864
19.103154391836917,5.0,7.0,321.4691637615652
25.86127193205519,6.0,1.0,384.67154850506415
28.357655858645263,7.0,2.0,416.2413967956271
32.640156796939166,8.0,3.0,421.58854811025736
29.437519837070298,9.0,4.0,412.3114201149336
28.80423327155739,10.0,5.0,417.1327164375583
25.30042997307582,11.0,6.0,394.1610673980396
26.941560027117248,12.0,7.0,400.4437594928973
31.247524503530794,13.0,1.0,453.72872106928105
18.33611301260175,14.0,2.0,331.669790273967
23.25280336391522,15.0,3.0,422.6944993580969
21.137156256218795,16.0,4.0,384.2672549542579
26.89576559363062,17.0,5.0,451.2007920754172
31.151110878253935,18.0,6.0,465.5336325649928
22.01512856639463,19.0,7.0,335.0748159559338
13.04847816265281,20.0,1.0,317.02269548883817
22.93889627487765,21.0,2.0,411.0575516602666
29.567368660087038,22.0,3.0,503.6539319734319
27.6881495147494,23.0,4.0,545.5959694211308
27.140931239052883,24.0,5.0,490.312632742894
23.6000334906276,1.0,6.0,377.7195380939458
18.604846318901068,2.0,7.0,286.4238570957997
27.576471608122336,3.0,1.0,375.1669913297691
20.828590949826875,4.0,2.0,329.24423106068645
35.920483666902285,5.0,3.0,510.817608658577
27.85253604177258,6.0,4.0,433.11661234415055
22.096758487230247,7.0,5.0,329.4608375114409
21.94307376305686,8.0,6.0,346.49441154455457
24.535278966932054,9.0,7.0,340.7674520758977
23.80249038989125,10.0,1.0,401.5182763927411
30.584168877649773,11.0,2.0,485.9087827576156
25.932080848720236,12.0,3.0,411.11679756952265
21.34184130545736,13.0,4.0,353.07073196737105
34.45220342577891,14.0,5.0,506.72465328334033
25.246541657601117,15.0,6.0,417.8145972032745
28.844198379844485,16.0,7.0,449.0648604354373
21.958867462776205,17.0,1.0,405.16297711448107
26.815578138722618,18.0,2.0,448.6794843778388
26.55554995571597,19.0,3.0,471.4745981216879
15.551753539519236,20.0,4.0,358.2420842984949
35.076375552303205,21.0,5.0,521.101692580149
31.453222304612737,22.0,6.0,486.3204109829554
23.01402341927006,23.0,7.0,419.0527458521694
19.48865129772072,24.0,1.0,426.6232554593108
26.73780806901776,1.0,2.0,369.3392289679939
25.433488497071984,2.0,3.0,342.4718767682667
26.778344742816145,3.0,4.0,376.0138193626781
25.957886980970446,4.0,5.0,357.96265941925907
27.53120494652963,5.0,6.0,399.9217786697789
32.23652849695903,6.0,7.0,438.0264536709313
27.840516025643232,7.0,1.0,404.09959650738944
19.751722505450296,8.0,2.0,336.1476004954322
31.81281426356226,9.0,3.0,480.4291038261066
33.20307281744144,10.0,4.0,458.6381266434868
40.760283672560426,11.0,5.0,555.6559763585475
19.38252983380201,12.0,6.0,334.4160915287002
26.214410065751373,13.0,7.0,414.6837743347557
14.589506484055065,14.0,1.0,299.803766008636
27.765745781896044,15.0,2.0,448.864166482148
22.258998509166137,16.0,3.0,415.7464507399973
34.617228974124764,17.0,4.0,500.43215011632543
21.12692514990709,18.0,5.0,359.6811494325693
16.554084810163694,19.0,6.0,316.71173681189765
22.6436812964874,20.0,7.0,382.0235623608702
15.122561143914313,21.0,1.0,365.1320771969964
28.75549727253655,22.0,2.0,463.4377790080562
14.674584768718397,23.0,3.0,346.7879407923133
25.142287905915797,24.0,4.0,471.7886651253721
14.610940900719015,1.0,5.0,244.442590218162
23.39851097731679,2.0,6.0,318.2739301739182
33.21689077902267,3.0,7.0,429.9873824253288
26.80323945717897,4.0,1.0,387.1753011665411
20.68253197517533,5.0,2.0,321.3405006407896
24.84398255530458,6.0,3.0,365.2231311799542
25.09008436022223,7.0,4.0,418.6093922973615
27.36315172921703,8.0,5.0,414.8177353707964
18.165708183595868,9.0,6.0,358.27010018620155
27.96283636923665,10.0,7.0,398.6891010339565
11.478041841986125,11.0,1.0,265.08108648209827
21.850577238180943,12.0,2.0,345.86325707627657
22.55863078774228,13.0,3.0,365.39497183563134
28.166634130356197,14.0,4.0,477.704604276812
25.113154263384345,15.0,5.0,400.6908568370083
17.972184730718567,16.0,6.0,380.10747331007485
20.075034370914924,17.0,7.0,339.8830984955514
25.993400047737037,18.0,1.0,425.8646197959048
24.60466329067722,19.0,2.0,428.22200848630376
22.104379451821263,20.0,3.0,410.7687960846291
22.595831052440104,21.0,4.0,437.4200563734036
28.480839985796443,22.0,5.0,488.82380820168976
22.411537135653926,23.0,6.0,412.7890662096588
24.559543779854632,24.0,7.0,441.92912166818417
35.849682940402715,1.0,1.0,454.1155710083332
17.881586815580384,2.0,2.0,264.5227934492893
15.740786342126707,3.0,3.0,245.64860468923465
28.917948323993038,4.0,4.0,417.73716106859854
21.606784693529484,5.0,5.0,289.50454837675204
23.4088123612869,6.0,6.0,378.4352975617701
21.09421810934443,7.0,7.0,318.08229658139965
23.70099929616244,8.0,1.0,358.55982083378115
32.992690560481705,9.0,2.0,483.7220914187625
29.0106422930906,10.0,3.0,460.8107546138483
29.311117559434884,11.0,4.0,458.463824426428
17.918864721036773,12.0,5.0,334.22568819756555
19.24423131723565,13.0,6.0,361.1795829667933
10.804606702572864,14.0,7.0,222.71611548285136
20.95309589458623,15.0,1.0,371.0943481160993
29.78351593192829,16.0,2.0,453.6117581187861
27.584732578741853,17.0,3.0,476.340100411722
23.892433685239386,18.0,4.0,409.2547764739161
24.88849858140973,19.0,5.0,445.7931169497385
21.55557228712297,20.0,6.0,408.27286172100247
26.02379441200892,21.0,7.0,426.9918053968156
28.829391397403075,22.0,1.0,483.554749774505
16.920566062947636,23.0,2.0,404.0820144457709
26.49823843918674,24.0,3.0,460.4727314181792
29.66217435477333,1.0,4.0,392.1190957516429
22.924498555183156,2.0,5.0,308.5941598253026
28.50350306060292,3.0,6.0,375.755986867712
39.07327222236276,4.0,7.0,488.80948334422817
24.47828603506554,5.0,1.0,351.1255301447055
26.966535250026617,6.0,2.0,374.45641342058855
21.309714581693044,7.0,3.0,344.82261255247926
25.90625581301025,8.0,4.0,370.167809954279
27.30135812491152,9.0,5.0,386.8004301351417
25.97421170135069,10.0,6.0,372.9610541394675
19.90152340145572,11.0,7.0,331.4570730879308
26.03180885662725,12.0,1.0,436.19212125426935
32.31097969358818,13.0,2.0,512.2403696621271
27.24317882257264,14.0,3.0,418.9134265058508
29.809935945359207,15.0,4.0,504.1055753202163
23.814940149936863,16.0,5.0,383.0553042852328
28.74950119711855,17.0,6.0,476.1659824377429
26.396339191082628,18.0,7.0,418.5294628305174
20.24544635156384,19.0,1.0,377.0359981182382
26.592605023994373,20.0,2.0,445.030927104256
20.04151668279845,21.0,3.0,395.3662128350021
21.83559862557604,22.0,4.0,427.95542967643263
25.946641536461872,23.0,5.0,472.8637761227152
26.48622136690062,24.0,6.0,447.9825133620484
19.053837674614357,1.0,7.0,254.7451909959181
30.26992885591438,2.0,1.0,391.3665146918729
27.860031391502364,3.0,2.0,385.3732258673134
21.47635782194558,4.0,3.0,321.5604661356383
17.312076017754123,5.0,4.0,267.1172509361453
24.275477104592845,6.0,5.0,363.1468449271933
22.7702814306942,7.0,6.0,389.9541904736483
25.565702285265115,8.0,7.0,364.5627136159481
23.18441669422217,9.0,1.0,365.1739305181511
14.962715696274952,10.0,2.0,304.82038836923687
23.058265308494207,11.0,3.0,365.4063272502062
23.471904444658435,12.0,4.0,396.098334080948
28.168305123870294,13.0,5.0,417.3121971031221
21.50900162694475,14.0,6.0,403.7324084209935
33.39337336686283,15.0,7.0,494.82923312047416
15.441797246741215,16.0,1.0,319.0175134858779
31.55583748901312,17.0,2.0,482.78454090074575
23.87840514560948,18.0,3.0,409.508056401934
29.297924361717783,19.0,4.0,503.4342369421553
25.399007420293664,20.0,5.0,413.6150540509109
30.697777680127345,21.0,6.0,480.61894339208334
23.063190177235946,22.0,7.0,408.39869063385095
19.50689787411094,23.0,1.0,406.75521940597065
32.10252143635532,24.0,2.0,529.6030205106174
24.432596770589296,1.0,3.0,310.50141107808366
26.107792368121054,2.0,4.0,351.0814700093012
31.17375957022397,3.0,5.0,409.74658203854034
19.840223789527823,4.0,6.0,287.84028119368264
27.977454488196287,5.0,7.0,397.51005466291616
22.050526217685544,6.0,1.0,365.8934307519284
24.33915322177814,7.0,2.0,370.82379822319353
25.361394826921444,8.0,3.0,389.224780006229
17.498890692765322,9.0,4.0,264.7677869806678
21.105814785897827,10.0,5.0,337.63609241574164
31.755364462065696,11.0,6.0,474.6500784558152
29.43095594292398,12.0,7.0,424.84082776565424
24.686802113363825,13.0,1.0,394.12278760579903
26.215617292564467,14.0,2.0,471.7099514462633
23.52878747181771,15.0,3.0,437.6694185220932
31.78291692913991,16.0,4.0,495.1806675410422
23.99823711102918,17.0,5.0,432.7605833398928
26.15921046067424,18.0,6.0,389.0733962475808
30.730150720710327,19.0,7.0,465.55047839452914
21.113142575770468,20.0,1.0,398.7322682942416
32.79394592248447,21.0,2.0,522.2198572475057
17.347692951283115,22.0,3.0,364.6780490933519
33.14821065556399,23.0,4.0,483.481580725313
23.136622080240127,24.0,5.0,444.08671317657246
23.78650626087359,1.0,6.0,335.73814517434806
15.549949144085286,2.0,7.0,276.5374672726525
22.726026413111537,3.0,1.0,323.4940788356161
19.80096734486558,4.0,2.0,294.60641029305776
21.96176827313264,5.0,3.0,282.017993012037
24.3134451710556,6.0,4.0,355.2631149787383
29.78895807236453,7.0,5.0,435.91181634488873
26.038016757003128,8.0,6.0,370.1448103261769
26.53838326700557,9.0,7.0,432.2527290409287
19.522403055772187,10.0,1.0,337.09213384193146
20.596229551986347,11.0,2.0,357.90214120563456
33.99362509175656,12.0,3.0,463.6741893059337
21.323994826183768,13.0,4.0,371.9843551653432
33.28104126028648,14.0,5.0,448.22401670581087
23.784694005595668,15.0,6.0,408.7208991562196
25.01143968071752,16.0,7.0,423.6029603318834
30.351825801149648,17.0,1.0,512.7040864982266
31.359462109693283,18.0,2.0,477.1952467215791
24.44593719860456,19.0,3.0,433.670614351994
23.058784732392304,20.0,4.0,429.8641785116531
24.72039775738893,21.0,5.0,446.0496103404955
26.689787641160592,22.0,6.0,441.5918909089089
29.456518434348776,23.0,7.0,440.72554655236496
25.02114929497076,24.0,1.0,474.1506988873972
28.094431490115767,1.0,2.0,376.8943213349593
33.1917986613547,2.0,3.0,421.5845747543182
26.906548061323925,3.0,4.0,387.3443878875486
26.55826428002389,4.0,5.0,369.6842520371502
17.405445874549663,5.0,6.0,254.67055769014064
11.846349315854685,6.0,7.0,188.8344473766224
26.94187864615084,7.0,1.0,378.83952115884506
24.52587884359564,8.0,2.0,427.11903433129214
22.42608662542629,9.0,3.0,374.7164017329184
26.21765102093172,10.0,4.0,403.9487570488174
24.697981354015457,11.0,5.0,383.34659499643845
30.638901253169493,12.0,6.0,443.4411537327462
25.43055434129489,13.0,7.0,421.6494630801308
21.265383574649164,14.0,1.0,369.841920908423
29.950831194796443,15.0,2.0,480.0467201616503
23.91434462526899,16.0,3.0,403.174887246858
27.632683418361538,17.0,4.0,488.1299668203166
22.612946469036,18.0,5.0,415.975234841926
21.75086557251282,19.0,6.0,419.4197920188007
25.42084115092848,20.0,7.0,421.52021601552
25.064143217718424,21.0,1.0,473.8041544285327
27.399135176834164,22.0,2.0,471.73980326044784
23.656771233451288,23.0,3.0,444.76840881316986
15.818201081148011,24.0,4.0,398.8829642238693
22.836130582058058,1.0,5.0,297.5058046854522
28.96909233571908,2.0,6.0,385.7558779832988
23.513119603784467,3.0,7.0,337.8913012082192
23.76808298742726,4.0,1.0,365.0809174902888
29.931882529529688,5.0,2.0,409.30313543342754
21.440133863705388,6.0,3.0,377.12662065321547
17.285983908785504,7.0,4.0,269.9612013810498
24.196844402372527,8.0,5.0,396.1461517963747
22.579130243756317,9.0,6.0,377.0926145493959
20.16876840123373,10.0,7.0,368.70545980441096
24.123107720506543,11.0,1.0,361.466535230909
27.45752823623392,12.0,2.0,411.198652604545
24.95355719216092,13.0,3.0,435.37443310484207
26.53490536343119,14.0,4.0,385.8082705417057
34.06703849257711,15.0,5.0,468.5412069049629
23.28560569221218,16.0,6.0,385.089901187892
26.391743173223347,17.0,7.0,431.7573075046788
22.453933187004328,18.0,1.0,443.3838333430188
20.768201400565136,19.0,2.0,392.9766957070442
22.07546173291115,20.0,3.0,399.5898343678208
22.60620714239156,21.0,4.0,425.2898701778441
26.797378987735627,22.0,5.0,472.36571954324427
36.74537893350379,23.0,6.0,573.2785857784432
21.4197828186208,24.0,7.0,409.638104027181
22.91687347192269,1.0,1.0,292.0670124408639
24.68438493444376,2.0,2.0,332.4915295623109
26.978994243548737,3.0,3.0,404.1953641408366
26.317754059773925,4.0,4.0,374.9189193572713
31.420478969740586,5.0,5.0,417.7543473152648
12.86803964732396,6.0,6.0,263.04376744071914
13.065350649021635,7.0,7.0,222.0511738428374
22.52060913994925,8.0,1.0,357.6991287252324
30.486500937718542,9.0,2.0,446.6201774806662
17.17175984197202,10.0,3.0,303.8900483538276
9.961838301531214,11.0,4.0,244.6336394733441
27.85589703109604,12.0,5.0,419.80509168252513
26.21828611851357,13.0,6.0,381.1960002294183
19.548957966002853,14.0,7.0,348.11913729760965
20.07230199639535,15.0,1.0,346.15598413369617
20.15128140182663,16.0,2.0,378.8251165202007
25.5526765873697,17.0,3.0,459.0094823566992
21.868423619084965,18.0,4.0,391.0637722453286
27.4703195948776,19.0,5.0,431.2735333493563
10.726866685478043,20.0,6.0,286.72891059068087
20.715740674361005,21.0,7.0,374.51798458203945
19.36973019544475,22.0,1.0,412.58748200707686
23.71829660813754,23.0,2.0,443.2231911309184
22.309761207549307,24.0,3.0,468.2928771087845
28.989218899478832,1.0,4.0,406.1519809083351
15.703316141699712,2.0,5.0,248.97155132736907
25.22745738165376,3.0,6.0,363.5867551759994
27.791682116058528,4.0,7.0,369.0520929773284
34.28323718280977,5.0,1.0,465.5115095314011
22.591170144532622,6.0,2.0,342.68301751832
26.622293021762584,7.0,3.0,407.55204941462
15.980686037188176,8.0,4.0,316.46662590607326
13.04021897843488,9.0,5.0,276.3751539281717
29.2238718789085,10.0,6.0,442.6774508147921
24.97219853175965,11.0,7.0,402.1826540623111
30.892563448992117,12.0,1.0,476.95075293661534
18.13298555515125,13.0,2.0,317.5441323673072
27.59951069764376,14.0,3.0,471.0145373647677
34.34408920271927,15.0,4.0,542.5291085611611
27.09852804178633,16.0,5.0,431.3076883515959
26.382907527955243,17.0,6.0,423.4151169752288
25.04278040412175,18.0,7.0,431.676037099525
17.145592714370437,19.0,1.0,374.4721838473744
31.77786467855174,20.0,2.0,507.73972541045697
21.94571180097467,21.0,3.0,390.4566048979946
27.522416281915085,22.0,4.0,479.3381866341464
17.18482846714373,23.0,5.0,382.87701543494825
19.1027016774611,24.0,6.0,407.5434397353869
32.17543699611117,1.0,7.0,412.74022540819584
23.263488555210785,2.0,1.0,334.21258258486966
32.266377380212724,3.0,2.0,451.5438145922528
24.60884670470741,4.0,3.0,358.4054369983925
15.790511135210712,5.0,4.0,261.60665106481275
29.4603379986586,6.0,5.0,405.9903123456716
22.05053841122196,7.0,6.0,302.58600346272
28.493444067585216,8.0,7.0,400.2896041922814
25.12605433770041,9.0,1.0,407.0292737744974
17.284408860285648,10.0,2.0,323.63974904564105
25.821473826852845,11.0,3.0,434.6280217281521
35.981115710763994,12.0,4.0,502.55165882732587
27.464932292572296,13.0,5.0,434.3955861867893
24.712411234972684,14.0,6.0,414.9789158758423
30.37671700978449,15.0,7.0,504.624310263593
26.053342326015557,16.0,1.0,440.4287330825084
26.04767115131397,17.0,2.0,418.5929679358592
19.541874139204488,18.0,3.0,393.3773164591505
26.16924012894799,19.0,4.0,482.006948408849
30.177217082084724,20.0,5.0,480.3211966163148
20.81968923949988,21.0,6.0,412.0185231671271
32.122479106234735,22.0,7.0,534.7993521669257
24.54146987927437,23.0,1.0,477.7560096721468
20.561152442307296,24.0,2.0,422.1226948725445
29.988160384601223,1.0,3.0,381.9121286817493
23.56602882130865,2.0,4.0,332.0346972528148
28.79757443743054,3.0,5.0,397.147753451858
23.541206838707318,4.0,6.0,355.5765188689077
24.70086928235048,5.0,7.0,357.6875937834856
27.46780102167146,6.0,1.0,394.0798508859031
26.45448528795003,7.0,2.0,404.6524460024957
15.022341097741307,8.0,3.0,298.4251123322695
19.39378129952804,9.0,4.0,334.53001412357
29.64704992395408,10.0,5.0,414.7467569487743
24.339317055492263,11.0,6.0,376.7650498605788
22.38134348614289,12.0,7.0,381.7698503896783
18.20712992371263,13.0,1.0,316.41094306223675
19.60131839362076,14.0,2.0,318.1496234883844
14.891006800190263,15.0,3.0,345.07172500478305
24.493596406492337,16.0,4.0,423.16426916536096
22.007812097094764,17.0,5.0,402.21272102134975
20.167060545073426,18.0,6.0,352.1342659781931
24.659382874160237,19.0,7.0,435.3443900109331
26.81985315426369,20.0,1.0,470.7035052940042
35.465989661049726,21.0,2.0,521.9733450535293
17.440582902183934,22.0,3.0,403.8914973073165
30.79690521650261,23.0,4.0,514.1427186374008
29.86550780507536,24.0,5.0,495.7333987291683
21.104536303116497,1.0,6.0,290.4855681114606
26.016179772930155,2.0,7.0,308.85735962065405
22.711833753311925,3.0,1.0,350.9850695257465
25.928442902093696,4.0,2.0,378.52157316585146
32.54565506702275,5.0,3.0,437.5749480235656
28.02803116315657,6.0,4.0,423.8500157805991
27.54304186616721,7.0,5.0,367.7532382817552
22.848453400226788,8.0,6.0,338.5490844749156
17.579716675378325,9.0,7.0,282.79700165857554
23.95765894729796,10.0,1.0,381.00068987754855
31.033040774319574,11.0,2.0,460.6798082483402
17.36416071705176,12.0,3.0,333.2418776467447
19.724553159116525,13.0,4.0,343.3060625290629
25.63133868117034,14.0,5.0,393.7662721086056
20.076726075763688,15.0,6.0,391.4873997530458
21.03738276442394,16.0,7.0,417.6066314800108
22.882007091359117,17.0,1.0,413.6858043512317
18.171912979049253,18.0,2.0,350.5835224500752
20.12939076891816,19.0,3.0,416.8029903100274
28.517139583936544,20.0,4.0,444.23625371279616
18.46315108884518,21.0,5.0,367.9360443943552
17.010639327525812,22.0,6.0,348.18405224833214
21.84987510233053,23.0,7.0,389.3080400142956
28.65977751254923,24.0,1.0,497.9972904670569
24.01539096001555,1.0,2.0,321.8704680166762
22.677094609421907,2.0,3.0,328.0240353771921
25.221793987578035,3.0,4.0,355.7614832292296
16.27146283570174,4.0,5.0,255.28799388657785
27.473528268875164,5.0,6.0,374.32501555687423
26.91717515701822,6.0,7.0,373.554772212108
22.953457629521395,7.0,1.0,377.73149751760246
30.029622558982084,8.0,2.0,431.3276375685371
19.362519505234808,9.0,3.0,346.11922986807
30.639544966267845,10.0,4.0,456.1117093337716
25.772468327976256,11.0,5.0,409.1552972177774
23.317237050609133,12.0,6.0,402.9292899130108
24.90063182315844,13.0,7.0,370.6185006366662
24.46367617094529,14.0,1.0,402.17309958331066
31.101414482088583,15.0,2.0,515.2801208268772
19.61660436264493,16.0,3.0,362.019713614664
21.18740380426701,17.0,4.0,328.57156424455314
30.1815144603624,18.0,5.0,472.7557777406663
22.022325324080704,19.0,6.0,399.922043844072
29.50266538665796,20.0,7.0,421.68439151795536
33.497179915043546,21.0,1.0,563.6505119481944
22.99102486529183,22.0,2.0,419.6359993756063
28.40681163287653,23.0,3.0,496.6393786325156
19.23153859330071,24.0,4.0,395.79575502612585
28.77366649033905,1.0,5.0,351.96963651930963
25.997119929933834,2.0,6.0,330.56103660662995
27.365191410801074,3.0,7.0,348.9502573794598
21.772139639823024,4.0,1.0,356.434834581903
16.694582922164138,5.0,2.0,282.99506545963834
27.516260323747524,6.0,3.0,385.7252929064403
14.682984237602728,7.0,4.0,251.13766412422265
23.413247538787324,8.0,5.0,383.0554798183958
29.70590933209985,9.0,6.0,453.34311877147024
25.95948867936518,10.0,7.0,412.28976476778536
34.74171322394906,11.0,1.0,509.265879022574
30.125545762908867,12.0,2.0,461.0520584665029
21.73050805837212,13.0,3.0,348.98632422420314
25.136566899257197,14.0,4.0,404.4492864583508
24.76314648727782,15.0,5.0,393.9542608058495
17.089116183269365,16.0,6.0,296.38091965299947
20.298005417578235,17.0,7.0,388.1209225590897
22.1961954651007,18.0,1.0,395.0453557231615
14.818897485720315,19.0,2.0,361.1078130059093
25.237467341258213,20.0,3.0,461.0096014277824
23.7546407767348,21.0,4.0,441.6807673000163
16.63553049344213,22.0,5.0,373.61298636968496
27.02106432638666,23.0,6.0,454.9043656223925
28.5793637234548,24.0,7.0,521.9506402603613
26.13517239432445,1.0,1.0,364.2142325623054
23.37965912395515,2.0,2.0,343.8352249419256
27.957210758759278,3.0,3.0,372.59058091626
28.40110180238345,4.0,4.0,373.38771280829536
26.53701784859844,5.0,5.0,384.9160986621729
20.876938747826195,6.0,6.0,325.11965739703766
26.383003827555903,7.0,7.0,362.0429909575075
30.977403254127395,8.0,1.0,418.0054981657659
22.01685470694135,9.0,2.0,333.77008532286254
35.489696695662154,10.0,3.0,519.8196412984437
22.37184533007308,11.0,4.0,354.4533770077294
25.16203506670068,12.0,5.0,389.8421797534902
21.63757201996832,13.0,6.0,392.3825253748644
26.116354179601306,14.0,7.0,387.7205305662848
16.288891536823623,15.0,1.0,320.3490188538951
22.2697910059164,16.0,2.0,381.3225734879501
19.539393998257164,17.0,3.0,403.7553096058924
25.67669173946145,18.0,4.0,474.6345874062628
29.97223687754454,19.0,5.0,494.7536332834888
28.23003093557276,20.0,6.0,479.9680038388124
13.14170319570554,21.0,7.0,303.8099319000007
35.2103482646394,22.0,1.0,598.0500523844796
26.47639970310434,23.0,2.0,479.1179221182167
21.117504297535,24.0,3.0,439.2372482643448
25.785639594954706,1.0,4.0,348.74589717412795
25.880949112513463,2.0,5.0,348.4488393785824
21.665756415242186,3.0,6.0,346.9184093443442
25.98958333671038,4.0,7.0,369.6903069618699
21.962638561898466,5.0,1.0,370.6538948403923
22.978190036549886,6.0,2.0,358.88846380039973
21.568604321224576,7.0,3.0,324.7187124837839
17.836643551301737,8.0,4.0,294.6995768554476
25.72918235107692,9.0,5.0,389.3511283600614
27.92649718258169,10.0,6.0,398.7349675049504
27.57441798038186,11.0,7.0,387.5949516312648
29.09962626317617,12.0,1.0,472.0246032675022
26.621701050074343,13.0,2.0,414.3196090842732
22.33637250891548,14.0,3.0,387.1275800449812
29.198319322155943,15.0,4.0,460.9058650192716
18.212412300790326,16.0,5.0,335.3610605014919
20.4966430874376,17.0,6.0,400.9824202005508
20.178999642883777,18.0,7.0,348.4471612047455
30.40028029569655,19.0,1.0,501.23530822858095
29.71394257070038,20.0,2.0,496.06177983453546
27.436526185224974,21.0,3.0,469.2801697949668
30.359649326058985,22.0,4.0,475.65824099515015
20.60358608794006,23.0,5.0,423.4522119166699
26.742975599304906,24.0,6.0,484.2999693997409
24.37412785808418,1.0,7.0,314.2299080090175
29.23441051942457,2.0,1.0,413.4938493383529
24.423878837239013,3.0,2.0,360.7369420984056
23.075285557949595,4.0,3.0,316.14061267227385
27.70454259280495,5.0,4.0,372.96684763662233
29.38084583595617,6.0,5.0,431.57408725735326
21.65827402576599,7.0,6.0,339.7710639605009
24.69462164323812,8.0,7.0,354.6601575161687
19.707796831791736,9.0,1.0,321.9084504944645
12.509694912535302,10.0,2.0,258.78907316304463
26.002298157068644,11.0,3.0,397.1333909731324
28.04452678127316,12.0,4.0,411.52600716014655
26.310334045433628,13.0,5.0,378.2680582066702
15.252191411228164,14.0,6.0,327.32217984029734
23.245752849617627,15.0,7.0,405.8702019484052
13.908261199744594,16.0,1.0,290.6175029613088
31.848505538270924,17.0,2.0,500.21128129398255
19.569727089409568,18.0,3.0,358.6525068398004
31.27701804729948,19.0,4.0,490.5388360084641
29.72934821842073,20.0,5.0,475.3981505867342
20.49704823731969,21.0,6.0,383.41379805883946
19.33607524366128,22.0,7.0,422.41969411813847
26.75185108193169,23.0,1.0,470.7119971257931
20.778379814084644,24.0,2.0,405.618521639508
25.51242321079104,1.0,3.0,335.8726035179695
22.58586204596541,2.0,4.0,344.7341595876892
16.09420792767183,3.0,5.0,227.90003264285968
13.847659904377704,4.0,6.0,225.2241407150666
26.133421242472984,5.0,7.0,394.2706692269605
22.192211268346878,6.0,1.0,353.8018364434217
22.234550915429335,7.0,2.0,355.18394925501565
28.479319195468925,8.0,3.0,458.43612115756326
30.867211383162225,9.0,4.0,446.59907289059225
23.637276393190955,10.0,5.0,357.2090407047179
23.297006465450693,11.0,6.0,364.32852351698
27.500715165569417,12.0,7.0,391.2985054750828
18.21532215150212,13.0,1.0,369.2719623153352
26.11576527373849,14.0,2.0,436.6488870881192
27.75942985911077,15.0,3.0,466.0825815905255
28.401151042088145,16.0,4.0,476.2711889918689
15.316236487487677,17.0,5.0,314.8781492563261
21.193223650955296,18.0,6.0,365.0371794693752
20.608683735882668,19.0,7.0,379.0525751326657
25.499434772046065,20.0,1.0,434.5391263046899
27.40372289883992,21.0,2.0,476.33636649657967
32.483552037229906,22.0,3.0,548.4774579889928
22.525172598159635,23.0,4.0,424.888933060613
22.51213750845393,24.0,5.0,433.1212768826941
30.748360094393732,1.0,6.0,392.60668861947
26.482884692651524,2.0,7.0,369.8833983752692
31.33825755593987,3.0,1.0,412.0269276736329
26.44364001504918,4.0,2.0,334.5074749176298
19.214416906433645,5.0,3.0,317.56154625184405
18.334358226110968,6.0,4.0,321.1002706872696
17.242438754705354,7.0,5.0,301.35187244222425
28.310259173792367,8.0,6.0,392.29798182856337
30.94298411543504,9.0,7.0,410.72959919062896
34.2468107069319,10.0,1.0,499.3580577049255
29.2155266616162,11.0,2.0,443.9848456748555
30.814192887674928,12.0,3.0,456.62607632358265
22.099918336731577,13.0,4.0,410.4484502271916
19.21792091628072,14.0,5.0,328.2432072791805
29.250396662087766,15.0,6.0,485.004707043427
27.088403761197004,16.0,7.0,430.5197157093828
25.537221871704464,17.0,1.0,400.6608091796271
26.93685740316495,18.0,2.0,449.78452094526665
26.61592741229103,19.0,3.0,471.3491956548991
31.41908429926781,20.0,4.0,494.88974233657865
31.47492792408478,21.0,5.0,475.2537084160799
27.721101761701732,22.0,6.0,465.920726981094
29.22901436281464,23.0,7.0,469.1466961503123
27.57031276212388,24.0,1.0,502.5394156429981
22.694151339826902,1.0,2.0,341.4095097196213
28.7828233745657,2.0,3.0,367.7028255906949
18.027524655703694,3.0,4.0,269.159165454724
30.269457761479416,4.0,5.0,422.82742691693295
19.027385301169826,5.0,6.0,280.0969674457191
26.429016433973665,6.0,7.0,351.6470016231767
20.77423020786921,7.0,1.0,316.168479442767
27.76694491537213,8.0,2.0,418.7102214128837
24.830373870360457,9.0,3.0,390.4868930939539
17.026220209183336,10.0,4.0,294.58128148425254
27.1034981550924,11.0,5.0,411.1366894734886
22.110396115836448,12.0,6.0,393.6466088414671
29.40573360406685,13.0,7.0,418.576132902304
25.006628443672035,14.0,1.0,378.0314322565114
26.97710492694019,15.0,2.0,447.8725607838093
20.21215522492394,16.0,3.0,370.91352897120765
22.05333884286319,17.0,4.0,379.33288669232985
22.706806819494577,18.0,5.0,415.109672942044
29.28351240121278,19.0,6.0,486.6196269055036
33.386885439027445,20.0,7.0,468.7032939926726
20.97414124128562,21.0,1.0,398.6894542262265
30.3842407232884,22.0,2.0,554.1927318568211
14.15161291137149,23.0,3.0,359.1842274296787
19.029052994538556,24.0,4.0,411.8126027113285
20.206107719066125,1.0,5.0,315.5189627632908
18.237456552796388,2.0,6.0,274.71594203195843
17.0820580510621,3.0,7.0,280.7542637124534
27.064994560688987,4.0,1.0,402.01118648363394
23.92966151136069,5.0,2.0,369.07744504866207
26.897026988025548,6.0,3.0,383.5300304679074
28.45236343060757,7.0,4.0,410.9648127534009
26.32808496586267,8.0,5.0,376.5136183724911
28.28881588075187,9.0,6.0,410.14444489884863
24.65233856878865,10.0,7.0,352.1535678459012
19.06503305847128,11.0,1.0,326.83785075925374
30.28907090410398,12.0,2.0,451.2444682025412
22.054439336094365,13.0,3.0,357.67028473234217
20.32201850618787,14.0,4.0,351.1198396469752
24.11041062097801,15.0,5.0,397.82558667466975
20.43594540351744,16.0,6.0,374.4047009284619
22.91284809005284,17.0,7.0,412.1136269375866
26.720269607817333,18.0,1.0,444.9270086506112
26.741708696230635,19.0,2.0,483.1191793076789
20.51084966787185,20.0,3.0,414.8807182512284
22.56147313525628,21.0,4.0,428.6966079914416
30.371665023851214,22.0,5.0,501.7896328244445
27.482000588669703,23.0,6.0,478.2024227240679
35.37532519674271,24.0,7.0,576.4942749807548
30.90064086870764,1.0,1.0,435.4780018822618
30.721465342799696,2.0,2.0,437.9135879956698
18.06065724772099,3.0,3.0,287.43310911475
28.819301758167114,4.0,4.0,407.2923608816434
24.73446599151545,5.0,5.0,384.2155900475954
22.245090982308756,6.0,6.0,321.97658912475964
25.840076702662643,7.0,7.0,366.0324299522604
29.72605767305742,8.0,1.0,434.58130999084375
27.504157955021057,9.0,2.0,432.0335543097987
20.6076309932897,10.0,3.0,365.3797529472695
28.712294567963102,11.0,4.0,425.50566345567233
21.81206228962018,12.0,5.0,332.9484338086076
26.08341559482143,13.0,6.0,412.7578348341336
23.48324966261433,14.0,7.0,365.4661738795753
23.905668741321872,15.0,1.0,381.2579633204143
28.831214875202548,16.0,2.0,437.0347175373511
19.799031400920512,17.0,3.0,380.51793416611633
34.72597537138466,18.0,4.0,552.4805009325028
15.89456965352752,19.0,5.0,339.72358686000007
22.011661583725715,20.0,6.0,406.3442289301764
26.851059449708703,21.0,7.0,476.1684932746455
27.92157083217655,22.0,1.0,455.3266101400944
24.49762139714148,23.0,2.0,464.37974240342015
24.713046484992287,24.0,3.0,457.89866916354646
27.052750426638084,1.0,4.0,374.8486534430222
23.8446526127116,2.0,5.0,323.7768479590397
31.96590628967453,3.0,6.0,400.3003170882157
29.19674557115801,4.0,7.0,393.7776337972922
29.36412175502817,5.0,1.0,448.62504401697095
20.16921638314792,6.0,2.0,342.9103659223084
24.603057877971487,7.0,3.0,361.876723376113
23.49767025639648,8.0,4.0,336.1572618443392
19.97199312155267,9.0,5.0,296.078585541571
26.800820919728835,10.0,6.0,426.330198234298
22.31177121110092,11.0,7.0,338.0160663482926
28.277019149251185,12.0,1.0,433.2599232326131
19.64904218552834,13.0,2.0,381.914644376835
33.5952030642091,14.0,3.0,464.6740015325112
20.51833670703969,15.0,4.0,398.02865725989807
26.09651168600218,16.0,5.0,420.89230778217177
28.959296551940337,17.0,6.0,433.6212992146286
22.14679784899944,18.0,7.0,385.52095994701614
29.262343217164755,19.0,1.0,470.171496543618
18.85408201099792,20.0,2.0,391.3572160880936
32.2605884959128,21.0,3.0,505.6432362813724
25.070746324828797,22.0,4.0,410.4746190299071
22.0179429601556,23.0,5.0,415.7681789133762
23.50409113786283,24.0,6.0,409.9100103328975
29.0445963469636,1.0,7.0,378.53236114940233
22.077723540747808,2.0,1.0,304.03462876181163
21.253211552886118,3.0,2.0,311.7718594654194
23.89231701208131,4.0,3.0,353.5749262050998
19.11518943615016,5.0,4.0,299.9027198608162
34.10271953970908,6.0,5.0,461.0358010571117
22.168027043926383,7.0,6.0,352.286013753619
29.158083930902016,8.0,7.0,387.4221653143941
26.047350418238864,9.0,1.0,401.1855533698945
20.07732974759016,10.0,2.0,278.183221525739
24.970226453936352,11.0,3.0,400.648930573014
28.92001389655374,12.0,4.0,431.1838563580405
24.058693324568463,13.0,5.0,370.9179379761253
30.96556472925514,14.0,6.0,467.9700357384819
30.10757696390932,15.0,7.0,478.52972118279456
29.59457427329165,16.0,1.0,463.4253877809376
22.70171613863501,17.0,2.0,387.12087158151576
19.600787761092565,18.0,3.0,380.3083828596999
21.932061973186027,19.0,4.0,375.608486398933
25.981204703333603,20.0,5.0,431.6044196226253
27.728933567661777,21.0,6.0,488.7373789096278
14.142142976197762,22.0,7.0,331.66501435822335
24.95943399194125,23.0,1.0,424.0050006404892
25.79044612661592,24.0,2.0,435.9646283205712
23.61227871842224,1.0,3.0,335.36450103715794
31.4563691950794,2.0,4.0,429.8115034691477
27.108900371254357,3.0,5.0,338.73657454002057
31.550959540404484,4.0,6.0,426.503847553975
23.92019739824884,5.0,7.0,369.80884413228273
29.687387462534623,6.0,1.0,461.63105438451896
33.17533197263759,7.0,2.0,467.37777492357344
31.558467246363307,8.0,3.0,456.72072435468255
19.53929203285633,9.0,4.0,285.7292317760005
23.731619612288096,10.0,5.0,414.3112470828007
23.27417647275102,11.0,6.0,358.23196046558775
27.44627267538164,12.0,7.0,394.7933035853156
28.431767775072665,13.0,1.0,441.2135550619342
20.80553662987132,14.0,2.0,402.2888345824218
25.33919256958469,15.0,3.0,463.55284664671785
14.900363339219318,16.0,4.0,319.5118069817101
32.20972502900945,17.0,5.0,512.0589337421676
22.43812879661653,18.0,6.0,397.2453689398754
25.279319699222484,19.0,7.0,406.0372875318611
23.45175143005969,20.0,1.0,461.0523877163628
30.73013787506708,21.0,2.0,493.858829143543
10.812467793013106,22.0,3.0,339.8352933975687
24.916948288370456,23.0,4.0,478.1403094790862
24.47090621251151,24.0,5.0,461.9897874042593
22.731818062041587,1.0,6.0,350.89767574550297
33.63113272817816,2.0,7.0,469.95824794549634
20.563352705721144,3.0,1.0,314.1286597979252
28.858980886178305,4.0,2.0,386.4139264934544
26.78126394353042,5.0,3.0,346.5272426901747
31.307596262677578,6.0,4.0,475.9696077353809
21.664054576112477,7.0,5.0,327.8469055827557
21.33515550438121,8.0,6.0,358.0522921858468
30.480349537386992,9.0,7.0,413.9783880236802
27.126606541650556,10.0,1.0,449.0313782347462
17.27531326661621,11.0,2.0,307.7507808298538
22.30347492768365,12.0,3.0,350.2003666044896
26.931913269240304,13.0,4.0,418.14900407332806
29.188821107732945,14.0,5.0,436.2526970580967
21.603846734035223,15.0,6.0,384.96446304957647
10.428720050915295,16.0,7.0,262.2593019653025
27.616115928685165,17.0,1.0,470.7152071778901
18.89839655028012,18.0,2.0,367.1635360410953
14.913306009387943,19.0,3.0,321.8309126735033
10.838370375079297,20.0,4.0,284.7124927928715
29.069904300988707,21.0,5.0,521.5978189705077
25.643087252024834,22.0,6.0,452.9342911647871
23.87171809643874,23.0,7.0,393.0419367753265
31.94512181481381,24.0,1.0,526.0470378790565
28.186623415115363,1.0,2.0,382.8035548006712
33.08150021360959,2.0,3.0,468.72299576110345
18.036322639165014,3.0,4.0,303.9372007094482
24.82724688023018,4.0,5.0,334.8381120726635
16.91643312525993,5.0,6.0,324.53144632404826
23.853088340722664,6.0,7.0,346.9076761111971
23.756920731166613,7.0,1.0,394.495803533165
28.13306818631536,8.0,2.0,392.2305119151556
25.227819405709493,9.0,3.0,340.314932152077
28.11703569139958,10.0,4.0,391.00172710662855
28.51720066569447,11.0,5.0,360.16533713303056
35.77464338691571,12.0,6.0,541.9882204142153
23.423516723569374,13.0,7.0,382.5258256134221
20.294886496668106,14.0,1.0,351.45598459772043
26.230418076582044,15.0,2.0,440.3566613654229
20.988599864302284,16.0,3.0,384.6726793666261
32.40980384218268,17.0,4.0,509.5167063341066
23.58390980527384,18.0,5.0,435.0297260754637
22.17211816063005,19.0,6.0,392.9227585458002
22.64342139424441,20.0,7.0,387.8374278204244
28.592087117358204,21.0,1.0,504.4763754610204
24.211265083842573,22.0,2.0,462.159306396115
21.79166589934809,23.0,3.0,425.9313751559078
33.32675958811765,24.0,4.0,584.8186796547919
20.71915079669125,1.0,5.0,288.4350655096794
25.17783037016497,2.0,6.0,325.7811442689444
28.26153075805115,3.0,7.0,384.97713613064354
16.843324447914632,4.0,1.0,271.9344873408764
27.401302507029627,5.0,2.0,402.9233555531942
19.72446162259775,6.0,3.0,301.5844511091887
29.11391390417001,7.0,4.0,406.1342933830624
20.18674494040512,8.0,5.0,364.6842578048345
28.463845159244304,9.0,6.0,403.5267044574895
30.529165331473564,10.0,7.0,418.3146224343897
29.307182628164025,11.0,1.0,468.48540205577024
26.256583241190512,12.0,2.0,395.5449934061713
23.8434952853515,13.0,3.0,380.57608825057366
22.11790211832578,14.0,4.0,390.7102435934377
32.35517345408552,15.0,5.0,502.31996301832095
21.502523899161783,16.0,6.0,401.4347668132393
19.81466963215002,17.0,7.0,347.2022596770905
28.32684467516415,18.0,1.0,482.1886202113639
21.019315984067525,19.0,2.0,389.87099584979165
20.249682512669363,20.0,3.0,381.38371245648096
17.781978689151174,21.0,4.0,394.8840425373575
22.58545080269741,22.0,5.0,409.8634201097824
24.586424880517534,23.0,6.0,448.4283407255949
26.21545863830349,24.0,7.0,464.2661757676477
29.75653122149742,1.0,1.0,378.15022468820416
27.634489618328967,2.0,2.0,399.66675329041607
24.045638902234103,3.0,3.0,357.66200689592006
24.0090216181014,4.0,4.0,308.3644039436056
27.55078734457592,5.0,5.0,391.056295670506
31.362850814642847,6.0,6.0,410.16903946309606
25.631570997416,7.0,7.0,392.2572161024126
22.65434572894796,8.0,1.0,334.6354605538644
20.035669994572277,9.0,2.0,332.22716057313187
17.773973677938873,10.0,3.0,325.98022779915806
28.331348360217618,11.0,4.0,427.4002894850137
27.889892618197784,12.0,5.0,439.1580913162573
27.886817625533308,13.0,6.0,395.4997365351473
24.35670276823972,14.0,7.0,425.6053144197448
32.03467372945875,15.0,1.0,502.84963047035296
22.57940752707591,16.0,2.0,426.988439530777
29.77634618603603,17.0,3.0,491.2482652450251
24.806285525052285,18.0,4.0,425.830652961422
21.95824617660331,19.0,5.0,373.89849754780994
27.962651536588808,20.0,6.0,450.355451740914
27.048180593419968,21.0,7.0,486.2730725914512
26.78486379633463,22.0,1.0,502.5573935964739
25.406392110280997,23.0,2.0,450.6719215007361
24.810534591415845,24.0,3.0,402.73926019011486
36.94185996435219,1.0,4.0,458.1648049574196
30.921283225980865,2.0,5.0,398.45877449722633
28.61413447492756,3.0,6.0,378.145892508468
25.55899579101694,4.0,7.0,365.16074194679743
30.035786002983347,5.0,1.0,439.88211161626674
27.58997388195726,6.0,2.0,419.7057297615631
25.13102376387018,7.0,3.0,386.2244204414091
23.482178373670425,8.0,4.0,326.8063696982515
24.59541331168656,9.0,5.0,369.1301384629997
9.147871320609722,10.0,6.0,269.560508877081
26.05300419648821,11.0,7.0,402.0143766609317
22.5576195994482,12.0,1.0,389.93258736335935
32.96334999141442,13.0,2.0,495.82321870962136
25.09672035405877,14.0,3.0,420.2747959907075
19.055182902325196,15.0,4.0,305.88958540153345
24.750599229359413,16.0,5.0,407.7155059553727
19.76939457468748,17.0,6.0,363.93608911098096
27.367037078562333,18.0,7.0,468.3002787706916
26.454736821697427,19.0,1.0,457.5008261094202
29.78919815554134,20.0,2.0,458.9617538233746
21.04559104152717,21.0,3.0,415.0576935387068
25.17004048114073,22.0,4.0,433.62391184655246
18.174891022866824,23.0,5.0,357.4131974070399
28.50747390962357,24.0,6.0,470.3915581619041
27.59435590220061,1.0,7.0,370.7936436152965
27.47902510513785,2.0,1.0,406.9654758465799
25.008095156784705,3.0,2.0,368.73955047139873
27.073864453943955,4.0,3.0,394.37910901178
33.02169554154298,5.0,4.0,452.67786087218985
23.57452871478993,6.0,5.0,352.7718306851087
25.69322591855042,7.0,6.0,387.87087188475937
19.56936850409295,8.0,7.0,266.3181756995411
20.658695192008334,9.0,1.0,350.80871894618
25.489066465466536,10.0,2.0,377.9921639622203
30.519667733509536,11.0,3.0,474.45472878597815
23.71859587874214,12.0,4.0,382.24285268308415
23.82041735343938,13.0,5.0,388.8231352997505
22.965573777478127,14.0,6.0,351.5543002897052
22.326216645778384,15.0,7.0,397.5987842380409
26.474857278544107,16.0,1.0,454.2951351909173
17.513711774106778,17.0,2.0,365.2760753878778
31.40469788333364,18.0,3.0,478.78652178996
21.672888509352696,19.0,4.0,384.2560881947644
28.609517427190703,20.0,5.0,475.5671633608252
18.65000701303062,21.0,6.0,359.6101019253452
28.34420065273109,22.0,7.0,481.1398657808577
28.359723039072488,23.0,1.0,452.3789783353904
26.921010360029484,24.0,2.0,473.45921247216296
20.02785739100104,1.0,3.0,332.2136432185402
26.247740947990387,2.0,4.0,369.2671260398192
19.084719076328057,3.0,5.0,294.1830640539004
23.736183724519076,4.0,6.0,379.0663679586178
30.14706550477663,5.0,7.0,358.75158267173754
28.98350963535371,6.0,1.0,400.5288740577749
25.075914712702165,7.0,2.0,371.7356836920739
20.12596712038579,8.0,3.0,349.42669586396573
28.227938560870967,9.0,4.0,432.7925128732744
25.096906188490127,10.0,5.0,368.6489277052488
13.398422008847884,11.0,6.0,290.9433065313299
28.913149131582596,12.0,7.0,420.06519596939177
24.87883583065154,13.0,1.0,435.0211508194988
31.01225623991536,14.0,2.0,453.4697084367125
19.523647405785976,15.0,3.0,358.77024207653653
9.116480934019997,16.0,4.0,249.36146303266875
26.39541929172593,17.0,5.0,455.0748003485736
26.457818383409865,18.0,6.0,426.1225595027752
16.546641861967743,19.0,7.0,338.6174480394423
20.10750227066697,20.0,1.0,408.2112506599306
38.77608871859951,21.0,2.0,597.6660568465174
23.471946929230985,22.0,3.0,453.45852144177326
28.65479488188108,23.0,4.0,493.77044435570417
21.74670086315808,24.0,5.0,414.1020303259842
14.548485505734217,1.0,6.0,225.4908801501672
24.148708766020476,2.0,7.0,331.000533964357
23.67197719856948,3.0,1.0,353.71162150718243
23.000608806658143,4.0,2.0,341.0626551096127
24.42679582246804,5.0,3.0,360.6520266439913
26.32134135822818,6.0,4.0,350.8683363708397
24.24941524373097,7.0,5.0,375.84125812640326
18.67996916026318,8.0,6.0,312.4219373804204
27.430923957809696,9.0,7.0,418.3466478489187
15.253141223387884,10.0,1.0,299.53462238202053
14.748212713579,11.0,2.0,261.71417556535425
28.69590247350784,12.0,3.0,430.7901009489449
27.535101360676784,13.0,4.0,424.35241514439946
24.71302317462982,14.0,5.0,416.9882978549703
18.02275747622464,15.0,6.0,295.82210387197847
21.460445296629626,16.0,7.0,374.4280433052749
23.68626626156748,17.0,1.0,429.13616693154097
17.020530157129432,18.0,2.0,340.9755438656639
21.30485670988384,19.0,3.0,400.5411272951753
28.2616516908834,20.0,4.0,458.07578672583713
32.13652682144608,21.0,5.0,496.773809550053
22.90282623670725,22.0,6.0,412.8598653644461
28.78244177158049,23.0,7.0,467.6105778664647
15.429699647062664,24.0,1.0,384.9693627093533
28.297256205568058,1.0,2.0,367.273524518973
20.980257926362597,2.0,3.0,292.7443791226674
26.53672808353985,3.0,4.0,403.7258541721892
23.76123790880145,4.0,5.0,361.82717932449526
31.60207004891917,5.0,6.0,385.7904332760077
20.62782175830041,6.0,7.0,299.9828517859534
28.138031487809155,7.0,1.0,418.22957431254576
23.60246268351733,8.0,2.0,376.4997281798032
24.20847260995168,9.0,3.0,348.27486878477896
24.08073053420395,10.0,4.0,401.978615198486
20.771634477529435,11.0,5.0,364.2208331589269
24.92950517046664,12.0,6.0,400.9330843454732
24.68675888939089,13.0,7.0,418.0021587081513
26.206201242033647,14.0,1.0,438.1078122717548
25.42252572846431,15.0,2.0,432.1968748696801
28.98997274806118,16.0,3.0,492.0533129170567
29.61754308023684,17.0,4.0,491.1998224169226
19.746883390860997,18.0,5.0,355.63868473037934
29.34386250295385,19.0,6.0,483.10252860297686
19.068317864450727,20.0,7.0,356.3978213453356
27.93927944068868,21.0,1.0,491.47588542589233
28.098693923514343,22.0,2.0,494.5192093755397
15.44341554168748,23.0,3.0,332.76480916775506
25.46489623264705,24.0,4.0,460.21205010024977
22.65751943319842,1.0,5.0,321.8803348035923
21.206173710323124,2.0,6.0,295.33593328334814
31.75426165349503,3.0,7.0,417.8368153827655
21.731604296812904,4.0,1.0,350.43399850815047
20.96811535440975,5.0,2.0,328.0692922594824
25.378474700025468,6.0,3.0,379.2767365344199
28.42794873149208,7.0,4.0,434.9479688860403
24.29175706994937,8.0,5.0,377.3815023639982
30.831852728346263,9.0,6.0,439.3350130769521
27.65487830982045,10.0,7.0,386.3871955053773
14.108943401342849,11.0,1.0,306.5099542412055
22.35266518246496,12.0,2.0,384.1296508124884
22.190789503241504,13.0,3.0,403.5826837064432
27.39680476714711,14.0,4.0,432.9056185375373
11.87591471812944,15.0,5.0,242.43381717861448
37.74504854358861,16.0,6.0,505.44806805932086
27.65513047447105,17.0,7.0,455.2649200199052
25.744384019588452,18.0,1.0,433.0399682419215
30.90783858209573,19.0,2.0,506.8137408431672
36.71827026406312,20.0,3.0,560.4673555306783
29.35373322294201,21.0,4.0,483.2005388755417
29.7440654823581,22.0,5.0,490.5134291118165
25.65345012232191,23.0,6.0,436.22671112231455
24.29237123316526,24.0,7.0,441.6081585536592
22.62102277997549,1.0,1.0,316.520359143867
20.86944004142729,2.0,2.0,305.2492700117588
21.56492950150251,3.0,3.0,315.17631412084194
18.247220178285083,4.0,4.0,285.93833638487644
24.620642746574884,5.0,5.0,374.6498965958906
16.576662113868068,6.0,6.0,275.1708045545868
25.954582620718558,7.0,7.0,394.01987293898753
24.81834695978829,8.0,1.0,415.94056862441255
25.73467649193344,9.0,2.0,413.44565794045735
22.38934214990004,10.0,3.0,375.5827922003706
40.38430185090252,11.0,4.0,553.3796626986955
31.800579500901563,12.0,5.0,480.312969190017
18.777287499576385,13.0,6.0,336.5600897676886
26.16434043713449,14.0,7.0,430.3348012904889
21.95996928531338,15.0,1.0,403.8818089589275
19.92760136646293,16.0,2.0,366.0792044490216
18.299639644380328,17.0,3.0,376.9134140458594
27.16108345379627,18.0,4.0,451.44043465751406
21.59309882465213,19.0,5.0,393.808348094275
29.839130120126026,20.0,6.0,470.8673179932805
29.968911072652197,21.0,7.0,487.0094876840134
31.869571926057247,22.0,1.0,545.6249715688322
20.738066169629484,23.0,2.0,434.1594618081556
27.37682805346005,24.0,3.0,491.8361564837797
28.162271083211504,1.0,4.0,386.6155836466157
22.629109124480177,2.0,5.0,346.72502707525297
21.141140213035627,3.0,6.0,305.412076306939
33.047603328879866,4.0,7.0,407.1676332181945
26.13747937866027,5.0,1.0,409.3973908301742
28.17983875355869,6.0,2.0,395.20282249497257
20.889619940860364,7.0,3.0,321.0894369417256
18.90357766738903,8.0,4.0,281.11182156719923
22.15275112753945,9.0,5.0,362.9531723386804
24.379893063050016,10.0,6.0,343.3698781394557
19.678899965913256,11.0,7.0,315.78382350529785
24.950775956748085,12.0,1.0,418.2724954577821
16.5574740596575,13.0,2.0,339.01316564474246
19.39976288765064,14.0,3.0,341.9635459121417
28.354556241384376,15.0,4.0,443.86249587399567
28.018952601389472,16.0,5.0,427.7376354857717
23.04061617306567,17.0,6.0,386.438225974433
19.91117845461524,18.0,7.0,373.4360897492105
19.862982242369945,19.0,1.0,380.5968888477703
23.13365877029343,20.0,2.0,420.4522868994209
28.22259245822646,21.0,3.0,448.9317909499133
29.641228456721624,22.0,4.0,517.071407863339
22.51734132259016,23.0,5.0,435.37474508932286
19.23253787007608,24.0,6.0,410.1834861375048
26.339218189331667,1.0,7.0,373.2006883856539
20.882325146870752,2.0,1.0,299.3189939577932
22.408736805693987,3.0,2.0,325.9194783963794
31.626380452185188,4.0,3.0,389.3671171702076
29.13557714282884,5.0,4.0,467.1642296303331
25.789871561257257,6.0,5.0,369.90700930622506
18.640404994436388,7.0,6.0,324.1786079426621
26.056982837353296,8.0,7.0,354.8066054868238
30.313286453937632,9.0,1.0,465.0606330522365
23.121831671172323,10.0,2.0,412.37013424471655
31.755570449933572,11.0,3.0,462.35008951877614
31.46372644759104,12.0,4.0,442.4196345441183
33.31866416071737,13.0,5.0,480.4107135882629
26.526215632656765,14.0,6.0,372.7269258274232
27.936958499030062,15.0,7.0,432.6118509698638
32.07093644165545,16.0,1.0,514.1287072028144
27.23696968534488,17.0,2.0,450.65454396597846
22.493829461048936,18.0,3.0,400.25550351671
22.75728581736069,19.0,4.0,421.1242204958476
26.19277476886869,20.0,5.0,459.0082446276781
18.547192890268903,21.0,6.0,339.2738176525854
24.28370542317904,22.0,7.0,433.61351347736615
30.48273559115127,23.0,1.0,565.5470583960976
14.043730744173594,24.0,2.0,327.73698252877546
32.672410508972575,1.0,3.0,421.0157284330644
30.6118710935158,2.0,4.0,442.953633376192
22.70117692084762,3.0,5.0,349.09527233934966
27.716954139359046,4.0,6.0,368.9016077780692
25.015738634531637,5.0,7.0,358.2800939377684
31.149951842193417,6.0,1.0,438.4572848222377
29.913415713849705,7.0,2.0,413.1727210520637
17.999646384084954,8.0,3.0,309.51142169098785
27.936312067320884,9.0,4.0,406.7637980170783
23.97186073178376,10.0,5.0,376.9735860793726
25.4141628525905,11.0,6.0,376.17396491208433
21.35914049515092,12.0,7.0,327.059040946616
33.74068534560418,13.0,1.0,498.5812379881944
30.20030909951288,14.0,2.0,500.3054553587044
21.301144180135164,15.0,3.0,380.6555003266077
18.32694696544884,16.0,4.0,344.63759407585746
23.07163684511076,17.0,5.0,415.7980845518776
27.17251323045653,18.0,6.0,440.55874005265775
26.201029219731115,19.0,7.0,473.37095069649337
31.26566412384122,20.0,1.0,509.57839105251065
28.94959861090426,21.0,2.0,502.5059273722059
29.847845128764533,22.0,3.0,484.3863636397799
26.634277003052187,23.0,4.0,479.4045550972551
18.05350634894505,24.0,5.0,391.0369330283256
24.02150734426549,1.0,6.0,326.0849509494708
30.300448699543328,2.0,7.0,381.9693317720389
24.74238535737677,3.0,1.0,346.6632502607202
27.515451843118733,4.0,2.0,394.8015717107804
23.406258423769334,5.0,3.0,362.6413664316228
19.850940757290772,6.0,4.0,313.9661516470252
24.383279679769448,7.0,5.0,369.57815538011033
26.54523721516327,8.0,6.0,386.6940785889773
21.72156140269278,9.0,7.0,343.1861345250356
23.82144377571666,10.0,1.0,381.2055381036221
20.302683790070088,11.0,2.0,352.38628948806706
30.59622458782048,12.0,3.0,510.9230550145533
23.52772121205983,13.0,4.0,394.5098980967468
32.26377772563092,14.0,5.0,490.5437164249301
32.64373925270454,15.0,6.0,492.19786463360737
24.59477017639128,16.0,7.0,399.6913652979716
19.95775633726325,17.0,1.0,407.4573476384659
14.570510611333312,18.0,2.0,323.8818307048064
17.639814634866042,19.0,3.0,383.4992373275114
18.1308258755067,20.0,4.0,362.624118793738
31.89234813730752,21.0,5.0,489.7240309901944
25.57912293613473,22.0,6.0,455.0991535260712
26.948022620459938,23.0,7.0,441.3868590825573
13.89789495532437,24.0,1.0,366.6917540535759
19.010167853913693,1.0,2.0,265.2185054173105
29.43539888223144,2.0,3.0,388.9738282128573
26.433870561912933,3.0,4.0,338.7041116886345
24.26397360657201,4.0,5.0,404.1230762537747
27.82421179300061,5.0,6.0,352.16292673767987
33.17898903067908,6.0,7.0,440.98616511471886
23.894787682314742,7.0,1.0,393.81396230974775
25.346849013290345,8.0,2.0,408.196208304644
25.962984593656525,9.0,3.0,412.656688380028
36.96054817636996,10.0,4.0,501.2609139992701
14.503218677904872,11.0,5.0,312.0539657057888
28.41611507394404,12.0,6.0,444.4289725554841
24.42598875620468,13.0,7.0,392.50587991525634
27.833858630920897,14.0,1.0,450.1502014637408
21.713137230026376,15.0,2.0,380.05291934795633
24.75517484570775,16.0,3.0,400.3587079404168
28.55705289732748,17.0,4.0,483.31354848284906
40.5645510052192,18.0,5.0,606.8896699242226
29.04018094701036,19.0,6.0,449.71962664950513
20.759672009847456,20.0,7.0,383.52101679555074
22.881201589886484,21.0,1.0,427.94355156968624
22.73292945808073,22.0,2.0,430.6761765060011
16.021784136849924,23.0,3.0,367.5037389402509
23.34954904149281,24.0,4.0,460.4327196478517
28.664145409108727,1.0,5.0,361.6971079213524
18.628839404616024,2.0,6.0,261.36145421590703
30.242413255252963,3.0,7.0,421.1565273953891
27.43887410542169,4.0,1.0,382.13584621659095
21.32883339014481,5.0,2.0,307.0276268299068
24.292351813310763,6.0,3.0,354.22091929111025
32.99160903820517,7.0,4.0,446.3150356771717
28.66773906752933,8.0,5.0,442.7766452298086
25.04391827449074,9.0,6.0,395.9357069924421
23.81158341519508,10.0,7.0,390.0662464845956
25.383045352258296,11.0,1.0,422.2299263695187
22.44118221028848,12.0,2.0,397.3366955351911
14.476252471404926,13.0,3.0,287.0008821824429
35.210889552673656,14.0,4.0,506.13685241966687
25.776624995997008,15.0,5.0,397.96794369949913
26.990736325612687,16.0,6.0,427.6976026453862
24.710461250615456,17.0,7.0,424.7867123248494
21.32441599637706,18.0,1.0,402.9358256600155
24.070377595256147,19.0,2.0,455.9333923317674
17.003026189028443,20.0,3.0,338.2019460457401
36.38543249026653,21.0,4.0,566.85909191663
18.827440007888026,22.0,5.0,358.30834404149385
19.840168580764104,23.0,6.0,397.2852151911138
22.798703978068,24.0,7.0,441.7937082318096
31.44037862426189,1.0,1.0,412.1137349061345
25.07254499631327,2.0,2.0,365.74798204487183
18.81932101984769,3.0,3.0,274.99856350181824
31.271691803786695,4.0,4.0,387.44311847393936
28.65500313392741,5.0,5.0,407.69062378903016
27.692174786082266,6.0,6.0,423.8019525423373
28.578671205854203,7.0,7.0,379.8658132551442
36.97180950291225,8.0,1.0,531.1619786312584
35.925474475180565,9.0,2.0,499.1232129281339
21.56642328498352,10.0,3.0,329.9504024159737
33.11942496405576,11.0,4.0,451.5641436135143
26.9158409487945,12.0,5.0,414.474104955158
27.495479080688742,13.0,6.0,413.86554504840535
16.538645841783357,14.0,7.0,288.1281988826688
24.14807117305902,15.0,1.0,379.5999261060821
20.935882048317172,16.0,2.0,366.4244339246417
29.140294074466546,17.0,3.0,471.2791209112878
30.355402502014023,18.0,4.0,481.42600996807744
14.627568244918445,19.0,5.0,316.2509232991829
24.88982567997865,20.0,6.0,434.93600068561614
30.60930752397126,21.0,7.0,510.8936096369664
24.06660518843277,22.0,1.0,455.54858209301074
28.64531822501182,23.0,2.0,493.02700882232654
26.755827338135425,24.0,3.0,497.119713514568
26.70830115976313,1.0,4.0,340.8860055533054
23.643425109658512,2.0,5.0,326.93586030547806
18.91709597932145,3.0,6.0,282.1492010812072
19.392349262874863,4.0,7.0,268.1844274598917
28.546762572276585,5.0,1.0,399.07014247707866
25.09729127759441,6.0,2.0,333.4737191580381
24.30743877696388,7.0,3.0,407.3179487228978
22.88054978838824,8.0,4.0,338.0572221151561
23.47405577259624,9.0,5.0,396.4628403543886
30.23455897244069,10.0,6.0,435.1072798387968
23.323779590659868,11.0,7.0,378.5350785497178
18.29467643349216,12.0,1.0,330.1707683679029
28.718258877700865,13.0,2.0,450.3411826162422
23.975616680676413,14.0,3.0,413.7659596065328
25.156979327663883,15.0,4.0,427.8608415645225
33.03789153199755,16.0,5.0,510.8743831214627
24.897197213247463,17.0,6.0,408.6053179316912
26.445918365593627,18.0,7.0,423.8519902061092
19.105382543508373,19.0,1.0,351.17029892973164
23.9016527382452,20.0,2.0,443.4809076059908
28.047630226043005,21.0,3.0,498.1238764868989
17.223131330793787,22.0,4.0,402.5509469062964
26.004225465578543,23.0,5.0,466.1457073473956
25.50395536322403,24.0,6.0,441.7099581740689
25.2064372779372,1.0,7.0,302.12244991358284
30.185794493291212,2.0,1.0,429.6912795945792
26.672192574242608,3.0,2.0,339.7963944068754
32.39035949178222,4.0,3.0,428.0915133629469
20.03205242202982,5.0,4.0,308.8343876614253
25.67962283609174,6.0,5.0,370.407125603897
25.422333931949737,7.0,6.0,371.93939132021416
19.6537275312246,8.0,7.0,318.3002264395976
29.78147501045673,9.0,1.0,391.5074848629968
36.62336652926409,10.0,2.0,510.5267834900434
24.914969627580845,11.0,3.0,350.5581847935709
27.52510544136884,12.0,4.0,437.8954158755083
25.42259237907664,13.0,5.0,393.12342067469416
21.43207665046412,14.0,6.0,323.18003200017426
15.896198610989918,15.0,7.0,296.67789256219163
21.471132584523176,16.0,1.0,380.3098190615386
18.040208095241343,17.0,2.0,383.2160733035135
33.52051039029559,18.0,3.0,520.1378587379608
24.42445153038381,19.0,4.0,434.1334141908496
23.270403354764145,20.0,5.0,441.3284662320534
29.44576912393903,21.0,6.0,479.53480548090056
19.39124448572056,22.0,7.0,397.9962040778537
21.16567980997724,23.0,1.0,437.33402037841216
25.340361346243107,24.0,2.0,441.6742235910428
30.1438449571174,1.0,3.0,426.8981211237706
27.50842522584394,2.0,4.0,344.6782166570255
26.24162571257941,3.0,5.0,380.7635901153511
25.39058867618008,4.0,6.0,325.56442602368816
27.00117927763388,5.0,7.0,386.0365285393722
26.008264525646272,6.0,1.0,424.3209428194662
19.85013862611532,7.0,2.0,323.241813130149
25.23039610816576,8.0,3.0,378.17684822459466
19.631556705411235,9.0,4.0,341.52436704044936
25.40541271450412,10.0,5.0,382.46619802579033
22.59676029255879,11.0,6.0,399.3331770004444
37.696908113914304,12.0,7.0,519.812926128317
24.80052808124144,13.0,1.0,403.6018906479999
17.978802168692056,14.0,2.0,332.9823111290069
24.329098946615375,15.0,3.0,390.63202006269336
27.59679372818944,16.0,4.0,431.4128375467446
33.366819730762614,17.0,5.0,496.65472943445417
22.05273800030641,18.0,6.0,382.7745985330925
17.0878601298818,19.0,7.0,331.7150958160759
29.084185057154905,20.0,1.0,529.8186751785978
18.097006470501743,21.0,2.0,359.36816317522766
22.819222792462572,22.0,3.0,432.1248796775493
23.71189757244503,23.0,4.0,451.9693959196677
24.65183273349946,24.0,5.0,464.1204872466693
28.44582228537168,1.0,6.0,370.2860813380673
21.58182858856806,2.0,7.0,300.0042344487344
23.6313537391662,3.0,1.0,357.3444872164521
24.928648235253057,4.0,2.0,368.6169153520946
25.74798978759394,5.0,3.0,368.3007211805891
25.489135873539613,6.0,4.0,341.65378730090754
27.1800288761129,7.0,5.0,382.441814314464
29.219197548208687,8.0,6.0,391.26097220793775
26.96317057825484,9.0,7.0,380.28851478122186
27.267927617546093,10.0,1.0,420.3437409458001
17.08888416626761,11.0,2.0,327.06356454260845
25.251138495828403,12.0,3.0,439.1204399841321
27.397537740008044,13.0,4.0,416.2272498220042
28.64470597285225,14.0,5.0,456.9395724340256
21.53824612883103,15.0,6.0,378.5016617770671
21.70480362555677,16.0,7.0,401.96798966836354
22.129496623582007,17.0,1.0,414.8195406277326
27.68206949945672,18.0,2.0,440.6510664488408
30.16940527462104,19.0,3.0,453.2331321603858
22.96269946354199,20.0,4.0,423.8522286287701
29.53981156813525,21.0,5.0,474.8290957233447
25.61739904582297,22.0,6.0,428.5677155392178
24.378571114187817,23.0,7.0,412.43415705121663
23.943078850910155,24.0,1.0,459.6502984608447
28.733056823010784,1.0,2.0,416.48472221637513
26.62788908393535,2.0,3.0,359.10544392523263
36.37912713823819,3.0,4.0,478.59667760388834
20.738876785013375,4.0,5.0,310.3434408457819
27.59050851014988,5.0,6.0,357.11744331943095
22.35399495094244,6.0,7.0,347.2361763796327
20.65356506505678,7.0,1.0,316.6418097700204
24.94566431482514,8.0,2.0,383.8891757601226
25.68676239703518,9.0,3.0,386.0372156702457
39.59086777530047,10.0,4.0,551.7702264443185
24.07927092158399,11.0,5.0,359.6296893664262
19.349106352576584,12.0,6.0,343.30846168180506
26.365053587471927,13.0,7.0,390.8545877277453
14.62679981226816,14.0,1.0,303.0458938761058
24.54021608697867,15.0,2.0,341.6981563189847
25.080126411475803,16.0,3.0,463.6432355471162
28.97300191472606,17.0,4.0,473.7411578037852
29.868111247139232,18.0,5.0,458.334162752629
22.48215190546141,19.0,6.0,379.3284052879543
24.24692992685033,20.0,7.0,411.5563242109165
21.16939584694665,21.0,1.0,428.0315491658555
19.35968722596153,22.0,2.0,359.7551737479168
26.549473896903173,23.0,3.0,468.663050583145
18.632072257017004,24.0,4.0,429.73356001942346
22.926865497140685,1.0,5.0,296.58972825205075
20.02413020050381,2.0,6.0,293.8490027803112
27.748415931451294,3.0,7.0,415.5503556196681
34.00715049633244,4.0,1.0,469.7145375571399
18.492060085983343,5.0,2.0,306.4390772695425
15.734907585512154,6.0,3.0,288.4818049533016
24.375565573249663,7.0,4.0,358.7383490323025
25.07848897978879,8.0,5.0,401.7775155039567
26.09329653378649,9.0,6.0,379.9463648798607
22.76839742382828,10.0,7.0,317.5003420635632
23.99680350587284,11.0,1.0,384.1419729799192
26.83755205270301,12.0,2.0,403.04082992949606
30.202154463224197,13.0,3.0,452.3976643882934
15.224756148408586,14.0,4.0,305.06588030247326
23.155302804842687,15.0,5.0,415.501492044525
26.06904396970532,16.0,6.0,436.5962942303409
20.41011947694632,17.0,7.0,373.3665045209711
33.6558481588365,18.0,1.0,523.4995733617131
21.82295059885632,19.0,2.0,386.0523458114033
24.793536564963585,20.0,3.0,395.3118608963223
27.780110484211452,21.0,4.0,473.0643050699703
22.043576055990528,22.0,5.0,431.3285846313784
15.767134760977914,23.0,6.0,352.5046699448873
22.85672736541733,24.0,7.0,416.87018719843934
30.1472027796352,1.0,1.0,412.76207110063626
23.315524366074307,2.0,2.0,335.4885996482561
20.767828492705107,3.0,3.0,347.3931687665303
29.628361047513607,4.0,4.0,428.93817731650176
23.346125519884737,5.0,5.0,362.651416339314
22.449195931748918,6.0,6.0,351.64664160168724
25.74728044831655,7.0,7.0,345.6694561941364
28.853751048093937,8.0,1.0,438.7973845219914
36.90856765866273,9.0,2.0,515.6121957395588
29.136180538287118,10.0,3.0,444.4902999506944
30.79919983194172,11.0,4.0,460.8441880556783
22.47016900506072,12.0,5.0,378.7569418075685
19.870659470152617,13.0,6.0,399.7239240925181
25.31165674809561,14.0,7.0,400.5928540819178
25.53584957629798,15.0,1.0,446.08524337956646
19.607436293177013,16.0,2.0,360.65456672649
24.123527350479936,17.0,3.0,433.0481051825528
26.99658800859565,18.0,4.0,466.7522778906056
26.8019669750904,19.0,5.0,455.308191293611
27.52143926692136,20.0,6.0,490.5993315167436
26.454823650687214,21.0,7.0,430.8627157796637
22.46495670364972,22.0,1.0,421.9051482031328
22.430496866755785,23.0,2.0,437.5525703880277
19.005243010030615,24.0,3.0,418.6685671699906
33.92387519592548,1.0,4.0,435.8273423851534
25.067251823096463,2.0,5.0,371.387698961176
23.87573472102574,3.0,6.0,322.52354979093104
20.356039592737705,4.0,7.0,279.748826137606
39.678289511638894,5.0,1.0,524.9454618471191
19.63335983888552,6.0,2.0,318.78999286658126
22.855760371969637,7.0,3.0,365.4148781268608
27.079184181430303,8.0,4.0,398.24379599697295
28.00106482872139,9.0,5.0,403.2102524747447
29.789660276078425,10.0,6.0,428.39785132630976
34.03804253884631,11.0,7.0,474.9574032843268
27.53078827730356,12.0,1.0,426.208256776069
19.719846000166665,13.0,2.0,352.135819075198
23.715274374391093,14.0,3.0,390.0808770041728
26.539161862569426,15.0,4.0,445.5249210230824
35.34113020752912,16.0,5.0,522.2917221654071
18.010972607878514,17.0,6.0,392.24477552216047
31.012882526126138,18.0,7.0,482.3429162868306
25.899571847732084,19.0,1.0,439.9785690707476
29.189152676147405,20.0,2.0,539.3050342587353
24.49002641682034,21.0,3.0,449.1727917224901
20.787836849368368,22.0,4.0,425.68086423154
28.75436389700666,23.0,5.0,499.3856986341164
28.272155135528106,24.0,6.0,497.181771941236
29.86028482869861,1.0,7.0,393.3159293140356
24.933476823106822,2.0,1.0,334.2930769355469
22.000889883400752,3.0,2.0,336.3594797852358
17.206065024880793,4.0,3.0,256.56342417180315
29.096866340697037,5.0,4.0,400.4814066787196
27.11944741221993,6.0,5.0,371.6821249909336
20.171086835680203,7.0,6.0,325.8602720737765
22.30713163351688,8.0,7.0,348.7538412819335
22.6662059402428,9.0,1.0,378.2849772177317
17.58507784008791,10.0,2.0,325.59670985586087
20.91158801697433,11.0,3.0,342.9793733340153
19.33084821596823,12.0,4.0,336.0884123726487
22.93760494056032,13.0,5.0,397.78397263069286
21.306512508352185,14.0,6.0,386.4222586294098
16.864975395666256,15.0,7.0,299.7140919841316
35.11295115284741,16.0,1.0,497.5109588782211
31.262703655146154,17.0,2.0,477.08924888736726
21.104902892400077,18.0,3.0,412.9531805646457
26.36210698326805,19.0,4.0,470.9187504363412
27.08732544910648,20.0,5.0,437.3790168830413
30.955429273867384,21.0,6.0,502.7004798134007
20.906974866699606,22.0,7.0,434.7583753297978
30.46053391991213,23.0,1.0,524.911568743928
22.260473478965324,24.0,2.0,465.0348004943151
18.320687979156933,1.0,3.0,299.1814111932313
28.62068279657249,2.0,4.0,366.00285384116665
31.453792120612142,3.0,5.0,410.7382927361799
37.939544867653424,4.0,6.0,482.0905382423712
19.001373674548933,5.0,7.0,296.0964045059161
28.494598425403943,6.0,1.0,430.27256332281087
22.95099378103233,7.0,2.0,366.6836330558315
28.91679355262016,8.0,3.0,361.44391665063927
17.647552243843748,9.0,4.0,283.2187169765829
18.68615112150718,10.0,5.0,278.11389291555093
21.12062588416758,11.0,6.0,351.71356365478243
25.39482022834042,12.0,7.0,397.7579552727594
21.794593667308224,13.0,1.0,385.6104358452966
28.295271719567097,14.0,2.0,427.7741518413786
30.13447309128957,15.0,3.0,480.82761101529553
27.997887706226777,16.0,4.0,462.3041269916383
33.09393819830434,17.0,5.0,475.8364006389402
27.079133147276718,18.0,6.0,413.47056744378966
18.915516448299165,19.0,7.0,363.1525307584529
31.8168825676917,20.0,1.0,551.0044711491842
21.974218821970013,21.0,2.0,452.73704306367296
29.55209249842785,22.0,3.0,507.7890121932396
32.868671082775535,23.0,4.0,517.0867773961538
27.283440053652,24.0,5.0,495.5712537262917
17.519205934176753,1.0,6.0,253.14357404558663
20.40893916745104,2.0,7.0,277.7392509410342
31.61372233442568,3.0,1.0,385.25788671181687
24.15438657178592,4.0,2.0,357.5915096848122
25.39786767471083,5.0,3.0,357.3813297643608
28.794122080818045,6.0,4.0,407.86982839875054
28.481614310401618,7.0,5.0,358.82898917927497
26.393999061927303,8.0,6.0,389.3365240709468
23.95665814389767,9.0,7.0,314.94415815954414
23.43665777133821,10.0,1.0,403.1253827787533
29.28949412645672,11.0,2.0,452.33276594726885
27.767847655338965,12.0,3.0,423.1051811248979
23.71349999691105,13.0,4.0,401.3893971707521
30.410561564965704,14.0,5.0,439.544130396386
24.35482942435108,15.0,6.0,401.9958045558086
20.741689128328037,16.0,7.0,382.31237205248704
21.20514650548328,17.0,1.0,332.165680073005
20.10629581845117,18.0,2.0,376.1184709909612
23.637949916981565,19.0,3.0,421.92661656708816
31.168621391680965,20.0,4.0,495.7603415618944
20.974524094847457,21.0,5.0,428.88727747302266
25.942378805090517,22.0,6.0,428.9457655524475
21.71655327186293,23.0,7.0,398.7423478497248
23.698454793642814,24.0,1.0,415.6671674102592
17.44979394007374,1.0,2.0,303.7036724262003
23.897308854217314,2.0,3.0,335.0472856899972
24.03147310097519,3.0,4.0,334.54655324901773
27.70143972017848,4.0,5.0,380.9647435555705
26.11640456627685,5.0,6.0,380.888762231375
19.008039375239772,6.0,7.0,306.02766182272023
30.420991220217715,7.0,1.0,489.16759647331895
26.05151520110998,8.0,2.0,403.5938697791752
25.991967585887437,9.0,3.0,386.6147672754927
24.954088233074305,10.0,4.0,376.3137475802641
22.4112127638889,11.0,5.0,356.2569485905528
26.08901169874363,12.0,6.0,372.8533784948395
27.37794217964291,13.0,7.0,418.57670594626086
16.265521543272225,14.0,1.0,345.3245775569006
22.30619581326952,15.0,2.0,379.7946861202305
23.725265147982054,16.0,3.0,392.1050503541383
26.28085302847139,17.0,4.0,466.1274332105986
30.96655502963563,18.0,5.0,456.135887163933
21.14129592701609,19.0,6.0,347.0565917406148
22.51019076591079,20.0,7.0,381.04386878616026
22.43732944676725,21.0,1.0,395.5646401251866
20.992362049477293,22.0,2.0,421.6481417768646
23.264067524438687,23.0,3.0,431.4265852353954
28.854011099939857,24.0,4.0,492.14637009892175
19.730822523178272,1.0,5.0,310.3669087712782
27.13907197576452,2.0,6.0,349.56402253438966
16.490488849908324,3.0,7.0,274.40667673399605
22.19331001778897,4.0,1.0,369.1595561619538
23.35255349891007,5.0,2.0,343.4122850288275
33.37429836457032,6.0,3.0,469.4834407568295
23.62598847623656,7.0,4.0,354.42352651178595
13.993782632745408,8.0,5.0,283.41978890426986
15.005555465693751,9.0,6.0,245.62577090541205
25.170147931733403,10.0,7.0,347.7912344148271
28.068854278949544,11.0,1.0,424.8631884913446
26.877279288136265,12.0,2.0,404.9942967001672
25.837850529004957,13.0,3.0,404.0443231014518
30.81129798752833,14.0,4.0,461.7224482263406
22.30204389631434,15.0,5.0,397.4207095998685
29.474552780134125,16.0,6.0,448.59231623002256
16.839925574867912,17.0,7.0,315.9220295362174
20.47526083530967,18.0,1.0,384.7223408179187
15.96479302534092,19.0,2.0,333.26502465727685
23.62577349665104,20.0,3.0,408.5776249252561
24.768693913668287,21.0,4.0,408.42660286514354
25.5705074611326,22.0,5.0,452.09463693574753
25.309416764435674,23.0,6.0,438.7200535124157
20.36223334594136,24.0,7.0,421.9479082441071
24.04879577793392,1.0,1.0,313.54003593816043
17.51276665697126,2.0,2.0,268.285995468755
31.81614487566125,3.0,3.0,460.4195931697875
23.481869635509995,4.0,4.0,324.026506013143
22.555569404781544,5.0,5.0,330.825029005893
32.944701642220416,6.0,6.0,417.1301367656968
18.78876733225385,7.0,7.0,274.9191230669189
19.372064429840155,8.0,1.0,361.6668639601551
19.518898375657173,9.0,2.0,337.60977360931463
24.66064309150259,10.0,3.0,390.2800076797784
27.158158148187987,11.0,4.0,380.6552567795554
28.69837734058917,12.0,5.0,439.1586011680577
37.85997658747485,13.0,6.0,548.748204794625
13.75283772899618,14.0,7.0,309.5179185065324
28.04367794562209,15.0,1.0,465.8034440483441
22.214347137138844,16.0,2.0,373.5537598194804
22.06792425555613,17.0,3.0,402.9417108994212
21.90113935873061,18.0,4.0,410.3630927968383
20.456151645960134,19.0,5.0,348.67264475782326
33.422624173017255,20.0,6.0,493.8006499005368
29.211486635069512,21.0,7.0,493.878012785564
25.115979892786875,22.0,1.0,475.6807144613073
31.755078762435,23.0,2.0,495.5791269519222
17.437355173505622,24.0,3.0,401.2739809204397
18.34647434334537,1.0,4.0,278.37081141652607
14.11016133902656,2.0,5.0,251.72179248240863
21.50292729938356,3.0,6.0,299.3388465251568
25.80849263352377,4.0,7.0,369.9885962648557
25.51429288966167,5.0,1.0,394.0195043863292
25.746709555299404,6.0,2.0,374.4403968438798
17.94471584466959,7.0,3.0,305.8022093701616
29.01577371307011,8.0,4.0,405.187304540608
26.19813759119499,9.0,5.0,425.0141548856675
28.665271407329996,10.0,6.0,416.2472752867846
15.53618911204974,11.0,7.0,270.92140461695374
26.55745429398895,12.0,1.0,408.2580246623945
19.06117380041237,13.0,2.0,352.1471500269659
23.013383737243192,14.0,3.0,406.20046080799614
27.67182449318192,15.0,4.0,413.0017080288088
25.455468031279565,16.0,5.0,456.5078803716447
20.742300101103407,17.0,6.0,380.5965068921464
25.03136578092209,18.0,7.0,428.6427772686092
17.342323423781785,19.0,1.0,363.4794433613491
30.75133697949148,20.0,2.0,501.8985491419373
23.973579902518743,21.0,3.0,432.7701362666394
30.59274972127663,22.0,4.0,524.2834165934855
22.367341564519784,23.0,5.0,423.51484389613046
22.38212005796709,24.0,6.0,441.16220494952506
21.17906606681077,1.0,7.0,287.1137102010563
29.38086965846538,2.0,1.0,404.7215071509001
21.452844213357626,3.0,2.0,307.4500352487878
28.22297716207588,4.0,3.0,417.5603362717496
23.08773801165355,5.0,4.0,327.2024353021532
15.120183500541902,6.0,5.0,259.7022461201925
22.14842966106767,7.0,6.0,332.1850883615818
19.10445892818576,8.0,7.0,302.9655615283822
25.16951361841169,9.0,1.0,408.14505157297566
19.047961321627547,10.0,2.0,328.1464579215426
29.62987550357308,11.0,3.0,470.1772456465523
24.544620698234866,12.0,4.0,377.07670525974527
24.112020026206302,13.0,5.0,394.5077496609172
28.279460688937917,14.0,6.0,419.2788871031271
29.819534670379312,15.0,7.0,460.61480235442247
24.89950624115174,16.0,1.0,425.676067871982
21.143998502253545,17.0,2.0,387.33874412856585
16.130151919439353,18.0,3.0,366.071018524464
21.5697512148241,19.0,4.0,385.6106747271389
21.913938766760197,20.0,5.0,415.86969081996193
25.53528726496148,21.0,6.0,426.97367439611895
23.274265594309863,22.0,7.0,423.9963599463061
28.43966486025714,23.0,1.0,472.4851420381025
21.935083643646557,24.0,2.0,420.1004935103308
24.71479416573529,1.0,3.0,341.5050807458956
30.919937215984447,2.0,4.0,443.492355506306
26.709126069774836,3.0,5.0,369.1073381069438
24.699812291557176,4.0,6.0,382.09148923290593
21.990277790324114,5.0,7.0,328.3092437370595
21.833843016425117,6.0,1.0,337.5967452747523
20.746933735240265,7.0,2.0,367.2564678044165
22.294965671085503,8.0,3.0,362.6900091523234
28.77832919372157,9.0,4.0,407.92886005956143
23.890558643538657,10.0,5.0,383.3170156233925
18.251134653093843,11.0,6.0,313.65945153278625
33.84084646529892,12.0,7.0,437.62778072956326
26.599825955725816,13.0,1.0,446.7177227425705
17.96528299743415,14.0,2.0,365.5515110871801
22.79075536379588,15.0,3.0,430.6663942378043
25.55443191414209,16.0,4.0,431.98719298532615
33.522960466486886,17.0,5.0,500.2551361832183
19.459437708705654,18.0,6.0,383.2941656346282
29.880203596779733,19.0,7.0,489.7984432741754
31.997432134861715,20.0,1.0,549.7399450113456
21.85672847462715,21.0,2.0,416.6747322849427
23.612431905698838,22.0,3.0,433.81273960563647
19.81845376313115,23.0,4.0,386.873649236141
23.982694294598478,24.0,5.0,455.5761846804888
24.817050128285345,1.0,6.0,304.2052679182368
28.29824999041185,2.0,7.0,387.5042473613698
30.450917355102234,3.0,1.0,428.2658759883381
21.259519676891763,4.0,2.0,338.29660081808504
15.163374678870028,5.0,3.0,270.3982515187371
24.89377610361879,6.0,4.0,397.5973259868096
26.467687649843203,7.0,5.0,402.1167458069693
26.24708843842521,8.0,6.0,372.3293405567381
23.36663376245478,9.0,7.0,345.8827566305949
25.623760498319676,10.0,1.0,385.644128714904
32.57722404176124,11.0,2.0,485.7979070731242
26.908670844812548,12.0,3.0,400.08393002332633
23.133157874984576,13.0,4.0,405.99942162151285
22.49901091452002,14.0,5.0,406.4495753121111
24.150738211611348,15.0,6.0,380.92705673710446
33.1836998091532,16.0,7.0,487.1260273996749
24.08349645236901,17.0,1.0,423.1673841509384
24.90102827739646,18.0,2.0,450.689945983358
22.588432145318485,19.0,3.0,444.0711889653824
30.494916787209824,20.0,4.0,459.23932001472673
34.79918627372338,21.0,5.0,531.6282483867001
27.25306524715694,22.0,6.0,459.21031856036245
25.413864518927127,23.0,7.0,420.1252480915404
25.18391416587117,24.0,1.0,459.13694127263045
13.07846605607127,1.0,2.0,238.34003944772493
28.725754321424088,2.0,3.0,382.6839651574497
25.670832079979217,3.0,4.0,328.8158974276439
27.141710253303625,4.0,5.0,433.89875649323454
21.44268902958148,5.0,6.0,326.75044759989834
23.07771560511454,6.0,7.0,342.01103865327894
22.944875317484136,7.0,1.0,339.49022591350047
30.1081149203652,8.0,2.0,440.2952724430775
23.106200816984533,9.0,3.0,363.7777324890155
35.413301610548984,10.0,4.0,454.3625478511817
27.154312095075188,11.0,5.0,390.1380121504636
18.621586700021343,12.0,6.0,344.1143873536923
24.35726853374021,13.0,7.0,426.453038337411
21.74162438921792,14.0,1.0,391.7595519930401
14.02808765089988,15.0,2.0,331.3425420748662
32.99735470056895,16.0,3.0,497.8584408340253
28.51571271110002,17.0,4.0,456.4262038973881
27.666036589496564,18.0,5.0,473.47994644735496
25.827018301498523,19.0,6.0,468.5257287985746
18.08991215653781,20.0,7.0,385.9210554346906
22.581914302222817,21.0,1.0,406.49188151453177
29.208903873920065,22.0,2.0,494.7498609328957
19.743899851087487,23.0,3.0,408.9894922004008
12.341153418745932,24.0,4.0,326.2179749173088
23.86446996109537,1.0,5.0,336.4018504792656
24.291212229862307,2.0,6.0,351.32365853200207
25.677817082073545,3.0,7.0,370.8343658598383
28.64259321757268,4.0,1.0,437.14333522015727
28.188029061156044,5.0,2.0,394.2914685170637
26.293849026219608,6.0,3.0,356.6578269654098
30.977656940433548,7.0,4.0,439.94126128462455
17.405151095933427,8.0,5.0,336.72773158303033
27.522909072386952,9.0,6.0,392.68957352478833
28.132691816684712,10.0,7.0,424.06385770812153
18.8021885695988,11.0,1.0,353.93680154544086
17.485646956588052,12.0,2.0,332.6853105127727
21.27028936762199,13.0,3.0,368.8413880970942
21.69229278742354,14.0,4.0,356.4543437598075
28.767097317512157,15.0,5.0,402.03773172671
21.92730608154453,16.0,6.0,359.0360466821647
20.71825740859398,17.0,7.0,363.3764911037058
21.941831316527203,18.0,1.0,428.36676691372617
30.59316167077106,19.0,2.0,492.8690554606831
25.06521687188476,20.0,3.0,431.27165434048464
24.10374487321544,21.0,4.0,416.2177398930858
24.449972506494746,22.0,5.0,452.635841635137
31.46030167163261,23.0,6.0,538.7701600449383
21.25414136698379,24.0,7.0,432.8101281071871
31.57754145470052,1.0,1.0,429.8984085421746
26.05248149460752,2.0,2.0,335.0125600184164
24.197903090123265,3.0,3.0,340.9455460443572
37.50450248967141,4.0,4.0,521.9911094745075
19.721802551007016,5.0,5.0,329.6570353483747
23.23157120216497,6.0,6.0,313.5656476569552
18.83784380418,7.0,7.0,301.2666275778146
29.762309852680847,8.0,1.0,441.8850671800293
33.44594466825839,9.0,2.0,458.21627742205953
33.3496139070232,10.0,3.0,428.312058642055
31.11974376573002,11.0,4.0,456.1739185576288
24.01189766102017,12.0,5.0,369.3638114577929
23.173795112550767,13.0,6.0,363.061116343814
16.644151137529676,14.0,7.0,308.34790417668154
35.17936767590896,15.0,1.0,521.1201584659934
27.34489039074234,16.0,2.0,447.2672480255097
22.540215475652584,17.0,3.0,383.7223567780858
31.64028444493484,18.0,4.0,489.9986538566668
20.136177416199995,19.0,5.0,346.21330675394483
27.03311017111337,20.0,6.0,458.5518830184953
24.136854328545827,21.0,7.0,368.2430350186351
28.193385699401503,22.0,1.0,483.14405538534265
24.68213230406939,23.0,2.0,474.20504611423297
17.74536054444388,24.0,3.0,367.2667916989423
25.37788186335019,1.0,4.0,361.1074227066499
30.24432070937681,2.0,5.0,420.557861336186
24.853917970730077,3.0,6.0,279.38118065735296
28.87557560794543,4.0,7.0,384.7284980079394
19.77235257162973,5.0,1.0,262.20805716373184
24.86869603365074,6.0,2.0,370.3227914250885
21.877447724557115,7.0,3.0,344.6310530259446
28.734904200523548,8.0,4.0,365.6981622870187
25.15745781130998,9.0,5.0,420.0713453546971
28.450368381683063,10.0,6.0,422.2239999695231
30.43855213078933,11.0,7.0,421.4050526662526
28.45809287560694,12.0,1.0,470.8885173060398
26.365592171468226,13.0,2.0,386.7436573018359
20.00893870744297,14.0,3.0,336.5059664040634
24.986069446665493,15.0,4.0,366.871583993257
22.33454798992084,16.0,5.0,424.3663838299951
23.279680216478862,17.0,6.0,406.4437295942288
23.127329246248745,18.0,7.0,413.4613282594573
20.10037212608878,19.0,1.0,399.0237459392573
15.21330705433005,20.0,2.0,357.6084257661922
21.659284758361167,21.0,3.0,414.1544018615315
25.966897259620797,22.0,4.0,463.0873994503568
18.25911477286255,23.0,5.0,384.7432164530845
25.07841118235812,24.0,6.0,440.6122757121957
34.50134212155483,1.0,7.0,428.0809259112549
30.1152827762612,2.0,1.0,413.6247192278456
33.21770754560265,3.0,2.0,443.3880578470691
26.95563938466363,4.0,3.0,351.00095169157
30.83754911493223,5.0,4.0,394.4757577771542
21.380176347661063,6.0,5.0,350.45859215493846
21.77829866489008,7.0,6.0,328.6431057312328
11.304298969312637,8.0,7.0,243.7374966338452
30.930727370211493,9.0,1.0,429.464875507667
32.70161989909943,10.0,2.0,441.5532814580637
22.23411377326365,11.0,3.0,351.4692054820023
23.730241468013823,12.0,4.0,380.85111326471
21.230689431545198,13.0,5.0,349.0040883297637
26.91326775738746,14.0,6.0,447.0113480359889
30.62466272651621,15.0,7.0,463.8370932959113
16.286140130594795,16.0,1.0,376.84017367718513
27.047192653211265,17.0,2.0,457.5600896135409
23.616641141404276,18.0,3.0,368.9153950556465
25.566971959833445,19.0,4.0,459.7905517275056
27.29497000837145,20.0,5.0,427.7586676343155
24.058987806135896,21.0,6.0,432.2005514055857
24.482065732971098,22.0,7.0,418.3269761764341
23.93062416222681,23.0,1.0,494.16046231155184
29.85158100894141,24.0,2.0,541.3077686380168
27.093799800637484,1.0,3.0,352.1015851723397
26.102917688686805,2.0,4.0,356.4820235244458
18.645241394538587,3.0,5.0,291.3443753383702
23.107101283934227,4.0,6.0,350.3392942705745
29.49334580169587,5.0,7.0,399.516496263459
25.188482865619616,6.0,1.0,358.3869306685789
28.29765734794569,7.0,2.0,397.6254006954559
33.83255900163817,8.0,3.0,469.23595408884586
30.193030346044083,9.0,4.0,459.61944303573466
25.46579168849871,10.0,5.0,398.214674095708
22.445054149021363,11.0,6.0,345.9822429579133
12.232252019720509,12.0,7.0,274.2899757514009
24.158075387635737,13.0,1.0,395.8410570987941
23.369937520915755,14.0,2.0,415.5075353128944
26.95183097197688,15.0,3.0,486.0585180863409
24.23047386512656,16.0,4.0,403.1282112323946
23.39807470281603,17.0,5.0,420.0128502226877
16.1030053474639,18.0,6.0,318.1221868338844
20.30016085424967,19.0,7.0,374.7563331986708
27.383255204002783,20.0,1.0,471.4237977774699
33.57953815566347,21.0,2.0,530.9217083557471
24.51237308127188,22.0,3.0,495.3840045882193
26.63905536787062,23.0,4.0,463.2586921851385
29.762390784764023,24.0,5.0,514.3609386233377
20.945530318998756,1.0,6.0,257.85356580351885
26.83407021642721,2.0,7.0,365.98063343166433
21.29754946833921,3.0,1.0,347.816586530437
29.324122192455057,4.0,2.0,396.6892750729696
25.757015239758665,5.0,3.0,323.3657095767784
26.4922590699072,6.0,4.0,382.1495553225255
21.08700701290705,7.0,5.0,331.2137471367811
28.535161798053924,8.0,6.0,421.8331189954253
35.42356460615508,9.0,7.0,518.4537067698195
19.96044152285897,10.0,1.0,339.0033422165836
23.30120496176238,11.0,2.0,364.8862871444182
26.15803737084046,12.0,3.0,389.2420176809758
28.93203105997908,13.0,4.0,446.2818829404228
22.20226857355265,14.0,5.0,386.6097709118966
10.8348485492863,15.0,6.0,254.4353776056113
31.795947470820124,16.0,7.0,492.533129622717
28.802530597920715,17.0,1.0,479.3329875155906
16.285262347566675,18.0,2.0,347.71725726856454
21.96215604110222,19.0,3.0,387.5732659961397
32.84091214763663,20.0,4.0,506.7718351666719
32.23898209228933,21.0,5.0,463.7947149692425
29.693200113394724,22.0,6.0,493.6477424179079
24.119437830200688,23.0,7.0,435.7212040769556
25.41493709406255,24.0,1.0,474.9189507624153
24.345370974369366,1.0,2.0,352.54009005498483
30.641198916344187,2.0,3.0,415.1284188920864
20.62078796752445,3.0,4.0,307.0002160623238
20.971001725578976,4.0,5.0,315.6833781190448
30.05137293418008,5.0,6.0,379.4274010078774
24.778192722442192,6.0,7.0,345.1075143106334
31.89233677726904,7.0,1.0,451.9327888463597
21.64243896509727,8.0,2.0,335.70731813272545
24.726108198305877,9.0,3.0,400.4640979005096
20.387935075780234,10.0,4.0,328.70670913870174
25.03681340711784,11.0,5.0,394.6942422961447
17.607265315006003,12.0,6.0,320.4039662863668
22.561832895225187,13.0,7.0,384.5438808244601
17.81873067535941,14.0,1.0,363.20313023416014
28.46961616595629,15.0,2.0,467.5768138789217
28.58294669879826,16.0,3.0,414.70934296031993
16.348686347578273,17.0,4.0,360.3698264360453
31.669428727502865,18.0,5.0,522.2404517589206
37.48707563209927,19.0,6.0,542.2282706345634
25.230031933681705,20.0,7.0,436.0332575902741
21.79442869887677,21.0,1.0,402.1276533861521
39.12165295501524,22.0,2.0,556.2489594155094
18.40515750848745,23.0,3.0,375.2772697740267
25.10053233434549,24.0,4.0,448.2025425541827
25.898111363159614,1.0,5.0,341.8840990045599
31.725738102262078,2.0,6.0,390.079099222501
26.79869487563394,3.0,7.0,347.31844541999465
22.506830521057744,4.0,1.0,341.84817877800924
20.24407814806022,5.0,2.0,306.03624181839933
23.290890898769323,6.0,3.0,364.77939563869376
19.96536319527428,7.0,4.0,336.2868449806916
25.239126598923416,8.0,5.0,424.999020912524
22.17901910069757,9.0,6.0,371.30378964944487
17.529811033551248,10.0,7.0,309.1601715020808
31.27572894187452,11.0,1.0,452.3520034853916
22.511637382854804,12.0,2.0,384.991320862028
18.65931597512344,13.0,3.0,349.12507894956144
24.15870432756229,14.0,4.0,389.3207814955097
25.341857829838293,15.0,5.0,429.0932062334405
16.267666372104834,16.0,6.0,296.7147034274108
26.658238335628813,17.0,7.0,425.6943866455379
19.76421215654868,18.0,1.0,395.7592907518349
33.55514404595394,19.0,2.0,518.7997575076974
27.619802560383675,20.0,3.0,463.0629375352513
23.000500049453414,21.0,4.0,420.2492832706886
21.27416114841325,22.0,5.0,391.0295866703776
24.47516146218188,23.0,6.0,465.22963325330295
28.063953707916447,24.0,7.0,459.2787836407082
24.872529357074,1.0,1.0,357.0884801189377
23.91420596431572,2.0,2.0,351.41501760880465
25.29185145408948,3.0,3.0,339.94607651671544
21.980705343815227,4.0,4.0,329.2691385257671
23.28397036578481,5.0,5.0,324.64706020295404
14.57103780547498,6.0,6.0,285.5312275558687
29.86863115426184,7.0,7.0,389.9106528030941
26.49398890160881,8.0,1.0,388.8619471314488
21.132720779832848,9.0,2.0,325.84270763121685
34.49367490677619,10.0,3.0,458.7827745304109
25.43508240196193,11.0,4.0,429.1751298372652
19.819282140124017,12.0,5.0,354.0483148794914
29.283687107352293,13.0,6.0,442.6427395875338
26.990241082546312,14.0,7.0,405.7708715585247
26.972899927421096,15.0,1.0,459.8812354951464
22.87122197674205,16.0,2.0,386.22777098007145
27.252478618890173,17.0,3.0,464.3975720755038
23.69120854889453,18.0,4.0,397.4618599568325
27.77970725822921,19.0,5.0,444.9069185447787
15.475277729946804,20.0,6.0,351.91842502182647
22.830632685104053,21.0,7.0,429.5828737341559
33.610775489040975,22.0,1.0,555.057213568345
21.164662722998496,23.0,2.0,399.65314491484907
21.980808512534068,24.0,3.0,421.8735478108841
22.760193307750125,1.0,4.0,323.73990790147155
18.92596932055678,2.0,5.0,267.274073967366
13.95859611885874,3.0,6.0,264.00521639117324
23.84706800738193,4.0,7.0,289.43174119480847
25.67929712040829,5.0,1.0,363.2181808966998
24.737474657306738,6.0,2.0,361.18341651567073
24.275607190260565,7.0,3.0,311.87719860717027
25.215204354251934,8.0,4.0,352.2274609377956
30.11420735775382,9.0,5.0,443.6478638283796
24.047769070353915,10.0,6.0,373.0833634345984
22.12958711456365,11.0,7.0,386.75859158649456
23.594372575559568,12.0,1.0,423.8482546732921
27.89673379878388,13.0,2.0,446.62826555991774
32.06013439271625,14.0,3.0,487.8661089071767
21.85928130415411,15.0,4.0,382.9114352131191
25.494668935144414,16.0,5.0,366.8450489938544
26.6917872096798,17.0,6.0,406.02668183027646
20.037109966355885,18.0,7.0,371.3846097255376
25.10208583606459,19.0,1.0,455.3413725355993
17.671630713289524,20.0,2.0,376.509703375658
16.154748481303006,21.0,3.0,339.6981854587169
26.833732039461285,22.0,4.0,485.0854460440028
23.08062629334609,23.0,5.0,460.4551435085536
26.01140203810609,24.0,6.0,480.8738123868877
24.91052511495825,1.0,7.0,352.8972377413919
20.11799975668101,2.0,1.0,296.9954816077059
24.77372849017832,3.0,2.0,378.2559673557991
18.83449347492572,4.0,3.0,302.2601075358104
31.954861790007,5.0,4.0,442.77972847051007
18.220148275700183,6.0,5.0,304.510119613496
24.02107364515709,7.0,6.0,354.7809943427627
19.78864205976376,8.0,7.0,299.68637109519153
27.852105866803974,9.0,1.0,418.8783253969588
23.34284314359249,10.0,2.0,397.1636637855813
22.40666640189395,11.0,3.0,361.2371479126813
29.26600772525777,12.0,4.0,458.5270225047406
25.14715295838776,13.0,5.0,416.2129429962311
27.58322222967984,14.0,6.0,421.85347435640176
20.09337031741268,15.0,7.0,382.7097052465183
17.975915280362464,16.0,1.0,349.64821937981054
25.53603981020067,17.0,2.0,464.5513353542593
23.405768222526344,18.0,3.0,423.7402218560829
28.13217336226972,19.0,4.0,464.0044152536269
24.60045773668725,20.0,5.0,413.2485497601194
26.02537669617315,21.0,6.0,445.4885623590307
16.883087350293785,22.0,7.0,353.7556832330494
34.44218469807129,23.0,1.0,531.2559192756947
24.17879007483984,24.0,2.0,451.4355922940451
28.487934851696,1.0,3.0,364.8032849150183
20.81954164890187,2.0,4.0,317.9152518685943
26.540049511086703,3.0,5.0,391.5261046254311
18.485776182376277,4.0,6.0,262.31944829785795
27.26033919129836,5.0,7.0,410.849546480322
23.22012957807084,6.0,1.0,356.6302750930058
25.14595251967784,7.0,2.0,360.9590974980081
28.48987015065049,8.0,3.0,431.0537971106685
18.8372984438986,9.0,4.0,312.44389487388503
21.577541346936016,10.0,5.0,349.1406799487303
27.286621405433827,11.0,6.0,401.7806491700967
35.49110737273374,12.0,7.0,477.5763150900393
24.30958832669259,13.0,1.0,419.575823914964
27.95568058961966,14.0,2.0,437.8307778383128
24.4651426507076,15.0,3.0,381.9183906634911
34.7112279737815,16.0,4.0,526.1334822221337
16.263891665173723,17.0,5.0,308.52726963126213
25.47310522334679,18.0,6.0,403.66584877996274
16.872279832189697,19.0,7.0,366.57492242144326
12.467142147316416,20.0,1.0,297.7446234889599
26.487310265589084,21.0,2.0,417.544205517341
25.69748898073729,22.0,3.0,470.4321195066029
23.57581531128899,23.0,4.0,432.68088452326725
24.469029549801235,24.0,5.0,445.33719307525
40.49149717035629,1.0,6.0,485.6249638365589
23.709124309842828,2.0,7.0,330.7246418788028
27.550621806250376,3.0,1.0,372.4518332244424
21.7531759019306,4.0,2.0,361.0540565106213
26.476162875203016,5.0,3.0,351.23701914584217
23.80883162472191,6.0,4.0,364.9858145807616
22.94740758635135,7.0,5.0,362.3164959410452
34.094492661001624,8.0,6.0,447.7518913933487
30.88592481592169,9.0,7.0,412.3845592536605
25.683733236996154,10.0,1.0,424.1808166533647
13.478940320280168,11.0,2.0,263.9721881224674
23.194953883737156,12.0,3.0,370.81626002236015
38.515137822025416,13.0,4.0,555.8975574694491
23.84669166680146,14.0,5.0,394.1617413387951
30.516087860268293,15.0,6.0,426.2180052501009
32.209712009763,16.0,7.0,516.0383029887003
26.094819579279875,17.0,1.0,432.3479806171994
20.79089184065924,18.0,2.0,383.85377260846406
12.823438341085556,19.0,3.0,319.35006845738286
28.420816043044773,20.0,4.0,484.7096963705292
20.92621998588226,21.0,5.0,438.4842856846519
25.88075225943846,22.0,6.0,417.6061596062706
18.75089830205318,23.0,7.0,398.0280271990507
23.67381229764899,24.0,1.0,468.5983168574914
25.168595274505265,1.0,2.0,347.9426545275703
26.34296790522149,2.0,3.0,380.1751529485393
19.42588906323793,3.0,4.0,315.94437098511025
30.98455474380676,4.0,5.0,387.20629173832754
22.015526076340144,5.0,6.0,362.1505908810181
16.627652697733772,6.0,7.0,244.10128191457488
24.45488290018268,7.0,1.0,353.84250337705134
25.1718765451323,8.0,2.0,380.4830119788411
25.8029471658588,9.0,3.0,432.52828192232914
31.8106620184254,10.0,4.0,449.94148758918624
23.8177558163207,11.0,5.0,377.5388803621908
24.401901878156146,12.0,6.0,414.66059085965264
19.484078093834533,13.0,7.0,332.8344180870359
29.102767514439485,14.0,1.0,434.4589408857813
25.92154532039052,15.0,2.0,419.8707564991389
22.899861363529187,16.0,3.0,427.4144503114074
15.476626532672682,17.0,4.0,329.1835652678296
32.22206097527544,18.0,5.0,535.8337749338796
18.86160017771972,19.0,6.0,380.37470030244026
22.04360995315147,20.0,7.0,386.5399208036451
26.791722555380016,21.0,1.0,470.93875164310174
19.017210356916568,22.0,2.0,377.10774120632806
17.532451108734282,23.0,3.0,367.95585047436737
14.380262086496677,24.0,4.0,441.38430588548187
28.60498476452818,1.0,5.0,396.422337845958
22.27406877636839,2.0,6.0,331.9626475438174
39.63635046236665,3.0,7.0,477.8998983175052
20.028224671845635,4.0,1.0,348.6739280440779
20.392744882855396,5.0,2.0,344.9157608644126
22.173035148572996,6.0,3.0,380.3627772728853
26.21567327569245,7.0,4.0,421.8190157248934
22.648983306073443,8.0,5.0,321.908047298784
28.06166107001256,9.0,6.0,385.4198209147275
20.10705805005673,10.0,7.0,309.9948241912946
18.092041407682096,11.0,1.0,314.04160121017225
16.008926302954464,12.0,2.0,320.5583103147525
13.882129160314015,13.0,3.0,283.4852225612238
22.40965490262472,14.0,4.0,423.5485198414975
23.49509843803389,15.0,5.0,433.0445820219717
21.842814862584085,16.0,6.0,380.29891674426005
31.21702898593581,17.0,7.0,515.2768141823539
31.140151048040675,18.0,1.0,528.1642030252108
23.32598506277749,19.0,2.0,413.2457194442297
16.030394434040183,20.0,3.0,311.1196374598905
22.166474459724736,21.0,4.0,410.3053768980328
22.00089303041469,22.0,5.0,402.1164876825775
21.71432518860971,23.0,6.0,418.27336438901375
21.511405480508778,24.0,7.0,415.8986205425828
21.732685521375963,1.0,1.0,320.58720839174424
23.0672919205112,2.0,2.0,345.1466140326953
21.822294505922216,3.0,3.0,299.9725061175486
26.04161254312796,4.0,4.0,376.6433309826738
26.801843579524306,5.0,5.0,369.226112734903
20.44677456408755,6.0,6.0,320.4673896381492
31.355326630035165,7.0,7.0,446.7014632049954
20.09968849079693,8.0,1.0,313.5088894435487
16.910996930923314,9.0,2.0,302.4840962558418
26.903890356825254,10.0,3.0,407.6682188876753
20.912959327928306,11.0,4.0,341.8442138478702
26.60645735378694,12.0,5.0,429.0611634605286
12.981656994497348,13.0,6.0,262.40880276896405
31.962279707415338,14.0,7.0,457.5147890853066
28.36146704020201,15.0,1.0,441.41628774297885
17.49761725418499,16.0,2.0,370.8172807706259
17.606114380768574,17.0,3.0,342.21226155944146
33.36132952048764,18.0,4.0,520.8142030225474
21.313100482510208,19.0,5.0,432.6451068497036
20.82907575633688,20.0,6.0,388.7943891563571
13.669739529253588,21.0,7.0,342.93860889319905
23.24610897199223,22.0,1.0,472.8881714017848
23.86140192582124,23.0,2.0,468.1578504590206
28.577465483847423,24.0,3.0,496.4386285189194
18.004607859077623,1.0,4.0,285.8882337707485
17.39856603879695,2.0,5.0,243.2380885252626
27.254813173882383,3.0,6.0,353.9472685758248
30.033650356135325,4.0,7.0,387.2429999287149
17.144238244410584,5.0,1.0,338.2546248475915
30.407570431498705,6.0,2.0,411.8240140298817
25.187709207434107,7.0,3.0,361.3275570491045
30.45902669537323,8.0,4.0,411.7118473487526
24.64889819241192,9.0,5.0,387.6852171627344
12.388610412560247,10.0,6.0,258.7385319789801
24.24016308841981,11.0,7.0,398.1368104247294
30.30071909335635,12.0,1.0,473.4323842551106
20.53126990458143,13.0,2.0,336.7049021113329
23.06017515546274,14.0,3.0,375.45619615442
24.11933248224511,15.0,4.0,431.49989978796754
10.50243060065759,16.0,5.0,265.9583411150398
33.356737877187385,17.0,6.0,524.319215132234
20.49312160051413,18.0,7.0,370.937597046835
27.528677162363994,19.0,1.0,447.9336430578695
24.56649431925896,20.0,2.0,433.5997276392555
31.2880952817968,21.0,3.0,489.5199569069741
27.030280612140405,22.0,4.0,456.9917508733556
23.82537864239513,23.0,5.0,442.2723005552562
20.5324245374036,24.0,6.0,417.5563471814164
28.989253506910693,1.0,7.0,342.088708604021
15.632793480226916,2.0,1.0,262.9805746520872
28.22945210137946,3.0,2.0,379.5622063025996
19.50477624222564,4.0,3.0,293.0794662430801
31.2614183097832,5.0,4.0,428.2678754804935
25.80649771331348,6.0,5.0,362.05593967935056
28.220618839250545,7.0,6.0,426.8489482894389
25.4099440691236,8.0,7.0,396.8606782162572
16.238114524295014,9.0,1.0,328.0177111217909
20.69635418302331,10.0,2.0,341.06533792042705
28.36194668805691,11.0,3.0,410.3694901821827
25.83327908679922,12.0,4.0,407.9733894557545
30.90494952652836,13.0,5.0,456.0425279395583
27.01637281518586,14.0,6.0,409.9872649033913
20.1664905464867,15.0,7.0,332.15021653152775
21.01967931139683,16.0,1.0,386.36643372860686
25.514586952616185,17.0,2.0,426.0644805211124
13.429779669999473,18.0,3.0,329.0647374407551
33.367209428114926,19.0,4.0,529.9742153115789
27.208733681887782,20.0,5.0,479.1033329273322
31.13517298524436,21.0,6.0,473.1658188148429
17.096980295954154,22.0,7.0,367.99096911341417
31.22282580177628,23.0,1.0,509.6789438930893
36.15749455513874,24.0,2.0,551.1666613351657
18.395608223113413,1.0,3.0,271.3840374921599
28.857008974518838,2.0,4.0,407.9441893478807
25.005549723436467,3.0,5.0,342.609130162955
17.27783075875878,4.0,6.0,306.08740078677005
27.464419859259348,5.0,7.0,389.62176890300015
29.16801602418674,6.0,1.0,410.7983506622559
21.99436723665577,7.0,2.0,372.1446409446858
30.829582601276115,8.0,3.0,448.2037614550469
16.66618296605401,9.0,4.0,281.010641891606
17.526219267751777,10.0,5.0,347.43824538912804
25.682986977943763,11.0,6.0,399.0194462411672
25.12692638986136,12.0,7.0,390.6451877383234
21.417132557879476,13.0,1.0,359.0606721806824
29.04797217985943,14.0,2.0,478.07048715074905
27.654471571079743,15.0,3.0,452.8902242580236
29.29069535467008,16.0,4.0,473.4917171526056
24.38431782323866,17.0,5.0,403.6925513618712
28.012901339891705,18.0,6.0,468.8110248371184
22.77174848485003,19.0,7.0,419.9537567199163
35.269093450432976,20.0,1.0,536.3153697287073
20.93727114939007,21.0,2.0,380.0329087002809
35.52648714729156,22.0,3.0,567.8923326596941
25.17443973544704,23.0,4.0,423.2774583623556
18.12244555215629,24.0,5.0,389.2647710783184
31.84039675244301,1.0,6.0,396.4590654286839
25.6295069419748,2.0,7.0,369.6683736355264
29.25562049190119,3.0,1.0,396.69932710366777
31.119279592712967,4.0,2.0,447.33825536720576
26.68977777072513,5.0,3.0,372.6135888199907
22.038795775935927,6.0,4.0,358.38777786055147
29.87856688834625,7.0,5.0,459.9924997601992
25.003777537272978,8.0,6.0,350.676832605405
28.42928909304209,9.0,7.0,414.1336053650391
14.231347131042693,10.0,1.0,344.28911962862827
27.23490858504926,11.0,2.0,422.680862388551
21.80707087427485,12.0,3.0,370.3064741473414
33.26654818589265,13.0,4.0,501.4354608059469
28.115436739445475,14.0,5.0,436.97598467634987
26.199288729246483,15.0,6.0,384.8483674010538
27.431549966751103,16.0,7.0,455.9612471642898
20.00779573561641,17.0,1.0,342.0189890788603
33.11628345264027,18.0,2.0,506.8270015036358
34.956852092084524,19.0,3.0,559.7170359039782
26.96456755274108,20.0,4.0,450.5148269545551
32.952017842868194,21.0,5.0,505.6462485793938
22.15425900663733,22.0,6.0,431.1278681697046
21.014432168875096,23.0,7.0,387.1220259520632
25.20462374364461,24.0,1.0,444.6017230446071
27.174705191839493,1.0,2.0,376.2373316682607
23.0300665937844,2.0,3.0,327.6421999695921
27.68884095184242,3.0,4.0,355.0149472346473
26.53194741036707,4.0,5.0,383.0585249035681
20.008466123544725,5.0,6.0,316.3744133469919
27.593965087258606,6.0,7.0,377.7445505404734
29.317641212607604,7.0,1.0,419.34977200357713
25.857346587951955,8.0,2.0,401.9813207197027
30.763240516308464,9.0,3.0,467.43963355812593
18.91298103251524,10.0,4.0,321.4739461229659
27.33975211065926,11.0,5.0,426.49129096675546
19.148596468016127,12.0,6.0,344.78996902185327
19.42959320883456,13.0,7.0,355.8820779425251
21.84534583131105,14.0,1.0,386.2396422879798
20.289699082128777,15.0,2.0,353.6504805399606
22.26002090629431,16.0,3.0,384.35022599894376
23.929248446444056,17.0,4.0,419.1495537800735
29.18577243165692,18.0,5.0,503.227011884201
23.39420480647149,19.0,6.0,401.2616556007893
17.071871466152036,20.0,7.0,365.8144635320684
30.7003392324758,21.0,1.0,502.4422633112228
20.8145493319248,22.0,2.0,414.3548684369707
24.706397864476852,23.0,3.0,483.3719136300404
27.23268253470356,24.0,4.0,495.6126769754442
25.998052092013918,1.0,5.0,325.15453546532
30.470897737607377,2.0,6.0,385.259476899842
27.395015716963798,3.0,7.0,393.0745840584651
20.69345210151446,4.0,1.0,326.77208186771446
35.89281086995831,5.0,2.0,454.9513063072658
25.971667316691168,6.0,3.0,364.33762426743726
24.26329886689247,7.0,4.0,379.7028591231481
29.819627115277854,8.0,5.0,443.0844767771312
26.24725472965036,9.0,6.0,389.8296533261471
26.99614096469664,10.0,7.0,448.4676856656884
37.46091999300344,11.0,1.0,543.0922471991471
23.624392858724768,12.0,2.0,385.3743071945897
23.41119552991302,13.0,3.0,373.7978343371433
25.58289256006232,14.0,4.0,394.3312395078423
30.357579677905196,15.0,5.0,470.2842231886593
17.467329849048006,16.0,6.0,326.8977575922119
15.172220542617474,17.0,7.0,349.19708050584325
22.06442364689926,18.0,1.0,436.9704725273498
16.830385204703564,19.0,2.0,369.9651829969802
22.87584326237181,20.0,3.0,396.1785091645802
27.51249848064645,21.0,4.0,454.6806073554164
20.54625568223868,22.0,5.0,425.5761073372088
17.865867116093288,23.0,6.0,364.3973471650308
25.34668580857674,24.0,7.0,474.9096927641579
29.312717423075853,1.0,1.0,404.61925269145377
16.525132807416938,2.0,2.0,270.2856857704331
29.10116199152992,3.0,3.0,382.9549636565904
29.08653101869163,4.0,4.0,396.9804333164213
29.77042551078314,5.0,5.0,411.4972142053293
31.09240107435843,6.0,6.0,443.5747887096067
36.01006962329808,7.0,7.0,456.3859842203057
23.219539756904723,8.0,1.0,363.93906071852496
25.54785790038929,9.0,2.0,395.3750416425386
22.917807833759877,10.0,3.0,383.431645491322
25.009884223779054,11.0,4.0,374.9295554873351
32.66436677818156,12.0,5.0,445.3122719240712
18.274927580346656,13.0,6.0,343.2285788376676
20.69475163917212,14.0,7.0,325.5885340927872
31.885904682522806,15.0,1.0,516.5586411204714
30.10018253451045,16.0,2.0,471.8833033954463
23.18434176591461,17.0,3.0,376.8927960136572
29.2720100056036,18.0,4.0,461.1116956679661
26.706079212460168,19.0,5.0,454.6432647859865
32.50137304500494,20.0,6.0,496.3597086989498
25.372547969133866,21.0,7.0,438.1260746678256
30.12816056936291,22.0,1.0,523.0831730077348
38.2100595524631,23.0,2.0,587.0567888168786
27.99049577523733,24.0,3.0,472.16380422305065
25.24664082897422,1.0,4.0,339.4867283423053
28.612234926104897,2.0,5.0,409.4191519902341
23.17359570898057,3.0,6.0,362.4372439964694
36.939838527623664,4.0,7.0,427.99986179739113
25.900355188479907,5.0,1.0,402.8241100686286
23.63533339887244,6.0,2.0,365.3562883094315
20.82155497489982,7.0,3.0,352.6952033314012
30.486100958032196,8.0,4.0,421.8512443749693
29.33593706413869,9.0,5.0,387.9941004513572
22.51322814292953,10.0,6.0,368.8220572022446
27.882256725612116,11.0,7.0,394.0030220304668
17.45722015893572,12.0,1.0,303.8063529596601
25.924852875365783,13.0,2.0,391.8805011041885
27.263781760383477,14.0,3.0,445.65609325214143
33.53664904779612,15.0,4.0,501.15553979854513
21.145905986356556,16.0,5.0,392.108380301059
18.60823685598838,17.0,6.0,366.4638736498111
20.52286019537479,18.0,7.0,365.8099306620726
18.3171574984254,19.0,1.0,373.7621035067049
31.68328678879492,20.0,2.0,500.6041173122984
32.743196475120186,21.0,3.0,519.225409293892
26.601082889744145,22.0,4.0,444.66573413782015
31.10647472842574,23.0,5.0,518.8744331617442
25.669791902901174,24.0,6.0,480.2003340086469
24.52444176149617,1.0,7.0,312.912157018542
23.334811904731197,2.0,1.0,365.9735119553388
23.44804504311217,3.0,2.0,345.7508803606806
17.260992218454845,4.0,3.0,288.4315017126647
26.32127381803669,5.0,4.0,342.2241477882166
24.798330448929786,6.0,5.0,326.83805829798314
28.72680362038938,7.0,6.0,407.1503634594874
25.46761748219305,8.0,7.0,389.4708173145706
24.18648149215454,9.0,1.0,370.4372060486464
20.644034849961848,10.0,2.0,383.8422265112803
25.360766184108808,11.0,3.0,414.3063813261744
28.69118615408081,12.0,4.0,416.7450365066484
19.283305044580697,13.0,5.0,343.4500237868771
25.437368768403697,14.0,6.0,455.9122703585052
26.16521475764742,15.0,7.0,390.8008675204801
21.40967608190868,16.0,1.0,401.6621595973889
22.06071847546,17.0,2.0,393.1522937001332
26.153054243831072,18.0,3.0,456.66846825668097
19.33289490853689,19.0,4.0,401.6744220117365
26.749618576246963,20.0,5.0,444.7714439882423
20.523228131704,21.0,6.0,414.6105267511835
30.31426846516608,22.0,7.0,536.5667525371
36.6891387269415,23.0,1.0,580.2168820162997
20.696215991490902,24.0,2.0,436.65993366479273
27.67103931187337,1.0,3.0,360.9015777146682
21.366290475589903,2.0,4.0,312.0480909365233
30.20477086898895,3.0,5.0,398.5142068357246
18.673707954573924,4.0,6.0,304.67579805891114
27.40293379213856,5.0,7.0,402.1228566365241
20.63505516555324,6.0,1.0,331.1574546731832
23.96507705450816,7.0,2.0,399.32322745974005
19.844873624263464,8.0,3.0,360.04968507386724
29.111752354478767,9.0,4.0,441.0545984083857
20.815098227802064,10.0,5.0,332.83045164358606
27.759821296659137,11.0,6.0,402.3616366317933
23.279509858688336,12.0,7.0,355.5474714930826
24.427638141005687,13.0,1.0,425.25970281482006
25.73877953700064,14.0,2.0,397.1524312202191
21.19087664170576,15.0,3.0,391.4455194992777
26.051835567704437,16.0,4.0,406.89616872056206
32.65167282177205,17.0,5.0,512.98765061456
21.109526070836427,18.0,6.0,383.4396523629755
30.859050716369225,19.0,7.0,509.2632784008888
32.49048816743892,20.0,1.0,544.7339732408145
20.91922505485978,21.0,2.0,436.89355878864006
17.724726974547238,22.0,3.0,407.46364411125467
26.509804500858824,23.0,4.0,470.9706616883522
22.26296238616564,24.0,5.0,404.45376253316425
34.34301609581501,1.0,6.0,409.37969985820257
25.17403770249916,2.0,7.0,299.00340643867287
20.989002959824106,3.0,1.0,300.2167129296792
19.264202444941443,4.0,2.0,308.0184976035074
30.449524795454156,5.0,3.0,409.3021643380383
22.144080129579063,6.0,4.0,335.8380892075936
25.21914399730214,7.0,5.0,382.0457483622494
29.779013725562404,8.0,6.0,413.7088320943088
22.578708240345847,9.0,7.0,327.3505063952068
24.7703558562992,10.0,1.0,393.6388852117233
24.9171579508874,11.0,2.0,380.2017697734171
28.41662255758046,12.0,3.0,429.7504956362234
27.953721677551627,13.0,4.0,459.3927560639764
23.89943134372586,14.0,5.0,388.5842073553351
25.318245307482588,15.0,6.0,445.6016041417808
23.14110494238256,16.0,7.0,419.043769162585
17.611937965402777,17.0,1.0,346.5332734824469
26.288004286990645,18.0,2.0,424.6575675415909
34.46095880416534,19.0,3.0,529.5585048032494
20.581404296544687,20.0,4.0,416.8805982333847
21.134851451986485,21.0,5.0,391.5446963952911
20.64636114178129,22.0,6.0,416.62541738305566
28.62295889361561,23.0,7.0,504.39838871887787
27.2424272709822,24.0,1.0,473.9437597025699
24.20731153791772,1.0,2.0,327.5520936134054
20.40990469180517,2.0,3.0,319.3522875605919
25.46188395819962,3.0,4.0,360.6557905748276
17.176889363320978,4.0,5.0,263.04766310233623
25.717132834287465,5.0,6.0,357.12771938048286
29.35762193043967,6.0,7.0,401.1658282498484
18.74400431683161,7.0,1.0,288.14295466920686
17.337408615851682,8.0,2.0,322.68694828817075
32.8971894584743,9.0,3.0,455.3980508059592
21.941201802477075,10.0,4.0,301.7376935488088
30.67973922971911,11.0,5.0,446.3199729310021
24.230011674010843,12.0,6.0,369.4686915622383
24.19022591529336,13.0,7.0,419.6787029989872
27.192063497483225,14.0,1.0,427.2117345564329
20.5800057162678,15.0,2.0,352.8471898911058
25.662485717478223,16.0,3.0,437.7835105740226
23.092552925879534,17.0,4.0,390.7165818986437
18.39753278297484,18.0,5.0,343.38620380470377
26.687410373631995,19.0,6.0,454.06413139280806
23.68346096561042,20.0,7.0,395.0252634983129
24.214875857776462,21.0,1.0,415.0032854137756
18.94919528292921,22.0,2.0,428.0119128711789
32.95700183881402,23.0,3.0,547.1599931401531
29.38357093193058,24.0,4.0,496.5515236194185
29.820779420859893,1.0,5.0,388.1382500145602
23.47277648779159,2.0,6.0,336.845052040239
16.3540855524829,3.0,7.0,277.00760451709743
34.764586912447555,4.0,1.0,449.52636329817534
24.69451245997066,5.0,2.0,373.2680551190203
21.25600101989973,6.0,3.0,323.4259266747925
27.08400787241557,7.0,4.0,390.0604538339032
30.835603940016487,8.0,5.0,436.569896749463
24.88474721957267,9.0,6.0,375.7139007346733
31.39287583969687,10.0,7.0,457.6400963630201
30.41499969258434,11.0,1.0,465.8917281081553
19.61809406298971,12.0,2.0,320.01755644245355
21.631049471702617,13.0,3.0,345.15403057571734
29.78768581639884,14.0,4.0,448.4825244688025
11.43693718094781,15.0,5.0,310.94187705831456
24.252721534175052,16.0,6.0,387.4953786917185
17.84584399187664,17.0,7.0,338.2939857265114
22.617230992832376,18.0,1.0,402.4453893891933
23.50589955485398,19.0,2.0,412.97810786677815
23.20877811046246,20.0,3.0,426.6525759827257
22.23869373943696,21.0,4.0,443.4024829182826
19.51428175185593,22.0,5.0,399.2621855161711
36.45955633409344,23.0,6.0,545.5249441123925
34.337310020806754,24.0,7.0,597.4376904241317
19.189670898718585,1.0,1.0,295.4681734064084
32.91058375651784,2.0,2.0,421.5614184375361
23.002672547635736,3.0,3.0,364.2686529699091
25.64593736665855,4.0,4.0,355.0779613077092
24.68363020051542,5.0,5.0,390.0945751049031
21.70125679373017,6.0,6.0,311.59971211796835
29.91926171803073,7.0,7.0,441.7932249587347
25.62943265288329,8.0,1.0,397.3152798144668
22.617242883903792,9.0,2.0,390.9934734930866
18.47705278099764,10.0,3.0,363.80584198400726
20.5320249314044,11.0,4.0,325.6681035036189
16.793099421989517,12.0,5.0,338.44643063506163
25.061117742075847,13.0,6.0,369.4330993322504
19.016672038578022,14.0,7.0,318.2230332808156
23.67219743740729,15.0,1.0,392.6537851782242
31.85050926805185,16.0,2.0,502.5778254040758
30.996497864607928,17.0,3.0,486.62529618477646
24.838615529486912,18.0,4.0,423.0434336116124
24.56457636928425,19.0,5.0,428.5704692732897
34.39937274710504,20.0,6.0,537.8195192569199
27.60378060179356,21.0,7.0,473.4027684967626
23.360967700617387,22.0,1.0,462.4930137184765
17.86990941439774,23.0,2.0,424.0997903993262
26.96936609082372,24.0,3.0,480.26641345940766
29.146618862914316,1.0,4.0,374.0444093865248
21.841742377431785,2.0,5.0,325.68814635802164
26.456013775690163,3.0,6.0,338.6750414316092
23.182133525424856,4.0,7.0,317.2472526120163
24.079838004004987,5.0,1.0,382.7859989679057
12.560889712188343,6.0,2.0,247.12632962552937
23.891092981419323,7.0,3.0,340.7470806470324
29.846846512040276,8.0,4.0,396.6724038130992
21.84298722216721,9.0,5.0,349.4042058095483
25.26263184107658,10.0,6.0,407.464249150126
21.2202464665404,11.0,7.0,368.77338021602776
26.802208381463863,12.0,1.0,427.23969387249537
23.917384012319133,13.0,2.0,438.3520285051139
20.303792296589965,14.0,3.0,361.9415156470904
31.66275733832564,15.0,4.0,476.8562209153082
29.644660067661075,16.0,5.0,410.0978824818307
21.975466180359128,17.0,6.0,377.807402820367
27.48894154708889,18.0,7.0,460.9297161690588
27.687060014101903,19.0,1.0,500.1498268782132
28.21150617505588,20.0,2.0,459.5103690772131
16.528720520024613,21.0,3.0,370.5322517861071
30.03303270516314,22.0,4.0,519.2679076980971
22.15150518537134,23.0,5.0,421.7392149176314
23.210860332793665,24.0,6.0,388.44299417739205
38.189408761301,1.0,7.0,470.839887604495
26.50936690360506,2.0,1.0,387.3222815172685
23.06838762276412,3.0,2.0,320.73541832727204
13.97352813622047,4.0,3.0,245.65219074471693
31.948820669731777,5.0,4.0,409.3782858547425
18.273951645956988,6.0,5.0,246.3365654879628
19.98280548250248,7.0,6.0,337.3681430607779
23.343238504560755,8.0,7.0,352.35741436957056
32.08205895850146,9.0,1.0,494.7740895191144
28.8661999333288,10.0,2.0,449.8084431714115
24.2108124507987,11.0,3.0,381.023929274678
26.541460318194105,12.0,4.0,411.7509899798529
21.99807153564447,13.0,5.0,381.30426317184816
25.69826844782676,14.0,6.0,428.3203528133824
25.366683723890684,15.0,7.0,414.1202498537471
29.843849478406767,16.0,1.0,497.5503576898573
29.835890612194746,17.0,2.0,471.42553138845807
27.469886911028222,18.0,3.0,435.75599817456856
23.18826221226949,19.0,4.0,413.5864370514723
28.70911147195063,20.0,5.0,476.19481253423
24.54015766898477,21.0,6.0,408.37086879506194
19.59042815643433,22.0,7.0,358.1698398814109
22.983561040445306,23.0,1.0,450.7833363339216
25.422634918921624,24.0,2.0,460.09921216180777
29.551078918323725,1.0,3.0,388.1939710699972
24.082359139214237,2.0,4.0,331.6297380781259
18.95400644380197,3.0,5.0,319.95208247328395
25.283708416484096,4.0,6.0,380.07230737274097
25.567280200282763,5.0,7.0,334.9257282020443
25.92918814451377,6.0,1.0,375.6360171835288
29.59935757977215,7.0,2.0,441.99366115711337
30.094616200449494,8.0,3.0,443.98488674655977
22.028945638091667,9.0,4.0,352.46029713432097
21.919282709755283,10.0,5.0,331.4408229982681
19.799006445222638,11.0,6.0,321.3392635291554
28.494078351402383,12.0,7.0,413.6054321630981
32.244100541688574,13.0,1.0,489.98089203926776
23.424590360455383,14.0,2.0,432.3204466984986
23.792847176375037,15.0,3.0,390.19086706798777
32.33391278449488,16.0,4.0,470.818422893844
27.52778926607504,17.0,5.0,443.10616312419154
27.18117852400528,18.0,6.0,464.4465648503339
19.045417470131365,19.0,7.0,335.5165153660996
28.393640346397092,20.0,1.0,510.0090864814699
20.354318297451208,21.0,2.0,399.1025557321987
19.32989907032521,22.0,3.0,379.6125906569847
23.26614211616644,23.0,4.0,403.6576354264212
22.07103638275655,24.0,5.0,439.84077929597805
23.892001528074804,1.0,6.0,322.4965913759173
17.79509182737541,2.0,7.0,270.36502792884426
29.79408153233836,3.0,1.0,391.92458050315633
30.638431472582145,4.0,2.0,414.002394040801
15.26328762929593,5.0,3.0,258.90125136586454
29.89228902833275,6.0,4.0,414.91102817576336
20.947356850891868,7.0,5.0,316.08252198140246
29.28487768491393,8.0,6.0,384.1651576353949
24.65776753666792,9.0,7.0,425.1476702726113
25.14387782040499,10.0,1.0,371.17069325729966
24.074511752893905,11.0,2.0,393.3742976677898
31.06064602116743,12.0,3.0,426.1659036431935
18.802059937374857,13.0,4.0,301.07965064138904
28.039201693675043,14.0,5.0,437.3485467737958
30.506650824447757,15.0,6.0,465.5538599998436
28.58170040270205,16.0,7.0,470.0469838430682
36.62349457161709,17.0,1.0,556.225882536485
22.355266186376504,18.0,2.0,404.5564474888492
29.78652411296765,19.0,3.0,464.8732362483764
24.469546823292895,20.0,4.0,462.6757095976
31.167030381763347,21.0,5.0,520.247328738638
24.961555021393156,22.0,6.0,416.6889606589631
23.06062109068765,23.0,7.0,425.3654854710893
31.530361019358143,24.0,1.0,535.1846548241114
22.54219030490535,1.0,2.0,317.50882991694016
17.936371205497217,2.0,3.0,295.80072177110804
22.415765584130856,3.0,4.0,343.79231860827207
28.095164732942663,4.0,5.0,382.1419333733245
31.960193757935457,5.0,6.0,420.9845526634014
25.55564687648256,6.0,7.0,394.5356380181762
31.590985336170128,7.0,1.0,466.566631208946
18.20912539261203,8.0,2.0,317.538461724288
22.783682675910484,9.0,3.0,331.2526459775038
23.55712441422949,10.0,4.0,380.45124626839566
24.4272028626374,11.0,5.0,398.2336979247273
25.420471941250984,12.0,6.0,341.11428684454233
28.45455478696096,13.0,7.0,433.5829368359701
22.77596580914755,14.0,1.0,386.4258183555608
25.69514343476563,15.0,2.0,421.5343487450653
24.77438554837974,16.0,3.0,400.596236428531
20.37055048054425,17.0,4.0,373.7417189973697
24.431666554592823,18.0,5.0,447.15649706955486
24.281702350514408,19.0,6.0,410.8890535288338
24.17459717498477,20.0,7.0,440.05744292571137
25.15879728290725,21.0,1.0,437.4613484514804
25.37836770306693,22.0,2.0,472.9588008837901
22.83852410446335,23.0,3.0,434.4183581570725
31.36357366985632,24.0,4.0,528.6762332743489
19.15259685398492,1.0,5.0,281.6690336617989
21.39514945765052,2.0,6.0,318.7839992253293
38.899818121117775,3.0,7.0,431.6464788525026
19.81004322505385,4.0,1.0,286.70392598138704
18.231226626451207,5.0,2.0,309.6538762246849
28.67238372500609,6.0,3.0,366.8530701721362
14.61440073113063,7.0,4.0,258.5324001983621
23.82363045013781,8.0,5.0,362.14948768064505
35.72912462538244,9.0,6.0,467.72844350156646
17.275320389233,10.0,7.0,287.92197583845456
15.090177571306434,11.0,1.0,308.3334197161362
17.50409399021151,12.0,2.0,349.2268390177113
29.49179784173493,13.0,3.0,431.7489907922531
30.623883599929066,14.0,4.0,452.7376720755432
22.43705601510745,15.0,5.0,369.7453406845336
28.416062020005345,16.0,6.0,397.7330251625079
31.95127663755995,17.0,7.0,486.3470021819497
33.93673207214913,18.0,1.0,545.0616756380612
23.76832359410076,19.0,2.0,447.0161000873253
13.492641411650066,20.0,3.0,308.5110865876859
20.89560538795157,21.0,4.0,376.9220929091128
22.86597902532371,22.0,5.0,424.0919012050708
23.705306017108047,23.0,6.0,450.6385339024098
24.0607029949564,24.0,7.0,442.70403891577166
30.594472989653347,1.0,1.0,413.73082261400873
31.372142133437908,2.0,2.0,440.5580398891038
24.141631730376083,3.0,3.0,332.63358611914674
30.49242438025909,4.0,4.0,408.52484206913033
26.788306833155445,5.0,5.0,410.5751785667785
25.32252986431286,6.0,6.0,361.289076181176
29.53272078554982,7.0,7.0,383.9804685361668
25.36126024118958,8.0,1.0,377.2254804868899
35.28905588548881,9.0,2.0,473.1269618304632
17.807944166027205,10.0,3.0,326.2226933742975
22.42414550453991,11.0,4.0,349.3225149736235
24.36740551523025,12.0,5.0,394.09474020952734
27.197263452289956,13.0,6.0,404.2513301520865
31.339802435515445,14.0,7.0,419.9304535871899
24.878007163819216,15.0,1.0,426.9124673778306
17.888851752468966,16.0,2.0,355.8577911556274
29.212569482275025,17.0,3.0,478.4808511369271
28.77479383070982,18.0,4.0,452.2881939237931
15.29070670310297,19.0,5.0,317.31617752384216
24.980979331646004,20.0,6.0,439.839130486091
17.04929084659851,21.0,7.0,384.8732999166048
21.676744512489687,22.0,1.0,423.9908053150234
20.485955365186,23.0,2.0,422.35125557280287
29.04632349120993,24.0,3.0,495.0314812235851
25.58415087086092,1.0,4.0,317.9688982711356
18.572044996219866,2.0,5.0,300.0690383452797
29.400329814786712,3.0,6.0,409.17158292959033
17.830970880357928,4.0,7.0,291.5251893070832
26.65056895235472,5.0,1.0,384.8667807566988
20.92994665354222,6.0,2.0,345.240588530193
23.1716145873474,7.0,3.0,375.5913818212306
27.52135374019192,8.0,4.0,435.6167111010533
27.607246995297643,9.0,5.0,425.8429920459253
31.6848453677798,10.0,6.0,450.1248781784708
24.588731501642734,11.0,7.0,353.7222499079399
26.532254314816704,12.0,1.0,425.4357091016018
22.811313387978377,13.0,2.0,392.2446817967699
25.90994941311399,14.0,3.0,434.280089637506
27.19743024004256,15.0,4.0,462.0521395868941
24.50845076272812,16.0,5.0,408.1814973861456
15.981247579537518,17.0,6.0,368.8322195916374
26.65735448165448,18.0,7.0,400.3878044157332
26.822807386777285,19.0,1.0,468.6149113170054
21.59913261826025,20.0,2.0,394.0209183389219
18.57806481963743,21.0,3.0,343.6362082025982
32.37939575251983,22.0,4.0,517.7584699992151
27.45722755447201,23.0,5.0,445.42882157630095
23.854594845391453,24.0,6.0,437.3173904932582
19.314835584262564,1.0,7.0,277.8437408045148
20.890925857893272,2.0,1.0,338.28008676565173
31.51295198393116,3.0,2.0,393.9778171440328
25.68830970434023,4.0,3.0,386.05200035631776
22.24706466499647,5.0,4.0,337.4322556555606
27.54844615612328,6.0,5.0,411.0614446334247
20.928009062768385,7.0,6.0,317.6450671270613
32.504215151401894,8.0,7.0,417.39725977875
31.764002674483628,9.0,1.0,435.29004022051896
22.667129643986115,10.0,2.0,344.83514736651887
21.856648764845698,11.0,3.0,374.1227707068701
11.9093340065386,12.0,4.0,296.63178050968
17.59209614224316,13.0,5.0,314.6219308893272
18.30265112521122,14.0,6.0,347.6092172172679
25.675951704936928,15.0,7.0,380.29067588665686
23.3688314777932,16.0,1.0,414.294739761478
18.273322562923795,17.0,2.0,375.1044779559805
23.594179787677213,18.0,3.0,387.9793023712347
27.526685738236743,19.0,4.0,454.1891880027704
27.63919674957793,20.0,5.0,475.7103103054906
15.501648595705596,21.0,6.0,283.3410730124664
24.358682597580845,22.0,7.0,459.2958872098433
18.08329611514195,23.0,1.0,399.9065486692404
29.50864348570137,24.0,2.0,523.4209878113605
28.920732081767493,1.0,3.0,376.95293523377967
20.509863868377707,2.0,4.0,268.6441890524699
21.169773987998,3.0,5.0,322.378999006319
22.693664747508464,4.0,6.0,327.2848409667544
13.736033026343303,5.0,7.0,242.00263937207947
26.679840867202884,6.0,1.0,415.5505483760079
23.635777268299343,7.0,2.0,380.59905016024544
29.850875412839294,8.0,3.0,467.9335024701852
19.50795391018724,9.0,4.0,331.1566236793423
21.90438525875034,10.0,5.0,340.21960383168107
17.467373709804423,11.0,6.0,307.9054001598697
19.978547182528736,12.0,7.0,347.09873927605946
19.090090019658906,13.0,1.0,373.2180305764487
29.979868394232227,14.0,2.0,434.4580049135479
21.50869075624304,15.0,3.0,381.25765986601374
25.620878423723067,16.0,4.0,456.399617377998
23.096182980690976,17.0,5.0,396.15765238685935
18.652673669935936,18.0,6.0,377.1469737967415
24.158497884141788,19.0,7.0,425.447329385738
27.99551665931797,20.0,1.0,496.0723787236793
18.96120303728324,21.0,2.0,372.4168195408338
29.04556395365689,22.0,3.0,475.3476061352573
20.75139539261152,23.0,4.0,410.91939176856096
22.5850803696358,24.0,5.0,400.2063679515517
27.65341561505024,1.0,6.0,358.13934401826924
21.68281921390256,2.0,7.0,310.885725289339
25.18787429667933,3.0,1.0,399.5714551057888
23.426545856059537,4.0,2.0,356.3198223459918
25.64684003351909,5.0,3.0,384.972969752653
13.096304472382512,6.0,4.0,272.25256166482524
15.851590923959586,7.0,5.0,259.22275746169475
28.07983503023419,8.0,6.0,399.49669705492215
30.185907028245254,9.0,7.0,474.3673221185304
20.447566482342395,10.0,1.0,349.89322037573373
23.77985823914433,11.0,2.0,409.1271973670874
26.473596264511507,12.0,3.0,435.0107201885773
28.46608800829352,13.0,4.0,408.0986057951814
14.861613641645755,14.0,5.0,309.8257219565763
20.569798765108114,15.0,6.0,365.6329370951856
23.337103100750625,16.0,7.0,398.9702067643149
28.51570098618025,17.0,1.0,452.0747602659813
37.49215241860748,18.0,2.0,536.5831339478316
23.85997136595141,19.0,3.0,415.0795136590971
17.96511268948006,20.0,4.0,365.69522695311656
27.01134038600649,21.0,5.0,483.81309281207126
31.60497894770355,22.0,6.0,544.3960058715477
25.540070604897505,23.0,7.0,477.3326629734386
20.46675727422853,24.0,1.0,438.8712769579223
29.789969707400097,1.0,2.0,376.8128918280092
28.31772809249217,2.0,3.0,375.9993574251319
19.86959577902188,3.0,4.0,305.8944788384788
26.90712808767171,4.0,5.0,361.4225001151936
29.986327838294365,5.0,6.0,418.40739143350265
30.909450212794468,6.0,7.0,432.50422429303046
24.66775512345272,7.0,1.0,389.4033524858365
23.209602769103405,8.0,2.0,386.5987197821857
31.136369110406317,9.0,3.0,429.2718668298017
18.94919748509557,10.0,4.0,346.1485489327997
27.192896454605027,11.0,5.0,398.0160555436464
18.149866863177856,12.0,6.0,304.67994957892085
30.32688136129801,13.0,7.0,457.91113629670775
23.709772421944194,14.0,1.0,428.4151954634216
31.342916178237346,15.0,2.0,492.18943150989367
27.457063781777634,16.0,3.0,445.9867182932272
18.88389884969035,17.0,4.0,368.04206501893367
32.12313866038622,18.0,5.0,498.9599249652078
32.756226332138645,19.0,6.0,482.0432453986786
29.41143246299608,20.0,7.0,448.2619217310624
21.1920606748189,21.0,1.0,412.3440891587199
23.46993022821296,22.0,2.0,440.2964389975156
25.7271360870288,23.0,3.0,463.4980084376426
21.481448003342837,24.0,4.0,436.3365123064266
33.461732862316026,1.0,5.0,420.3077942998734
25.721632358630185,2.0,6.0,360.47590722439895
11.483259764463211,3.0,7.0,205.9408622981032
26.6967790637811,4.0,1.0,420.4349698785403
23.259213015913435,5.0,2.0,353.2064046936633
24.62536721940776,6.0,3.0,414.06812442459113
23.1569031710715,7.0,4.0,361.6092635325323
29.035232083033435,8.0,5.0,411.0787774185701
30.598438892766907,9.0,6.0,414.9954294024756
26.415265811293267,10.0,7.0,364.2948866317788
23.303444064309204,11.0,1.0,365.20559495516886
24.79331397595415,12.0,2.0,384.3410135762617
25.097998082888143,13.0,3.0,414.876381237125
20.987849800675814,14.0,4.0,357.3551905855544
27.894643242856173,15.0,5.0,442.68497347965166
27.30021161930233,16.0,6.0,460.641683440557
32.70220619888337,17.0,7.0,489.2658949561366
31.27674890144237,18.0,1.0,541.3506229837599
21.57162541204935,19.0,2.0,381.2000345137095
29.101491872544823,20.0,3.0,479.0032477579497
20.24523308452764,21.0,4.0,384.6660723730568
28.47966050470425,22.0,5.0,498.52673716818265
22.41692900619946,23.0,6.0,376.3734574546722
19.88373388312208,24.0,7.0,368.97503304766457
26.400226713487022,1.0,1.0,363.85533068585096
11.627164359229296,2.0,2.0,251.2991980124828
16.245122127973858,3.0,3.0,272.9680579604847
24.112540581128584,4.0,4.0,322.0944567260012
25.41220883317421,5.0,5.0,340.17875647793755
23.15340614920905,6.0,6.0,376.9938555489896
17.102818506412007,7.0,7.0,272.60548908819527
20.910540789307472,8.0,1.0,327.2461404440794
26.95604663618697,9.0,2.0,438.10791757448686
27.908908853141813,10.0,3.0,440.311028643158
24.918884412020294,11.0,4.0,417.6700369855389
30.784168905184945,12.0,5.0,433.8408514465331
26.98698511729617,13.0,6.0,386.3677383526745
21.262721730208938,14.0,7.0,364.2905470893435
23.597489732941916,15.0,1.0,414.6774199908924
17.985669213960726,16.0,2.0,361.1487282137039
24.45930504804292,17.0,3.0,450.1567291932092
30.560503096106693,18.0,4.0,448.92968916090194
28.42645042355484,19.0,5.0,481.4584052615037
32.01004662959561,20.0,6.0,480.1679654130097
23.485573781005037,21.0,7.0,435.9704442272672
31.73049897257129,22.0,1.0,514.8058556352853
24.033478867760152,23.0,2.0,433.0553527597913
32.35792541284947,24.0,3.0,522.3811999895106
24.890716262789383,1.0,4.0,312.9949586123626
28.536156869021383,2.0,5.0,381.1701474868832
32.37556182154928,3.0,6.0,405.3021504022836
24.032861857093973,4.0,7.0,355.0545831889453
26.09194493772087,5.0,1.0,395.7205709978671
31.44431712603151,6.0,2.0,472.2063123183709
24.33498418034968,7.0,3.0,376.6763914743184
18.395538587469197,8.0,4.0,322.3689412162934
35.71503527292455,9.0,5.0,515.1523489658018
22.65117767831432,10.0,6.0,345.95852286260924
25.793780254687714,11.0,7.0,362.1726382904165
30.780033347255635,12.0,1.0,468.80221465512426
21.95753048134399,13.0,2.0,350.12263542915184
19.96066043388935,14.0,3.0,409.68537779740126
26.268686483874166,15.0,4.0,454.7968306803205
16.034618010438052,16.0,5.0,368.62570677041214
23.5604696156604,17.0,6.0,403.8536356898665
26.22519332157703,18.0,7.0,442.26340508980223
23.65024051587418,19.0,1.0,419.3128965196889
17.282745284071265,20.0,2.0,384.4859489524477
32.97088978102006,21.0,3.0,501.39803356917946
25.51769076974588,22.0,4.0,402.3150439079632
32.155760588808704,23.0,5.0,505.7433934983157
23.699818749097776,24.0,6.0,409.88871797863146
20.59994009154618,1.0,7.0,319.5579356386525
26.3459046012758,2.0,1.0,406.7725951143643
23.921064368358905,3.0,2.0,320.1520622353268
19.11119271004321,4.0,3.0,327.94623925085693
32.34892129393748,5.0,4.0,455.5169126093902
21.88864888553002,6.0,5.0,302.4909551609226
15.798668076022157,7.0,6.0,267.1813301415892
31.64083026978666,8.0,7.0,423.8050282553762
22.478509920936883,9.0,1.0,381.7450071819128
21.96088053692188,10.0,2.0,339.0332183511185
16.17306206485013,11.0,3.0,305.7531681353116
33.704707432984954,12.0,4.0,471.32838425085714
18.552597063951563,13.0,5.0,344.9927943072185
25.29224740352825,14.0,6.0,400.5866334015239
29.5631016127022,15.0,7.0,438.9261020482141
27.108584665015485,16.0,1.0,443.8199151375133
24.70172844003904,17.0,2.0,466.7381410571927
16.49167070856292,18.0,3.0,337.57871436324143
20.95137582116358,19.0,4.0,371.6936538459601
25.93900169021261,20.0,5.0,456.0586882852454
21.06412965006502,21.0,6.0,394.7708031121911
26.01679729999384,22.0,7.0,420.86329438260896
28.408717044075708,23.0,1.0,540.7170971448064
29.812514429000508,24.0,2.0,505.0755653782721
18.869103210936583,1.0,3.0,277.1336430301388
35.98323027489477,2.0,4.0,461.02900978710966
28.83739672277065,3.0,5.0,422.97630261188334
24.99142923165468,4.0,6.0,318.3193857861669
30.447682915383204,5.0,7.0,413.9965461422428
36.82703885999987,6.0,1.0,537.0158318358713
17.806399494715652,7.0,2.0,309.63856856194946
23.87368678754323,8.0,3.0,345.03018828936274
13.107841700633358,9.0,4.0,251.7104799471205
25.963257663240125,10.0,5.0,398.7702272275371
26.826971209625704,11.0,6.0,431.8857904090543
24.8041894227862,12.0,7.0,380.2551773395408
21.72733214500845,13.0,1.0,395.8063573987331
14.752427419058376,14.0,2.0,282.816897649646
26.867668417058844,15.0,3.0,405.8023167786873
32.27717241957662,16.0,4.0,481.11571042206725
22.04490772133284,17.0,5.0,419.20965165079366
27.200299645115724,18.0,6.0,445.3804892414326
17.159278432899747,19.0,7.0,351.3890082403299
27.28606531846257,20.0,1.0,475.4222450960962
23.03308851127672,21.0,2.0,451.5150447645018
21.187910246985428,22.0,3.0,400.6746886190972
21.198181793919343,23.0,4.0,428.7475201089581
23.03194208983495,24.0,5.0,418.7017676212469
26.91216657846268,1.0,6.0,395.787118903042
18.43918399402241,2.0,7.0,257.38401785429033
23.014423342160736,3.0,1.0,324.4964473600349
24.79264111000426,4.0,2.0,372.9198073698036
19.504803877340706,5.0,3.0,312.6438074020535
33.98332600837509,6.0,4.0,464.3703082089696
20.73252259969329,7.0,5.0,331.87150190677926
21.652815431832547,8.0,6.0,316.7203103421768
20.10846025088751,9.0,7.0,357.3517810904648
33.992400435690584,10.0,1.0,504.794848474688
27.764526142997408,11.0,2.0,453.8242604553164
20.31703996878179,12.0,3.0,343.60378190560937
30.531157794299844,13.0,4.0,466.6420488373018
26.00349347144439,14.0,5.0,418.98230395913777
26.28626710555751,15.0,6.0,442.4227235796053
23.277613956237737,16.0,7.0,414.9811021989697
21.25292006521513,17.0,1.0,398.3902167113136
26.68883049527301,18.0,2.0,420.529282315865
22.274563850022048,19.0,3.0,444.3388762419743
34.08377814787552,20.0,4.0,539.957530152558
18.65354447378448,21.0,5.0,364.366703910022
32.68078386427473,22.0,6.0,526.9386814080813
24.443405756011,23.0,7.0,408.2121865910595
26.49542867010553,24.0,1.0,503.06134805047617
29.16578883314717,1.0,2.0,361.2336534458887
21.84875352497782,2.0,3.0,315.07084540903656
29.321241923493183,3.0,4.0,401.1015082270428
11.462280723094114,4.0,5.0,240.399601470583
21.400052333890304,5.0,6.0,323.1314168675905
20.379685963294676,6.0,7.0,325.4961171051977
18.732469938141197,7.0,1.0,318.7613612124209
23.925225809605244,8.0,2.0,372.6085390771668
26.928749840908477,9.0,3.0,406.9970434160506
28.513299992496528,10.0,4.0,419.35184150791775
26.20438378600204,11.0,5.0,368.3124329983916
21.671532675532266,12.0,6.0,343.3488568813901
26.84508218912584,13.0,7.0,417.34631871349234
25.62142847425425,14.0,1.0,418.23186467276815
29.68028083968008,15.0,2.0,462.6866267531626
28.88468351465758,16.0,3.0,453.37976175780153
25.152382069603146,17.0,4.0,407.25185284139513
20.51373496919372,18.0,5.0,370.2753604724113
21.735249220839595,19.0,6.0,388.215857320624
22.25105320180983,20.0,7.0,401.6133948289353
23.42366833041872,21.0,1.0,444.10425019358144
26.340252137948767,22.0,2.0,463.7915155617729
28.57587195064029,23.0,3.0,471.1656143925546
24.74440653492311,24.0,4.0,427.48242455085546
25.080623939502363,1.0,5.0,392.7549835425281
25.71653152500002,2.0,6.0,326.5690146447089
22.420473434338295,3.0,7.0,307.83223431809535
20.37303871178522,4.0,1.0,331.0703931681309
16.22281051344645,5.0,2.0,288.4453173257781
21.52425320961564,6.0,3.0,346.6598459473878
27.365727266338936,7.0,4.0,387.8029312727458
21.48544280980216,8.0,5.0,344.6255895108126
23.810964812870303,9.0,6.0,366.3365214135203
27.332156437061585,10.0,7.0,396.07893701979015
27.603447482113346,11.0,1.0,432.9426696565602
19.602335739169803,12.0,2.0,371.13066832671217
29.985296782268207,13.0,3.0,455.4089633539756
30.636750446777427,14.0,4.0,464.0565613949028
19.350750713907203,15.0,5.0,374.8707278365917
20.88081565179423,16.0,6.0,390.0353637143185
30.95545341573096,17.0,7.0,505.2332629765793
24.265732393723496,18.0,1.0,394.53271924764346
13.901110262740746,19.0,2.0,346.11348629079527
18.00159247633657,20.0,3.0,383.0475256714092
23.753151874137597,21.0,4.0,412.8184707863106
19.18478674857699,22.0,5.0,391.8796258457468
22.93288114681779,23.0,6.0,447.3512464233379
25.16198106841789,24.0,7.0,434.03663223447097
32.311273020173644,1.0,1.0,433.96397878219256
23.54773041886105,2.0,2.0,356.9043777032309
30.362708997863795,3.0,3.0,388.2066987280082
32.143800810183855,4.0,4.0,426.5922942529356
32.17154834676038,5.0,5.0,437.734851000452
26.42377296692784,6.0,6.0,360.3150995584194
15.18355426080513,7.0,7.0,248.2524786261804
27.304124327019327,8.0,1.0,407.3403512329378
30.241999439067705,9.0,2.0,457.4527887287509
24.594664472822917,10.0,3.0,399.8213247520713
33.722919350376245,11.0,4.0,463.0009389200356
29.299167807337287,12.0,5.0,451.0350357756866
27.84136688576392,13.0,6.0,408.694873334309
30.43190355602919,14.0,7.0,421.11563960042326
26.666849256304392,15.0,1.0,431.3256211420993
12.535947503023232,16.0,2.0,321.81886246194705
22.50430524264817,17.0,3.0,414.1622634693092
30.98584013623927,18.0,4.0,487.8269652149288
20.96204329950852,19.0,5.0,381.28632332326407
23.882637473815304,20.0,6.0,413.0311320158244
19.775818430484644,21.0,7.0,383.9338824220624
33.91961297600884,22.0,1.0,524.8273800431718
33.40746228709008,23.0,2.0,536.1124759668749
20.580655524296358,24.0,3.0,412.4951660157682
25.73649000194542,1.0,4.0,323.3434108504242
21.59752976117976,2.0,5.0,294.2063325938461
28.07472319515689,3.0,6.0,385.9573677812965
27.548415386211644,4.0,7.0,374.6743906609364
29.058527858066327,5.0,1.0,406.4100427567956
26.659592238539435,6.0,2.0,372.3673736346351
39.67703103194234,7.0,3.0,554.3073068312077
19.860381174946305,8.0,4.0,309.84422745587665
16.446983227817427,9.0,5.0,299.50168842340906
23.03454899649269,10.0,6.0,352.588108203451
17.160058672198662,11.0,7.0,306.3261725747533
17.537688649970036,12.0,1.0,341.5290813385078
19.993426729010167,13.0,2.0,331.52913550594394
20.38905547284186,14.0,3.0,364.7582298453488
20.2269094902497,15.0,4.0,389.0836678820939
27.591094752227058,16.0,5.0,476.1409853921107
22.46905469457332,17.0,6.0,389.0902674806306
24.1024271256376,18.0,7.0,410.8578954007141
29.471163872504675,19.0,1.0,530.9382992970775
21.16838737609287,20.0,2.0,428.38235939291263
23.67727050647639,21.0,3.0,420.4270136796595
26.828799930464577,22.0,4.0,453.9083302869233
15.292160996898891,23.0,5.0,372.0525992047343
13.075472455247088,24.0,6.0,312.53398195155626
26.73058664398861,1.0,7.0,373.0604014666632
27.46007140283449,2.0,1.0,388.2867133033651
35.321100674262055,3.0,2.0,472.565422023162
25.79047437933405,4.0,3.0,363.7700677237394
29.098698586290475,5.0,4.0,391.3904897779765
24.02263678207013,6.0,5.0,384.4662244380677
26.486136107925432,7.0,6.0,376.9266154681848
33.33628420874767,8.0,7.0,444.14414055599946
14.380035909371822,9.0,1.0,284.197617736122
27.0680812878584,10.0,2.0,418.5412555329429
35.677933650386834,11.0,3.0,482.1628339694793
26.410171096046717,12.0,4.0,400.8042810763289
33.25286481616424,13.0,5.0,470.1680066835213
21.853939252352788,14.0,6.0,387.4449986156649
24.83976252918143,15.0,7.0,384.6783739318165
25.16762351194294,16.0,1.0,393.56087796426834
13.912044603206146,17.0,2.0,278.7785547739384
19.159110860749,18.0,3.0,343.1835059139757
19.51562460308007,19.0,4.0,405.387010087763
29.11033039016264,20.0,5.0,476.42743589130737
29.360765528420277,21.0,6.0,490.6326370203468
26.620182213532665,22.0,7.0,465.9315766777533
29.12051448427853,23.0,1.0,504.32882321063175
24.17925293639113,24.0,2.0,454.2969034308851
31.00965834769772,1.0,3.0,426.98711207334
25.04394221316036,2.0,4.0,351.3593404178564
25.289320237133783,3.0,5.0,380.8751519566061
23.672036833687944,4.0,6.0,351.1369672426768
28.422252388182137,5.0,7.0,375.8665984122008
22.894005916935438,6.0,1.0,345.99737869195565
29.88215688599034,7.0,2.0,413.27227273081786
19.339254296419966,8.0,3.0,348.743503403214
19.505418726359032,9.0,4.0,319.9531682046793
28.43713377563252,10.0,5.0,403.40188182033256
24.557278927084937,11.0,6.0,388.9683500933858
22.73054291923436,12.0,7.0,364.3620870648935
29.450288662377297,13.0,1.0,462.39425687527626
21.96369292956958,14.0,2.0,421.4332073735727
23.99899372849815,15.0,3.0,424.25135340355865
31.996139750355795,16.0,4.0,488.50160858959606
32.69571172905325,17.0,5.0,468.7886496064123
32.86199105135164,18.0,6.0,490.62066056934367
23.589371115330444,19.0,7.0,424.11463320421046
31.15351452492235,20.0,1.0,485.1143244559872
20.25523586115661,21.0,2.0,444.3717645381732
20.465485626389693,22.0,3.0,405.9431875166079
13.247720736878197,23.0,4.0,336.45417523297164
33.36434100949265,24.0,5.0,525.310506235767
20.68010075461961,1.0,6.0,303.73576268171047
24.3673371012647,2.0,7.0,309.51333488220234
20.44837829035858,3.0,1.0,359.78163468561496
28.4758262416507,4.0,2.0,425.1052885095472
23.1218316964133,5.0,3.0,366.90424586807393
18.475915547835253,6.0,4.0,274.9505753625564
27.208312820930303,7.0,5.0,396.1913936184581
17.83134987594886,8.0,6.0,324.4952267197687
20.812971373422545,9.0,7.0,343.99182172138023
14.465554426869597,10.0,1.0,271.6133621760205
17.880209439011967,11.0,2.0,314.8002192839466
25.89264584860239,12.0,3.0,400.88773572590407
15.177319809485375,13.0,4.0,292.70444140508164
17.59427137689142,14.0,5.0,361.5182904831203
24.98815541933596,15.0,6.0,368.4612914168945
22.281965519534737,16.0,7.0,394.9380379885241
34.960183179796545,17.0,1.0,505.7557642993965
34.16948273012188,18.0,2.0,506.4697975521974
20.66038768624423,19.0,3.0,352.409209525068
27.78568809201741,20.0,4.0,454.8757922969968
28.746412784397258,21.0,5.0,507.6787608747569
22.012605709877985,22.0,6.0,417.4225419480754
17.52229231750898,23.0,7.0,345.25569223510786
24.938507753459717,24.0,1.0,486.7280310221834
24.135771625929447,1.0,2.0,364.9838015306682
22.821177515146903,2.0,3.0,331.2927047722508
27.211584340822423,3.0,4.0,415.810826571276
21.246351964972007,4.0,5.0,333.8948021422124
19.240012262104287,5.0,6.0,313.05317276689465
25.54541485174916,6.0,7.0,348.3865743741658
26.929850462844374,7.0,1.0,413.8464743408706
19.11677528049973,8.0,2.0,329.50357835708724
29.640453054955405,9.0,3.0,442.8011106029746
16.14759431111961,10.0,4.0,285.7842307283695
22.109432706421785,11.0,5.0,363.6563047513976
23.70995731901196,12.0,6.0,362.7623431858204
21.81888143674035,13.0,7.0,319.2461723680829
22.17469763224404,14.0,1.0,408.713067694008
34.35537241154057,15.0,2.0,482.5059444816153
20.745579554805506,16.0,3.0,380.59952484370336
37.20610861235957,17.0,4.0,551.7211287125765
27.185633898655254,18.0,5.0,453.3875993038137
25.46027568655996,19.0,6.0,425.9411753936346
27.38120176693833,20.0,7.0,458.23624717498274
37.64963874625976,21.0,1.0,587.9157288583008
20.03203498034276,22.0,2.0,419.0196461184673
19.39791040531805,23.0,3.0,434.6479308408658
21.225669017140397,24.0,4.0,424.940573201368
25.160715734822805,1.0,5.0,342.8881342485821
16.371144375937135,2.0,6.0,237.5768644523695
25.11169619659304,3.0,7.0,353.8358884439171
33.46773566706836,4.0,1.0,465.02501873349496
25.757036953123887,5.0,2.0,372.7243058456063
23.53657270512361,6.0,3.0,367.25797713491687
21.90919775658186,7.0,4.0,336.2416536948318
29.49255852275782,8.0,5.0,433.3454382693567
20.87083613380976,9.0,6.0,353.96040761869244
34.23197960299624,10.0,7.0,489.2923533645721
34.666798738571785,11.0,1.0,501.0248739085439
26.283753993308935,12.0,2.0,396.03817690074834
24.94242455961677,13.0,3.0,393.1859845433313
30.153299041207795,14.0,4.0,471.4361368897725
30.473992511136625,15.0,5.0,513.7161712261708
20.97004134470292,16.0,6.0,364.88599801638753
22.36722433431649,17.0,7.0,396.7889969109277
18.38826282658352,18.0,1.0,359.7615771162471
27.045324691670285,19.0,2.0,439.9739060317208
28.333139417284453,20.0,3.0,460.8050769012973
18.25037181069364,21.0,4.0,333.85427857288295
22.724005475919206,22.0,5.0,449.30875601734704
18.263730412093253,23.0,6.0,335.03469906264024
20.50600094878081,24.0,7.0,398.7834448797954
27.755085301131498,1.0,1.0,355.9882951043139
21.3325896666086,2.0,2.0,299.6382923588419
23.49587021983851,3.0,3.0,368.48915539315846
16.863441360263423,4.0,4.0,280.6557534032621
25.93495104862332,5.0,5.0,350.0415873025992
24.778633400776755,6.0,6.0,347.99599135783734
21.35520374983419,7.0,7.0,312.24241308950013
24.05492851158763,8.0,1.0,376.67837167429866
25.901474402517223,9.0,2.0,401.4725777209261
20.92565925545328,10.0,3.0,388.168088019104
17.618687279991104,11.0,4.0,280.8608574799569
34.02787216343408,12.0,5.0,484.5824753391817
21.833636476448635,13.0,6.0,359.0250109137959
24.516199484065552,14.0,7.0,413.0929653949912
30.054198675101567,15.0,1.0,479.6383491145836
42.64527593785242,16.0,2.0,612.2600035408232
18.777567750555672,17.0,3.0,370.6774012258584
27.24913606863255,18.0,4.0,431.8515381806547
21.46223857352947,19.0,5.0,418.84769566515496
22.306048477116445,20.0,6.0,421.0305828634778
21.39893989496605,21.0,7.0,416.2999947841553
19.371725160997077,22.0,1.0,425.998255020114
24.793543191076694,23.0,2.0,465.28893392380616
17.627486564758822,24.0,3.0,416.8947137299381
29.734037832559352,1.0,4.0,397.8931697613264
25.275014680166876,2.0,5.0,343.3689750411765
27.1121748645072,3.0,6.0,367.9896704354047
22.669056940268884,4.0,7.0,325.2136940399665
23.163980328941257,5.0,1.0,343.25197684760167
26.43781952583664,6.0,2.0,421.0159722257709
19.179746837970875,7.0,3.0,323.7233756897821
23.21004782793332,8.0,4.0,361.9952477959913
20.70193243060773,9.0,5.0,344.784809404606
20.547155947044928,10.0,6.0,397.0686498051922
14.450808796871792,11.0,7.0,255.87360419672476
31.6966329474,12.0,1.0,457.0655592396744
21.567306234231157,13.0,2.0,347.0616419933716
30.816880275817752,14.0,3.0,464.5168179894678
30.34396160697146,15.0,4.0,471.3499849362618
18.570001467417534,16.0,5.0,341.3935643073538
19.55794382163577,17.0,6.0,351.78490225332234
37.80251479677842,18.0,7.0,549.8732453003469
33.754629709635715,19.0,1.0,519.5041405997632
24.84240743335948,20.0,2.0,448.6275908772516
26.286865532086747,21.0,3.0,481.1533422557195
21.845767985264057,22.0,4.0,429.9982892486567
27.1617635710017,23.0,5.0,489.237902653321
21.414090496387644,24.0,6.0,437.8592731940108
14.838231178508076,1.0,7.0,238.0388749874548
18.392221067444744,2.0,1.0,287.7493901535854
25.105463739252937,3.0,2.0,344.60957597486544
19.34466382248706,4.0,3.0,296.62307495215623
24.66361267543233,5.0,4.0,349.1624161007854
19.626694802835686,6.0,5.0,325.9003945607751
21.088230387490032,7.0,6.0,334.81795496678427
29.26582653206596,8.0,7.0,425.5934225749456
26.23740273820052,9.0,1.0,381.16729026000223
24.951677893433263,10.0,2.0,422.1517686191542
29.394819865353256,11.0,3.0,431.40859122339737
27.403042966736734,12.0,4.0,400.0300968258741
32.232816456256835,13.0,5.0,463.5438092661321
22.700703688424294,14.0,6.0,428.6823567359932
22.85182510736246,15.0,7.0,374.7639137437933
18.494453668043278,16.0,1.0,355.44260725101424
22.8550964131379,17.0,2.0,403.7088705187855
29.82384947151223,18.0,3.0,476.2660870464932
31.49993686131067,19.0,4.0,482.3698472970816
29.80152584043334,20.0,5.0,485.879520068456
16.02904066725282,21.0,6.0,368.8023048364949
30.415726063303676,22.0,7.0,499.4430469426108
15.807406883639649,23.0,1.0,347.8507628583968
29.490586620611737,24.0,2.0,502.0189481074432
23.161077367144724,1.0,3.0,316.58022566941463
28.51266656966928,2.0,4.0,384.1854550613888
18.33775826052717,3.0,5.0,309.98661603651806
30.85583816353073,4.0,6.0,407.5807257148897
17.675126269475555,5.0,7.0,278.9881653173477
21.657725445734112,6.0,1.0,379.1301508337298
20.009526861154825,7.0,2.0,346.61938844498144
16.228575735887503,8.0,3.0,304.7673830010057
25.47263783794234,9.0,4.0,426.8890106854589
34.03044558918481,10.0,5.0,485.1006809877284
38.33452611160004,11.0,6.0,480.61471827645
25.48577893543124,12.0,7.0,410.5111045119196
30.58340637533761,13.0,1.0,435.9938946110031
26.160473189642687,14.0,2.0,434.6448392680758
27.494415973841065,15.0,3.0,406.66928825582585
23.289256744363804,16.0,4.0,391.55545923563966
25.97538462711301,17.0,5.0,422.4781556789327
27.687393523032146,18.0,6.0,433.4715530856864
22.107701355618342,19.0,7.0,388.0999736123594
24.61252850053506,20.0,1.0,463.7765194125617
24.70784940501256,21.0,2.0,431.7994358069345
29.132016586652625,22.0,3.0,503.2229834567371
19.6698391418616,23.0,4.0,380.38539862647
24.742288956961744,24.0,5.0,448.63289804177487
34.560027345263485,1.0,6.0,439.0770587791839
30.820300762929687,2.0,7.0,377.27243929692565
31.745895244443524,3.0,1.0,403.22454378622143
25.12215920089017,4.0,2.0,375.0591550204794
26.604987818430114,5.0,3.0,404.5114861711139
30.011180833514626,6.0,4.0,416.5305079453988
32.80127764765466,7.0,5.0,438.8665183454125
15.241985435585567,8.0,6.0,277.53336210962345
18.42279346475077,9.0,7.0,309.3375330228153
31.54722050701324,10.0,1.0,467.3302558843574
23.61555322115598,11.0,2.0,334.59063020528555
21.641396053709613,12.0,3.0,346.0318747137769
18.72919506502198,13.0,4.0,323.3873485414827
22.22491649227945,14.0,5.0,380.2665174930258
17.988153582880877,15.0,6.0,340.59909350125406
35.45547136366238,16.0,7.0,526.2783234103044
24.88781974009713,17.0,1.0,436.02983238518
24.710247291186413,18.0,2.0,405.0877715041174
27.94038337583916,19.0,3.0,494.3439261100928
29.81172584633285,20.0,4.0,511.55562453177583
29.7294407827732,21.0,5.0,462.1304620271935
30.36810971953786,22.0,6.0,502.3352030828622
21.84577224604572,23.0,7.0,400.5492347555969
23.51066597521569,24.0,1.0,454.8839395361679
28.84515827721138,1.0,2.0,408.5177883649512
22.3630546918019,2.0,3.0,367.23263224443815
24.97446683986388,3.0,4.0,367.7702225014909
26.993818822124076,4.0,5.0,380.83688292344345
28.92592541155188,5.0,6.0,389.46283074935286
16.111595188148996,6.0,7.0,273.75864930171355
28.573728249444727,7.0,1.0,444.9327203610136
23.831379710741373,8.0,2.0,371.4196219722221
28.537288554321904,9.0,3.0,403.650632516266
28.884658461774144,10.0,4.0,394.4527873074089
33.03957530559579,11.0,5.0,480.6567104041629
31.767268238106016,12.0,6.0,464.6184448936149
31.73285831305148,13.0,7.0,448.4104196652689
32.218351595831194,14.0,1.0,509.7037984724579
26.45689492407973,15.0,2.0,425.1334119530447
25.1609254351842,16.0,3.0,419.9163725153461
29.364085415891672,17.0,4.0,466.3075714929579
28.66040475716511,18.0,5.0,454.58499272888935
23.4546688163087,19.0,6.0,416.2639894780784
27.02411704404134,20.0,7.0,472.2714733590734
24.82451766607703,21.0,1.0,427.3955386984019
20.73033545769972,22.0,2.0,421.0737573464774
31.45230370688175,23.0,3.0,523.9662104609464
25.275996212650448,24.0,4.0,463.8352387173986
35.24354128849426,1.0,5.0,459.8723042824244
16.872538649000838,2.0,6.0,261.71133499435155
22.216106135783168,3.0,7.0,325.7656465959457
25.16319418345436,4.0,1.0,382.9492344259665
30.68690548814457,5.0,2.0,415.7817508738336
26.997346863010925,6.0,3.0,396.9571378463853
26.55236377090376,7.0,4.0,383.50788556482496
19.363681037229263,8.0,5.0,315.9831747778948
19.215293013852644,9.0,6.0,312.7117022089598
26.612523301449524,10.0,7.0,404.54684109643296
18.17947003090821,11.0,1.0,335.4275944894472
22.34061124855336,12.0,2.0,385.2969931718671
27.50458664542929,13.0,3.0,430.6955191963779
20.08837863861612,14.0,4.0,326.8013661367547
33.026779811809035,15.0,5.0,490.89516644008455
31.11968172118945,16.0,6.0,474.4675763150309
17.142900008308498,17.0,7.0,340.28091882615416
20.338143784090065,18.0,1.0,378.5068539671858
13.57111377752525,19.0,2.0,300.8017434419423
21.087043187259333,20.0,3.0,414.36256477047885
28.831942382862,21.0,4.0,475.8472926979366
22.93052528862572,22.0,5.0,427.7301338399571
27.30398621807984,23.0,6.0,464.4106605830325
17.388328408591278,24.0,7.0,372.7620475704409
28.989876272909527,1.0,1.0,382.9130557703791
22.224453860358253,2.0,2.0,306.882866820506
25.06084841141453,3.0,3.0,366.0831173295184
24.53562749303473,4.0,4.0,341.29387316582495
18.64225739553858,5.0,5.0,299.701603573282
19.234578341301088,6.0,6.0,312.55498785105243
29.83897234501713,7.0,7.0,400.6534691381096
26.99496078750848,8.0,1.0,382.87189518762506
30.250245207767133,9.0,2.0,490.0241643547324
26.62329117751259,10.0,3.0,396.67747425621735
25.714953174046084,11.0,4.0,412.617874912484
16.369946906666165,12.0,5.0,347.48874005806414
23.648166516194152,13.0,6.0,399.2798200990194
24.86307839798128,14.0,7.0,391.62192780326177
34.76553599136287,15.0,1.0,518.3130321629264
28.434783160493385,16.0,2.0,441.6956872101569
32.680305908547645,17.0,3.0,520.4369876246312
27.98768852947364,18.0,4.0,469.2022994559101
21.443483865252603,19.0,5.0,384.1463222872912
25.585621080749256,20.0,6.0,417.0127146655237
26.181118231321165,21.0,7.0,419.3865075599378
20.30422215114659,22.0,1.0,429.77250158754987
23.078063117035395,23.0,2.0,442.1880937494652
23.97116503161414,24.0,3.0,455.01134104279646
33.02809916282559,1.0,4.0,406.82201911100873
14.596297373045108,2.0,5.0,211.69291166436292
31.02909210358021,3.0,6.0,426.5431925300349
20.31602382520309,4.0,7.0,303.00101899197546
18.13960406365193,5.0,1.0,321.54073383767167
30.89971065019232,6.0,2.0,425.2784439716119
28.659490346171907,7.0,3.0,407.8585466009819
31.27259351190595,8.0,4.0,454.9918986514721
29.00350973772788,9.0,5.0,434.6820589702893
35.29922500868701,10.0,6.0,500.9435625405892
27.793619184722427,11.0,7.0,406.0321667851704
24.217613119384207,12.0,1.0,411.4670759468594
26.714631886606718,13.0,2.0,448.32830817560153
31.217345641729818,14.0,3.0,471.0780161836674
21.10312337369941,15.0,4.0,363.7614664615131
21.740557087343092,16.0,5.0,409.2605229397663
23.45519992701046,17.0,6.0,388.46308459907846
14.47708600617334,18.0,7.0,326.3603900040229
25.690392042087733,19.0,1.0,447.7354742104801
15.569356480244869,20.0,2.0,312.86225247275746
25.265296564663096,21.0,3.0,471.2248469962025
29.326448780676248,22.0,4.0,436.1074152158152
22.615617696780824,23.0,5.0,386.4736156326561
33.38557935093436,24.0,6.0,546.4023950989571
17.69749550290756,1.0,7.0,271.5163790026379
30.95630340815916,2.0,1.0,403.81143692404095
28.375685282034603,3.0,2.0,395.7132946264109
16.419833758446554,4.0,3.0,224.56973666890545
38.55397149520266,5.0,4.0,512.6792242414385
24.68127357248017,6.0,5.0,366.8072454658736
20.61257988922184,7.0,6.0,322.21294182554254
17.964564026079916,8.0,7.0,299.0624699035546
23.89990986170163,9.0,1.0,390.86418214087695
24.3629656380502,10.0,2.0,387.0516259105448
25.51322764269832,11.0,3.0,363.6511663723588
23.5110192188802,12.0,4.0,427.03683687925246
28.166126550575463,13.0,5.0,455.6772818943237
23.061850836683767,14.0,6.0,356.9196151277411
15.325179413797644,15.0,7.0,300.34904952844465
24.253192521751792,16.0,1.0,414.8112414143971
13.162611733133607,17.0,2.0,332.2031086615154
26.76885315445695,18.0,3.0,405.5031528381742
20.103498848586824,19.0,4.0,374.0548231972724
25.816801774579,20.0,5.0,407.9552888790399
31.57037490762302,21.0,6.0,497.0018387596634
20.25625652366,22.0,7.0,382.1125473749019
30.30628129256059,23.0,1.0,516.6566942732601
22.833052166569235,24.0,2.0,430.2330336855087
33.76597401032792,1.0,3.0,418.6392722754687
23.17423693400893,2.0,4.0,342.1355031753523
20.797535072466545,3.0,5.0,317.06880554351704
28.436192251976443,4.0,6.0,397.3898893753293
22.82105135188182,5.0,7.0,328.6725117090013
20.79275242935496,6.0,1.0,323.4927526490458
22.610800746481043,7.0,2.0,352.73095782439503
24.776967339084997,8.0,3.0,388.7929147922189
31.71090065622427,9.0,4.0,406.5734125428057
15.329561272702117,10.0,5.0,296.1778513344383
25.115403294752102,11.0,6.0,394.336796694217
28.124517973270216,12.0,7.0,421.4881978544167
25.96724287495898,13.0,1.0,418.6861603121563
31.549325847167676,14.0,2.0,428.17087075302845
24.62827335120738,15.0,3.0,403.4856682500657
24.07724278907028,16.0,4.0,444.5612021122502
27.96164773506672,17.0,5.0,449.8745032620333
25.49656907475675,18.0,6.0,420.8198939740731
23.047956308597644,19.0,7.0,404.8176869977787
27.5807201979319,20.0,1.0,479.9026593518792
21.737358533916776,21.0,2.0,429.5499902329571
21.944114239903364,22.0,3.0,415.8635391358748
22.360029891171934,23.0,4.0,435.098690959593
31.76534580083204,24.0,5.0,556.1864740635476
8.894918220071432,1.0,6.0,196.07419818936864
26.97799417381471,2.0,7.0,405.5859460552867
25.17135907100111,3.0,1.0,350.5781835429768
16.595647703809398,4.0,2.0,313.4802671881343
26.548633895680013,5.0,3.0,365.67286615834826
27.37875995915766,6.0,4.0,398.8589225263858
27.948196156787,7.0,5.0,414.131492152632
11.740859684775256,8.0,6.0,229.19305300966312
31.831947059272192,9.0,7.0,444.07875614220745
21.3113164765758,10.0,1.0,378.3223868147948
28.43283873376588,11.0,2.0,419.1229693714207
28.70536890341143,12.0,3.0,471.4413582250672
20.616514571903537,13.0,4.0,331.4732132244884
28.30229976175775,14.0,5.0,476.8168264721452
23.072533795438208,15.0,6.0,407.75186065037394
14.643114103309214,16.0,7.0,303.6366295065365
30.83870962763889,17.0,1.0,482.3337320516543
21.1247751849188,18.0,2.0,385.10718659336754
20.72753268630973,19.0,3.0,390.559414057957
22.984670659816388,20.0,4.0,416.87678936718737
26.36118362663694,21.0,5.0,478.716361199061
24.713647945889488,22.0,6.0,478.50956146658655
27.74033462353585,23.0,7.0,475.3909446484387
18.302553167356702,24.0,1.0,383.112961913779
21.288068147846328,1.0,2.0,300.96616066573944
24.42001463839233,2.0,3.0,341.53833069169764
34.48943646329353,3.0,4.0,427.2919225269998
24.43093730793121,4.0,5.0,325.7305450371645
30.42611131830816,5.0,6.0,453.2036574305421
25.192775843921588,6.0,7.0,366.98002895814096
22.58170681281216,7.0,1.0,341.1544054545147
23.7663778794278,8.0,2.0,387.9958502014322
24.157901439855596,9.0,3.0,354.01209190241906
28.01822869480369,10.0,4.0,396.26204599061583
31.87305633788277,11.0,5.0,442.6697153575428
26.798404238431605,12.0,6.0,443.0743080016167
30.935388393708777,13.0,7.0,448.2962826215203
20.176051311851573,14.0,1.0,319.92637338046603
22.926847455929845,15.0,2.0,422.4697932228103
21.378487328961665,16.0,3.0,378.6572460063695
26.57222295437426,17.0,4.0,401.7340694261745
23.20520807410293,18.0,5.0,400.71841098176105
28.648864685170977,19.0,6.0,473.9087247838078
20.34499144183779,20.0,7.0,390.5308977490373
25.215154866606408,21.0,1.0,490.1198482493604
28.43428955506128,22.0,2.0,471.2875382992142
14.673486124796948,23.0,3.0,353.66926365326896
35.608156536651016,24.0,4.0,550.0901797949417
23.58424057560062,1.0,5.0,294.9985478722617
14.874800431619136,2.0,6.0,258.45855176231044
25.79046949288393,3.0,7.0,361.1700863117897
25.167217339865758,4.0,1.0,374.3457423926346
24.590528102137537,5.0,2.0,373.44108488654825
29.95595556463333,6.0,3.0,406.8500985925649
28.73722485713528,7.0,4.0,390.25834682498896
26.489380955119227,8.0,5.0,390.64675699457945
27.25077816973324,9.0,6.0,422.7320097455647
24.478207752809567,10.0,7.0,405.9436202371666
33.877454246200244,11.0,1.0,506.6831965981511
17.604019908211168,12.0,2.0,330.62368761747365
25.698258371079483,13.0,3.0,418.3782622987935
25.3251231559439,14.0,4.0,411.4831087459464
29.06640203032297,15.0,5.0,430.14515350924114
20.7807306128755,16.0,6.0,370.3002536929659
16.28163698801732,17.0,7.0,300.1198335284033
25.784115080490967,18.0,1.0,442.35960628284886
26.406152461093026,19.0,2.0,485.7836268228566
32.447997047238246,20.0,3.0,531.9371549280495
18.648189768374568,21.0,4.0,361.0195139990151
30.7734688335836,22.0,5.0,501.2861069429903
36.837071820135606,23.0,6.0,548.6831919662613
23.11117556238761,24.0,7.0,428.861480260332
18.54528890253388,1.0,1.0,308.27504535583006
22.965128168133145,2.0,2.0,346.7114404475295
25.070024836856906,3.0,3.0,406.3831299834757
27.81893937503457,4.0,4.0,410.0389418004972
22.04302635080976,5.0,5.0,334.5102711296514
32.77599267073671,6.0,6.0,453.30292619003296
19.427338424959693,7.0,7.0,304.2245207659302
16.303974239136,8.0,1.0,277.48965744963004
30.533552121436585,9.0,2.0,470.4510527801162
13.626894843969,10.0,3.0,297.44877797832294
23.97935115563642,11.0,4.0,377.9724272644849
40.58840564604024,12.0,5.0,556.3627711990291
24.939782235200344,13.0,6.0,421.2166060996996
19.39616174651875,14.0,7.0,359.88864598930786
24.713012681066036,15.0,1.0,389.8681017856664
24.74599605690233,16.0,2.0,426.3323609988198
25.803249701765584,17.0,3.0,430.67986650788856
28.3113149107981,18.0,4.0,483.3731630907546
19.804444158161303,19.0,5.0,398.66529635726624
33.437740276183966,20.0,6.0,542.7495593254006
26.22557142186309,21.0,7.0,423.8978274442267
28.63397023200902,22.0,1.0,477.6574716389654
21.859253001221788,23.0,2.0,449.87417873492666
31.431910684977662,24.0,3.0,513.4861905429277
23.71473795593468,1.0,4.0,299.7187199410606
26.387762567467657,2.0,5.0,369.5295554269578
20.334469614064453,3.0,6.0,289.4003273353251
20.015341867989367,4.0,7.0,334.94923408606167
28.441026532264413,5.0,1.0,412.33395640241343
22.78196584896307,6.0,2.0,355.024844222464
20.730884562478117,7.0,3.0,325.923967792466
21.78408328986485,8.0,4.0,377.657539577188
28.494765358587102,9.0,5.0,422.1187427836674
21.854810693981943,10.0,6.0,342.37811657669533
24.41172534198918,11.0,7.0,362.23557928778285
25.075138751435485,12.0,1.0,406.2819264230705
15.413255569948506,13.0,2.0,293.57961895638897
17.64436797313241,14.0,3.0,358.02122856490297
26.68138944623781,15.0,4.0,393.64705338189344
21.314853194236512,16.0,5.0,375.3582513757037
30.28362455640209,17.0,6.0,482.0389164657796
29.834035521252723,18.0,7.0,474.1827436147204
28.595843331777186,19.0,1.0,463.6127738574585
34.09885893656299,20.0,2.0,548.1937634997608
24.584553361284083,21.0,3.0,424.1247458451227
28.2444096295192,22.0,4.0,479.9964031652557
22.07799511701985,23.0,5.0,433.8167826098056
37.26184956434362,24.0,6.0,583.8767512332985
34.918168262180096,1.0,7.0,419.6809023934116
25.05940217258896,2.0,1.0,381.5439120571769
26.93293114952596,3.0,2.0,380.0632029249703
31.796487996824027,4.0,3.0,443.8247881870233
24.264302475929465,5.0,4.0,386.2250448927596
21.71687964600148,6.0,5.0,354.51920743550687
29.36994875503441,7.0,6.0,433.102075676965
25.39219623041835,8.0,7.0,376.7755609011729
25.914972248226302,9.0,1.0,417.0284249004732
20.82864328466017,10.0,2.0,356.55836433788807
16.41163925818302,11.0,3.0,285.9299032262619
26.180712049395503,12.0,4.0,415.8619963440559
29.524810207471,13.0,5.0,450.3753217494793
23.87096625461979,14.0,6.0,402.3842497766343
32.182147597794334,15.0,7.0,473.26153647367545
21.48041837292228,16.0,1.0,376.5750725939457
19.7264777251704,17.0,2.0,389.39489891520856
24.663848464019345,18.0,3.0,401.37303889514845
24.587037123243547,19.0,4.0,458.0467539495649
28.849843656676114,20.0,5.0,468.87007534266127
21.125185879680075,21.0,6.0,403.16242223792415
31.840471184074488,22.0,7.0,518.5758749063763
34.834584812541266,23.0,1.0,572.1596090222964
24.80427986515829,24.0,2.0,433.8631126525482
31.248552100921597,1.0,3.0,424.9672526201012
19.7175146468737,2.0,4.0,301.23822303626247
30.37610770590958,3.0,5.0,391.0558493679236
30.236382042797317,4.0,6.0,389.3704814090548
29.317186400949392,5.0,7.0,390.490802368357
24.92218455564853,6.0,1.0,350.24701182427543
10.228755293789844,7.0,2.0,265.73290075763896
21.791364281739355,8.0,3.0,378.63666932026047
21.870419911576988,9.0,4.0,360.73820313528864
20.10872530969761,10.0,5.0,331.6192847701343
25.61121502273533,11.0,6.0,389.1699904686054
22.905182772393825,12.0,7.0,383.2131418474176
20.87693995117489,13.0,1.0,405.9259375017879
19.7059992587609,14.0,2.0,349.6520577956742
21.42243507257385,15.0,3.0,357.87262987327205
30.60749605924964,16.0,4.0,505.0277760644018
21.69487472686253,17.0,5.0,351.2059755169363
22.42530646783364,18.0,6.0,376.08244851328345
22.71651192488377,19.0,7.0,396.2279613986207
26.694967569047098,20.0,1.0,432.7410063343704
27.281247442642663,21.0,2.0,494.05545568255855
9.77671730378419,22.0,3.0,315.9052784479439
30.10817606913804,23.0,4.0,492.5858961470741
32.18184017121877,24.0,5.0,552.4106840957426
19.74906731319165,1.0,6.0,313.47652169999304
20.13850877632583,2.0,7.0,288.12167479745705
22.74873306110864,3.0,1.0,330.47396705972625
21.21997990271697,4.0,2.0,371.3918395820193
26.11963436973303,5.0,3.0,391.6195801390134
15.26737356820568,6.0,4.0,275.80022874143384
19.4103619598163,7.0,5.0,341.37453853095525
32.69598600087454,8.0,6.0,454.9984727088058
20.35890016325991,9.0,7.0,317.4765899142153
31.217141390514627,10.0,1.0,460.7746091148973
26.77669097795069,11.0,2.0,437.5399955259016
15.953661427058709,12.0,3.0,270.6929029436028
28.17664597608103,13.0,4.0,429.0058449720258
24.41166348903573,14.0,5.0,426.7777828619894
22.722664718751297,15.0,6.0,373.9892791656426
26.22478546586002,16.0,7.0,452.1700258672284
27.373167427833963,17.0,1.0,484.0265506655359
28.5379591098731,18.0,2.0,468.069008788952
30.89126423774001,19.0,3.0,483.5418562796201
27.040679563891786,20.0,4.0,452.6596181559251
18.121829556068192,21.0,5.0,424.51058540071057
22.631772711744045,22.0,6.0,455.8062160561053
39.71524167634311,23.0,7.0,593.6602361995659
28.62245530190864,24.0,1.0,491.0614819866782
36.846436504057486,1.0,2.0,469.80518575220015
31.977170410995924,2.0,3.0,425.6482426422946
26.209010357778745,3.0,4.0,340.2229288256004
26.50703534890559,4.0,5.0,371.6711788733611
24.81709980061577,5.0,6.0,381.6190845023924
16.3109769207675,6.0,7.0,236.1226355833456
25.09023626234112,7.0,1.0,399.4340419261562
31.053372762710985,8.0,2.0,472.02968702820544
22.00180002589398,9.0,3.0,344.80685335705243
27.05976499530905,10.0,4.0,442.4811651169116
29.257955229465985,11.0,5.0,418.77281104569295
20.451597803437625,12.0,6.0,355.33763127158426
22.74348567828168,13.0,7.0,365.2994030895441
19.910442547614203,14.0,1.0,359.96449833288995
20.889171966552965,15.0,2.0,365.5457382703688
18.56197358173469,16.0,3.0,370.59124543458734
20.497757693109868,17.0,4.0,394.95368608572767
32.09727840398919,18.0,5.0,494.6843400483482
20.422614854548534,19.0,6.0,354.0267842720399
25.63229609530345,20.0,7.0,443.3863642857223
22.485656231645223,21.0,1.0,435.2968495046661
30.89432968518469,22.0,2.0,508.6089966241185
31.555811483018083,23.0,3.0,558.9027405737969
29.32034991069473,24.0,4.0,469.9249138089343
26.530672765513778,1.0,5.0,310.9610534500664
23.84470231579551,2.0,6.0,315.83032516400164
19.040626479043752,3.0,7.0,298.6147554722665
34.71764440561098,4.0,1.0,443.059551307433
21.20163491123723,5.0,2.0,311.39693074185084
28.318231735164208,6.0,3.0,423.2027440752052
30.297827863116986,7.0,4.0,435.2292370871249
22.22359751547335,8.0,5.0,354.77719334730153
30.19006263657981,9.0,6.0,444.5292047551087
28.82106601669428,10.0,7.0,408.7068011014851
33.63981917690883,11.0,1.0,480.8185102879244
22.653267667866444,12.0,2.0,396.7282621298929
18.570679913601424,13.0,3.0,314.8090635203902
22.472551222777444,14.0,4.0,339.8711152998035
26.044267712671655,15.0,5.0,411.7769936541595
25.29106363542528,16.0,6.0,433.52810213556666
23.032810518627247,17.0,7.0,399.4392991660085
15.454012705113785,18.0,1.0,358.6859571335981
27.35241498064553,19.0,2.0,422.198263597992
34.861722395411,20.0,3.0,545.9271601205797
27.321256190615017,21.0,4.0,479.2898519989977
28.04567759526757,22.0,5.0,448.440827500462
27.86222653077551,23.0,6.0,492.863417118686
26.985233349412,24.0,7.0,466.6219555640041
29.658329834340478,1.0,1.0,460.0100323755248
26.97686840592833,2.0,2.0,330.2239626813485
23.43661415173362,3.0,3.0,367.7484288708313
21.02005544995623,4.0,4.0,310.31739256904086
23.755131723596623,5.0,5.0,315.20828294716534
26.570647482253328,6.0,6.0,367.1673719512334
23.41958519438513,7.0,7.0,353.74543677060063
26.57169341565715,8.0,1.0,423.4662675478724
27.19575066850209,9.0,2.0,445.3967924476644
29.16589715635091,10.0,3.0,461.096833337596
31.413974844194904,11.0,4.0,437.8321080278592
25.390037092394287,12.0,5.0,421.5036647692653
18.46111717426169,13.0,6.0,339.4368708850344
23.274479515904048,14.0,7.0,368.6527347404607
25.220312837033,15.0,1.0,419.9649165007804
15.821156219114547,16.0,2.0,318.01470900225104
31.94332260051241,17.0,3.0,496.1750728438532
25.711889562552333,18.0,4.0,420.52573797964095
26.906764172901426,19.0,5.0,428.5077602646655
31.82763231263133,20.0,6.0,509.85870568196873
21.849285849288265,21.0,7.0,415.0674694580754
27.87020965442015,22.0,1.0,481.95015654236926
24.45067938449032,23.0,2.0,480.8598199236226
24.0795656649204,24.0,3.0,446.5870449193018
21.139038060978105,1.0,4.0,298.33488970727024
33.32801606843264,2.0,5.0,441.4899403312404
23.122499799622144,3.0,6.0,325.5764862973547
28.49732123447851,4.0,7.0,385.669166925308
15.62496306264032,5.0,1.0,227.84086121402188
30.89994264844893,6.0,2.0,433.3335741792488
30.26105577978529,7.0,3.0,392.06663904842776
25.487170551486518,8.0,4.0,358.4526940948877
23.865287669310376,9.0,5.0,341.9464259179936
27.00000002806783,10.0,6.0,381.1483372100018
36.44395330440145,11.0,7.0,487.46245585136944
16.183816505482575,12.0,1.0,309.10831274391603
28.91013693787064,13.0,2.0,461.3868734638489
20.441913489230487,14.0,3.0,369.8668911749989
24.900408018501345,15.0,4.0,373.9825916086537
23.760599404606683,16.0,5.0,404.271886797003
22.858408711011226,17.0,6.0,401.9491920417808
24.947674354736357,18.0,7.0,411.9054132223044
19.32914427361105,19.0,1.0,384.0737231979765
30.14590218063984,20.0,2.0,499.2652243143395
16.029282444007,21.0,3.0,371.5848163927816
27.69882256414171,22.0,4.0,443.4906258921624
23.367320737327145,23.0,5.0,428.7868666004785
19.14537553096273,24.0,6.0,423.62047727078186
26.01191685299348,1.0,7.0,372.4523946958939
17.21524456646761,2.0,1.0,296.1711842201917
25.19856910859817,3.0,2.0,371.7221847650953
17.885615460942226,4.0,3.0,322.94884957746405
27.306360421589154,5.0,4.0,424.4205642480249
20.378213331848123,6.0,5.0,316.2005335575442
22.74502991485345,7.0,6.0,325.06165028276814
26.46974693971581,8.0,7.0,378.2916230446682
21.13728944078882,9.0,1.0,415.3068046833293
24.71018000165849,10.0,2.0,359.714673162081
17.43084749377573,11.0,3.0,310.8976921471689
28.15437801798078,12.0,4.0,401.2899571299552
33.82456902775385,13.0,5.0,490.7409675350862
38.96104433954981,14.0,6.0,517.5566228176008
25.455840733332195,15.0,7.0,406.3833868766496
28.94102070398593,16.0,1.0,427.4083038394842
16.096871635462556,17.0,2.0,352.32112965631853
32.51367163152794,18.0,3.0,530.5836214446389
28.88114252362053,19.0,4.0,464.13255279493615
22.58033277524384,20.0,5.0,408.1007276109243
31.18590400144505,21.0,6.0,495.5908953998242
23.727619616773293,22.0,7.0,429.8944096722334
22.70987408492722,23.0,1.0,438.3353491099437
27.376674627137454,24.0,2.0,503.12908531998846
19.683227500848407,1.0,3.0,317.493057677503
30.10812382199974,2.0,4.0,382.7998137701538
19.720050940365784,3.0,5.0,291.01393954817195
19.74972605088407,4.0,6.0,317.52964948733563
20.451551057958326,5.0,7.0,280.08212961840263
28.79750018758061,6.0,1.0,375.5605762388947
21.91612319240146,7.0,2.0,352.68755098198415
18.26002107816416,8.0,3.0,323.52713900305145
21.97160000032101,9.0,4.0,338.26999624413827
24.839788146597567,10.0,5.0,371.82486038356654
19.095137581678078,11.0,6.0,312.74752938196275
19.24159445482828,12.0,7.0,314.07743976139415
35.556481670497924,13.0,1.0,531.4347331170712
20.697172980930567,14.0,2.0,347.3617600693529
23.384788156134967,15.0,3.0,394.5374243326827
23.16381499600357,16.0,4.0,381.5314266097386
22.893215961147792,17.0,5.0,369.8263800934536
28.106733699845517,18.0,6.0,470.47090049339056
29.740714752360248,19.0,7.0,461.0106430801317
23.47022784234204,20.0,1.0,435.4710800318355
18.817608567038256,21.0,2.0,357.0145680743624
31.37220113924452,22.0,3.0,499.8832223173157
24.523294544016583,23.0,4.0,463.354703054066
33.651609074285844,24.0,5.0,593.2615198597646
13.772070512174183,1.0,6.0,185.1963838339356
25.977016106416603,2.0,7.0,344.7480051583775
34.59303166938104,3.0,1.0,466.1759286566804
23.23367932280921,4.0,2.0,334.01479016330643
23.87253288332682,5.0,3.0,371.7157685731507
26.47755845795169,6.0,4.0,365.4409311663107
22.206020905575212,7.0,5.0,345.1371622600849
23.439640339736336,8.0,6.0,345.9549653073961
23.310924529042985,9.0,7.0,381.4978669495253
21.862896327868132,10.0,1.0,352.1016732179692
31.1442827510028,11.0,2.0,453.4053515842977
27.305390161482176,12.0,3.0,442.96768236476487
26.25314116051651,13.0,4.0,394.97063842330783
29.042855034450582,14.0,5.0,446.8035514797773
23.678220833982664,15.0,6.0,357.3315214660946
21.128980908235494,16.0,7.0,348.53113990977346
21.986878476927213,17.0,1.0,409.51141028708815
25.00891520552305,18.0,2.0,414.2752018645058
19.70394145813549,19.0,3.0,372.1479559448791
22.498694917066626,20.0,4.0,422.848677211625
22.419416790642828,21.0,5.0,402.6104450834897
35.62278114914507,22.0,6.0,564.6846529557778
11.130925300330416,23.0,7.0,309.62250875302544
24.101901392971836,24.0,1.0,466.7326761682084
33.62846896407385,1.0,2.0,460.1040016155092
25.60922232066227,2.0,3.0,363.488684458904
28.767087367105464,3.0,4.0,421.4478194804415
25.49913157549884,4.0,5.0,378.2165614157448
21.6633330939176,5.0,6.0,313.1642823424868
13.790420327455434,6.0,7.0,272.76716477497973
26.027278435181515,7.0,1.0,397.55010476987405
21.121966976988045,8.0,2.0,337.3260755966704
20.99832296917348,9.0,3.0,351.55094359815246
22.50506372010444,10.0,4.0,385.2971736888497
33.72430703311747,11.0,5.0,486.3439722160192
37.02418771126986,12.0,6.0,548.6897337637265
26.086039687642003,13.0,7.0,426.5910080343965
22.67616388044136,14.0,1.0,404.2248394724569
19.11386791274395,15.0,2.0,339.6173174726164
27.342700807730346,16.0,3.0,440.83235779710105
33.91452800032572,17.0,4.0,513.5785627982742
23.763298064874217,18.0,5.0,426.5656106730971
13.10501979623388,19.0,6.0,320.79685878778264
28.350248359077614,20.0,7.0,465.8932917951419
29.926998557250247,21.0,1.0,503.6769838800459
17.070771798070762,22.0,2.0,389.116855882229
25.882420918314764,23.0,3.0,447.652484670548
27.25613008068049,24.0,4.0,514.471617191802
24.63446348995531,1.0,5.0,295.4012971962836
21.04614540457323,2.0,6.0,331.5696436891729
30.07968611781778,3.0,7.0,393.89315060967454
22.983101270156588,4.0,1.0,366.88260898699775
17.57406918650034,5.0,2.0,302.01750055085563
14.752627571651596,6.0,3.0,275.446963934732
31.30424759999655,7.0,4.0,447.1275655204959
28.083319882355596,8.0,5.0,422.01428460531145
25.439867735645844,9.0,6.0,374.8220608247137
22.798626815745983,10.0,7.0,377.68225076798456
22.355007928984364,11.0,1.0,353.860666818268
19.621316757791945,12.0,2.0,350.1065561113969
22.842721777200577,13.0,3.0,401.1466162574513
14.399563924399128,14.0,4.0,321.89599083630907
21.31968173265743,15.0,5.0,382.4125942918024
23.44531241824453,16.0,6.0,388.5852754233306
28.049400235952096,17.0,7.0,462.42815792689504
24.80036768313318,18.0,1.0,421.6163520489568
28.9746155693778,19.0,2.0,513.7743371687561
31.745675525567147,20.0,3.0,506.7633373056781
30.290850469120507,21.0,4.0,465.1159908070858
27.352549236892784,22.0,5.0,444.6318230085968
25.05931339590392,23.0,6.0,448.466006696631
20.096059957932205,24.0,7.0,402.7571050058431
28.699720256896583,1.0,1.0,428.3903362679877
33.39873691110765,2.0,2.0,417.217382358792
26.71053019825209,3.0,3.0,373.8945459685995
34.586295742130616,4.0,4.0,432.6745292796651
17.372141459694582,5.0,5.0,273.86831753267774
19.22918307610229,6.0,6.0,337.9712713624097
29.27600753874131,7.0,7.0,384.0333509242933
26.321451050766257,8.0,1.0,411.95535898901926
31.56891088285904,9.0,2.0,462.5472560088782
24.922641796366303,10.0,3.0,389.7429894364989
20.66012288735834,11.0,4.0,359.9899613374181
23.93203378897479,12.0,5.0,361.1199302508821
17.33658014538133,13.0,6.0,353.4922516098845
19.357046634514827,14.0,7.0,381.06737624761865
29.86221998959005,15.0,1.0,471.5642938510868
29.36393707234805,16.0,2.0,516.1014933357516
26.815021424030384,17.0,3.0,436.16965560930544
16.394612395197655,18.0,4.0,349.9547638291022
23.20798212243556,19.0,5.0,440.7176024998458
18.875000556699742,20.0,6.0,361.5699163625393
30.882666268938827,21.0,7.0,465.19568151179953
22.081389332186998,22.0,1.0,395.5795520094929
19.57126144609225,23.0,2.0,445.9291457389757
25.14898082560712,24.0,3.0,451.9093152432957
21.79922771582694,1.0,4.0,307.27754188989945
32.41871955101853,2.0,5.0,396.9319139437642
21.32594551232905,3.0,6.0,329.2262407098742
18.003858703876844,4.0,7.0,263.40738985427674
14.235432421212424,5.0,1.0,254.52906365889777
24.846067487932924,6.0,2.0,378.4510832676525
22.19034943071037,7.0,3.0,326.62257576219224
17.855476967441366,8.0,4.0,302.98312428412913
30.94613230627893,9.0,5.0,467.5055148528546
28.336225737146208,10.0,6.0,423.92734532179935
24.85891060531385,11.0,7.0,385.1999519017057
31.82163122085433,12.0,1.0,479.51360639782064
28.312680166993065,13.0,2.0,434.3440997503994
20.88572049240784,14.0,3.0,409.7802513191768
19.80389918004617,15.0,4.0,344.7958491897804
29.089907722269302,16.0,5.0,460.1176004619717
26.981834782336755,17.0,6.0,439.1188591502237
25.848738839853308,18.0,7.0,447.6626385411958
20.767510985655463,19.0,1.0,421.7385886324274
28.03973783502877,20.0,2.0,473.75700226054624
21.222505584330253,21.0,3.0,414.03838570556354
24.49006672703161,22.0,4.0,449.4713623485951
32.2347207319349,23.0,5.0,476.9043742079368
21.69582882094927,24.0,6.0,387.1784961599372
17.135053714635696,1.0,7.0,243.24926333191752
19.73726404064945,2.0,1.0,293.1406668789571
29.97149413343812,3.0,2.0,384.7292928950985
26.273655686901048,4.0,3.0,388.7282082964831
24.35561310655623,5.0,4.0,356.5984994859118
22.454530973442157,6.0,5.0,335.2514187866848
27.42679953776595,7.0,6.0,366.1448898875118
20.75447574504888,8.0,7.0,325.6538601655931
26.52832784321298,9.0,1.0,354.7495833121576
21.343727155935216,10.0,2.0,354.1781453432353
20.51170307362473,11.0,3.0,352.38070411240244
21.81256282587494,12.0,4.0,370.9639279451794
23.12296276758019,13.0,5.0,349.9475924062163
24.755850820331485,14.0,6.0,404.0548429371444
26.177278975555573,15.0,7.0,394.94416435826486
6.55817354285778,16.0,1.0,226.33233878273117
20.96174721126617,17.0,2.0,402.976099829115
23.042150113219805,18.0,3.0,451.70377559939294
32.52531019304165,19.0,4.0,509.2802771064701
19.59998695808934,20.0,5.0,364.6579604080888
25.81398309049956,21.0,6.0,448.9132398551956
32.475151548679186,22.0,7.0,532.5320986367748
18.43515735026364,23.0,1.0,408.7715248200911
26.96987612932201,24.0,2.0,538.561018742495
20.9886408303274,1.0,3.0,291.57965692138066
22.47683128855383,2.0,4.0,327.81294248392425
20.984445830233422,3.0,5.0,340.8228173706983
21.34071345792057,4.0,6.0,345.1303193195764
38.60956073953247,5.0,7.0,451.0940488648371
29.22227936035833,6.0,1.0,419.15564120278367
30.508689308931046,7.0,2.0,463.7773084062845
27.45996743418248,8.0,3.0,463.4125341498076
16.96871605799021,9.0,4.0,316.76307825491847
26.97478985161653,10.0,5.0,397.3906326422357
30.36464807253673,11.0,6.0,420.4624176766195
20.73300262980444,12.0,7.0,390.70489344866144
29.82663333580563,13.0,1.0,474.8411650873715
28.521681049270395,14.0,2.0,432.2554719549956
34.26020022406835,15.0,3.0,504.5388749140079
22.911084937431905,16.0,4.0,403.3145797108932
19.511945088621367,17.0,5.0,375.995583963976
23.191859453137276,18.0,6.0,385.9262213804569
32.17785496581811,19.0,7.0,483.49474129567136
15.857970595790183,20.0,1.0,322.52101471044267
14.65812142284484,21.0,2.0,366.376460020544
25.446976394658066,22.0,3.0,448.63739461117433
22.78705353612922,23.0,4.0,440.19696834495807
25.038639465878425,24.0,5.0,483.8315648303107
29.726558856179324,1.0,6.0,388.6629914092722
22.237153269405734,2.0,7.0,309.112123175076
15.634970845346896,3.0,1.0,272.22813799114766
35.22240778599972,4.0,2.0,467.48794993700176
20.01385856280612,5.0,3.0,341.0618855856201
19.704814389939514,6.0,4.0,321.26491185017096
30.518600068612983,7.0,5.0,414.2979802945516
23.07755439479241,8.0,6.0,373.7325250857192
24.683050739825948,9.0,7.0,395.4401945254265
27.41395062030159,10.0,1.0,394.3728936666066
30.41791551554998,11.0,2.0,483.83483285086186
23.33269653409114,12.0,3.0,391.6212008050812
32.5997600295715,13.0,4.0,484.6629992986469
14.321000756325972,14.0,5.0,318.34250019519004
28.798936184765385,15.0,6.0,433.6498340275683
20.802362209911717,16.0,7.0,386.1069123829356
31.86135658303996,17.0,1.0,493.07805643564245
25.710222394152726,18.0,2.0,411.6032103473205
21.63547333995299,19.0,3.0,382.3996078173912
28.314205465108163,20.0,4.0,482.4824913091462
29.465941736036257,21.0,5.0,465.7500505604694
28.209470614293192,22.0,6.0,506.29622860672487
19.851518801834697,23.0,7.0,416.30085708713983
22.579914381889576,24.0,1.0,469.4679271395551
24.979635814392825,1.0,2.0,351.2919297374765
24.793701736749696,2.0,3.0,354.0942497133962
28.748727377191734,3.0,4.0,366.6130366870318
14.92549383746696,4.0,5.0,274.1706085778194
26.67163527276752,5.0,6.0,381.3130218284169
23.5500932278168,6.0,7.0,355.84704478401324
20.80749691808024,7.0,1.0,373.84120540986
21.287566111152003,8.0,2.0,334.7564014325698
23.92731167741018,9.0,3.0,372.7502857765555
6.994574477702411,10.0,4.0,214.4791632078675
21.49355214604225,11.0,5.0,336.2268133512483
20.62092587676853,12.0,6.0,344.4572823421485
27.66391604661312,13.0,7.0,430.4981566754706
20.9723665874474,14.0,1.0,370.2152404470173
23.92443099914755,15.0,2.0,434.4240981860577
32.71138313830651,16.0,3.0,467.8953401467252
29.971757599077115,17.0,4.0,495.173000795438
29.511356999717265,18.0,5.0,483.3372794934928
22.50063784794574,19.0,6.0,390.6298067283256
27.715161396448263,20.0,7.0,437.6634425998826
23.83051099773203,21.0,1.0,398.6994576324713
24.01953394661531,22.0,2.0,428.2918392178764
27.04842671873275,23.0,3.0,497.4278002873874
22.01503205789534,24.0,4.0,427.0286060533799
32.46501552221602,1.0,5.0,437.90977282999705
24.199349302010315,2.0,6.0,321.59607160761215
28.091802831298324,3.0,7.0,389.06015151511446
32.27800239628649,4.0,1.0,425.43005192117647
30.15826887287588,5.0,2.0,401.271188604562
17.955404486547376,6.0,3.0,298.41150052206024
27.22447947504942,7.0,4.0,381.94546452409423
29.253596972303235,8.0,5.0,386.6795267422881
29.459315110803743,9.0,6.0,417.9468570936976
19.433525829426845,10.0,7.0,325.4639666228942
21.71482381491338,11.0,1.0,394.5154103790552
29.972791178708107,12.0,2.0,472.4640253297423
21.19119814658677,13.0,3.0,392.3108454505243
23.50151971667843,14.0,4.0,407.4223471346545
32.87937904750984,15.0,5.0,495.44604565409793
24.76100374807605,16.0,6.0,385.0311393513227
21.366129310830782,17.0,7.0,380.65873706701336
20.61191321568548,18.0,1.0,405.0550077034711
26.66359664792594,19.0,2.0,484.7847254666681
18.33425995761396,20.0,3.0,388.0683704107758
23.76332018051791,21.0,4.0,455.4408704972875
26.66615267495011,22.0,5.0,441.0215689221963
31.495749102738337,23.0,6.0,505.42913850442153
28.337740401849977,24.0,7.0,490.9644182917252
21.429674410089103,1.0,1.0,339.51579791574227
30.8920965878186,2.0,2.0,410.0163929614076
23.50242481226261,3.0,3.0,339.375328939643
18.82148488975296,4.0,4.0,309.9576550175892
24.13979320367264,5.0,5.0,328.8805154938239
32.19084600572851,6.0,6.0,466.0565510537537
25.826200250324625,7.0,7.0,354.6792806410926
25.06260932164893,8.0,1.0,349.2543047453033
33.186058223514266,9.0,2.0,471.0619224055943
17.843225764727865,10.0,3.0,353.40143169478995
18.57200442973614,11.0,4.0,340.4491069040336
16.92076764516584,12.0,5.0,329.229487311731
26.863240932400277,13.0,6.0,416.460124570145
25.832465635575623,14.0,7.0,404.2771064103327
32.71368183639888,15.0,1.0,468.2386309721264
26.21737538568385,16.0,2.0,390.9860286987548
22.979214202603487,17.0,3.0,409.7175887948521
25.008974364390536,18.0,4.0,454.3407275307099
25.58853709230479,19.0,5.0,442.7680450196092
16.641193633359165,20.0,6.0,360.8839268746319
38.55165822167447,21.0,7.0,601.1909331295354
27.59935509050956,22.0,1.0,489.5688879339167
26.050041540112947,23.0,2.0,467.0473133949771
28.075819921392903,24.0,3.0,475.3877031009277
28.547054902933024,1.0,4.0,418.914800288772
24.297232572487843,2.0,5.0,348.503281307952
21.843794318796498,3.0,6.0,296.5659088695783
27.99725343160852,4.0,7.0,355.5491809600605
26.928554202657264,5.0,1.0,416.3468165651509
20.95054950455296,6.0,2.0,312.7566611173631
32.09517805683632,7.0,3.0,484.0284637184076
26.46676018161492,8.0,4.0,337.53834587433494
28.649096811338158,9.0,5.0,444.9428720691811
31.959604438399595,10.0,6.0,461.3339406072352
25.10944410582417,11.0,7.0,387.4663295193792
26.584760034920578,12.0,1.0,419.33843164837054
29.05013619253058,13.0,2.0,487.3159588971864
21.37569458099974,14.0,3.0,388.89812297802143
25.27025831423001,15.0,4.0,397.638510964391
25.627742933255742,16.0,5.0,386.8992302119798
20.219707241583027,17.0,6.0,372.7430166787764
36.588183943369394,18.0,7.0,534.8604167629456
17.96353278253799,19.0,1.0,341.2379670778697
18.50948048156421,20.0,2.0,377.98693430599536
31.571132878517894,21.0,3.0,500.2326361236949
28.56633125398271,22.0,4.0,483.84911390596096
19.87017591259611,23.0,5.0,413.22023135892914
28.036445075508464,24.0,6.0,512.2166497043654
32.33925222498655,1.0,7.0,425.5703029772513
24.84868471201507,2.0,1.0,341.05803212354664
37.99411450037291,3.0,2.0,496.319447580313
16.379690945659824,4.0,3.0,276.05905188643874
28.46911726929551,5.0,4.0,371.0485936003371
30.832641681105017,6.0,5.0,431.2910725048956
29.456719508026232,7.0,6.0,448.7006418386166
23.97822136677176,8.0,7.0,359.43074575145766
23.54779258994425,9.0,1.0,345.5942723049345
27.220725855436285,10.0,2.0,416.8126319765352
29.078772433260347,11.0,3.0,412.5134803531385
28.01236718141182,12.0,4.0,445.395781951844
30.200289453966946,13.0,5.0,462.50019437417205
19.905650214666323,14.0,6.0,347.6383010771684
23.861145104381823,15.0,7.0,385.9881657267018
20.29992033938123,16.0,1.0,375.75451736150137
23.069436119569293,17.0,2.0,409.8598510825393
30.076104459071527,18.0,3.0,466.3163441638844
25.539919603626146,19.0,4.0,410.6441344162327
38.03429581574885,20.0,5.0,588.1169370913815
25.967031835948585,21.0,6.0,438.9622988295467
25.298459402898683,22.0,7.0,445.32545611236975
25.53091459720108,23.0,1.0,473.0147849953607
21.81095653570032,24.0,2.0,438.5499749501074
24.710816938112032,1.0,3.0,319.6318094391518
30.63894013555823,2.0,4.0,370.8725980645454
25.56985334063886,3.0,5.0,343.92468291254875
21.03270135058264,4.0,6.0,320.2412441541655
20.374576897606826,5.0,7.0,293.186771626582
22.748990541670786,6.0,1.0,347.39147834272313
25.3693171720544,7.0,2.0,425.23911999553536
30.96793267738131,8.0,3.0,403.7708490777224
18.29755679316781,9.0,4.0,300.8748880134682
23.40086861055622,10.0,5.0,406.9407674770408
25.721550097175395,11.0,6.0,393.3235275318495
15.831471161852829,12.0,7.0,283.19500830855003
20.83200858516797,13.0,1.0,393.6954641919021
21.600557301319068,14.0,2.0,381.11018174281287
21.020148130747508,15.0,3.0,369.23531340659497
25.95944772510824,16.0,4.0,431.4418557918326
24.19720195249101,17.0,5.0,398.8098433372548
22.22356948699482,18.0,6.0,373.8858736121866
27.139813132763173,19.0,7.0,443.1261927749368
33.61537358823125,20.0,1.0,512.9337966807924
33.196282583708765,21.0,2.0,531.1766920730172
15.386141139688318,22.0,3.0,361.94954274637
27.885360919175696,23.0,4.0,498.9148183127892
24.10988354968081,24.0,5.0,468.6573352071446
25.77577671432678,1.0,6.0,336.6430371106228
23.00858483228726,2.0,7.0,329.074140481654
25.58794314943601,3.0,1.0,377.72990041848726
25.75703698036009,4.0,2.0,378.1267441199207
22.105241213255383,5.0,3.0,327.4632239135447
20.518162260874096,6.0,4.0,302.62026635945875
22.75652158690258,7.0,5.0,357.605253650357
26.171296322283823,8.0,6.0,349.57571197897727
27.99498170842132,9.0,7.0,398.593028432847
29.26674488670073,10.0,1.0,388.5948285540354
22.52904988466544,11.0,2.0,347.5624503794891
26.419222836513683,12.0,3.0,397.6495495961883
29.812512959766494,13.0,4.0,473.0596137502506
30.82797447572064,14.0,5.0,477.0419052452918
24.70583572934239,15.0,6.0,392.9796636165791
23.895341375301932,16.0,7.0,412.5408096556144
25.95562116918196,17.0,1.0,459.3086709594276
19.25146263551297,18.0,2.0,373.3013293876353
24.03195244482246,19.0,3.0,398.6319615639508
28.72293199236565,20.0,4.0,471.0710737223342
28.209735647218505,21.0,5.0,470.1395083687423
23.64866197818056,22.0,6.0,403.837531965201
26.088591005435838,23.0,7.0,462.22684591295774
20.876748298546563,24.0,1.0,431.3637200715127
28.517460741125124,1.0,2.0,393.075461409135
24.610892819317638,2.0,3.0,352.6873901365252
23.62024274151931,3.0,4.0,353.7992881174927
23.191380819533062,4.0,5.0,333.32724763787
24.68553066550071,5.0,6.0,357.89100880242614
22.76061177534021,6.0,7.0,328.65131206849145
28.290715180012818,7.0,1.0,403.2171674876892
23.023582259919092,8.0,2.0,391.00081521443246
32.96482048013691,9.0,3.0,424.7728307708391
32.32605251740691,10.0,4.0,478.79572495715433
20.54228255072748,11.0,5.0,333.0120079983615
25.3485213471464,12.0,6.0,380.4844499186016
21.746716893319025,13.0,7.0,366.6987186144984
23.36676218405694,14.0,1.0,370.8754295935493
35.01213733822399,15.0,2.0,502.80091194331584
23.462142914421005,16.0,3.0,388.63863621395024
26.801130185387144,17.0,4.0,436.5833366901695
27.706606470041397,18.0,5.0,435.98331093720014
19.9968531375838,19.0,6.0,408.9909050886234
20.724522627953974,20.0,7.0,422.1855566094988
18.969888142959405,21.0,1.0,351.2590109746328
20.570146330511115,22.0,2.0,420.58791740042585
10.74984945341409,23.0,3.0,330.6717633156924
27.72291200396814,24.0,4.0,496.0888240875035
35.27096920628035,1.0,5.0,429.5474222009696
25.739103695182635,2.0,6.0,344.5091257086555
17.918655703296963,3.0,7.0,258.2210639374157
21.78611808550026,4.0,1.0,326.45590023182604
22.70561577487501,5.0,2.0,321.8568571754066
19.91207611393312,6.0,3.0,317.8249847066402
29.300913191975784,7.0,4.0,385.9530976936565
29.05130022187667,8.0,5.0,411.510311134204
19.222741030911703,9.0,6.0,294.2557765271217
28.62540522223754,10.0,7.0,419.3903794582035
32.63406331788633,11.0,1.0,464.7522419600055
34.512791026147795,12.0,2.0,504.9395172189687
39.32606011542981,13.0,3.0,570.8922157215937
20.49003675278401,14.0,4.0,394.6893062499343
39.121102131976016,15.0,5.0,500.6509295393504
23.228968057456058,16.0,6.0,377.60579869708494
22.03767272309743,17.0,7.0,378.31500568873406
26.635361874389226,18.0,1.0,462.5601751115219
22.08969332953494,19.0,2.0,376.8898432122588
26.99522070323263,20.0,3.0,441.310358896322
18.399614061313493,21.0,4.0,379.6032846662771
23.80623698968283,22.0,5.0,434.7601347273616
31.4279111718084,23.0,6.0,518.8314798464859
24.71469354284422,24.0,7.0,455.0204499662045
25.707978933699412,1.0,1.0,365.8516779993114
27.37629302358656,2.0,2.0,381.63603656849546
30.8533081465883,3.0,3.0,415.6478769324104
16.723876439052837,4.0,4.0,288.53402618501565
27.922620259187173,5.0,5.0,344.43974926058723
23.659304303791185,6.0,6.0,379.4797127773365
25.83318947655919,7.0,7.0,328.24225374798544
30.299750848811883,8.0,1.0,418.414272150029
19.029066742940778,9.0,2.0,324.7554514964049
19.936777792784557,10.0,3.0,353.8200357496424
15.322850201430969,11.0,4.0,236.3231641983174
22.25420529118112,12.0,5.0,366.97956643297454
31.65216172189408,13.0,6.0,479.3695180072555
24.39706405763265,14.0,7.0,412.861002896896
18.29937552172607,15.0,1.0,341.0471620473116
22.571606277124765,16.0,2.0,393.699357032147
17.560691482546886,17.0,3.0,339.2839522476163
19.37406949134419,18.0,4.0,363.8872018429202
26.944094551318567,19.0,5.0,428.804414498617
19.13063336846985,20.0,6.0,355.5212904352801
30.56317152601651,21.0,7.0,498.3192537007325
24.64439854584832,22.0,1.0,456.07629292393807
25.427973519722627,23.0,2.0,473.11146534903577
23.60813516196053,24.0,3.0,451.361639413622
28.86423919271861,1.0,4.0,395.72916395013806
28.915799438885053,2.0,5.0,401.7222743519504
26.675271759560857,3.0,6.0,328.9183851982865
27.82394552953824,4.0,7.0,360.1532622870952
23.93955165039787,5.0,1.0,356.7679973541779
27.71101503454524,6.0,2.0,400.6565998357056
23.310611122630966,7.0,3.0,345.70429974994903
25.01115811081201,8.0,4.0,396.3520545278861
23.626781253168517,9.0,5.0,405.8667798974971
22.71390730340402,10.0,6.0,362.8623121456749
21.55444101139105,11.0,7.0,351.2312307578747
27.338450519294422,12.0,1.0,447.3736302950309
31.55302956406732,13.0,2.0,437.2135005366045
30.8555098583478,14.0,3.0,470.12447739224615
18.717173320272824,15.0,4.0,369.75244971207854
31.446015257034368,16.0,5.0,466.5970726263215
23.409207491910355,17.0,6.0,376.5608633210642
28.00366507572796,18.0,7.0,445.320538555284
20.468923339763947,19.0,1.0,395.47552473360105
25.709899569370027,20.0,2.0,432.9259500553911
26.568615914484536,21.0,3.0,503.6093846658644
17.576976040401735,22.0,4.0,364.19583278385846
28.041335831720943,23.0,5.0,457.3401712886781
31.729675039191577,24.0,6.0,517.4243240105036
24.12676027159186,1.0,7.0,343.4248154700084
31.800840654140064,2.0,1.0,425.3566915213653
24.05153253273796,3.0,2.0,359.22720372825967
29.247922655233086,4.0,3.0,386.04901466566776
13.907150170244504,5.0,4.0,281.8252706305153
37.09388889656732,6.0,5.0,497.1731095240421
32.47729122621479,7.0,6.0,462.7269436397001
23.576872478731605,8.0,7.0,362.0719374368194
15.13955486678091,9.0,1.0,309.8932294223848
26.44014184152745,10.0,2.0,390.9403672217299
17.780372264631215,11.0,3.0,313.97551431252094
27.22426768778744,12.0,4.0,447.172288788995
27.05782859582141,13.0,5.0,451.7731249038934
20.292984154989878,14.0,6.0,331.98852955551723
30.60483511807189,15.0,7.0,465.0430725379952
29.027873514030865,16.0,1.0,458.6598591306041
29.879116686442817,17.0,2.0,463.85053747713096
25.04428851834448,18.0,3.0,437.1396790905538
17.922379665431468,19.0,4.0,385.04305530162287
29.889361361055688,20.0,5.0,492.9268630762408
23.64814300432104,21.0,6.0,417.09118104482974
18.051099284036653,22.0,7.0,379.8082164390697
31.76019682987163,23.0,1.0,522.4024448270983
35.49703760251255,24.0,2.0,577.2126620397376
24.793759355103983,1.0,3.0,371.8669075601545
35.79560577301646,2.0,4.0,414.4128645441481
25.45657364305675,3.0,5.0,370.51078240136815
23.097720479168245,4.0,6.0,302.19610636027306
21.847707729072614,5.0,7.0,347.0436315016154
33.18541203996371,6.0,1.0,446.1136082021798
21.099280593061145,7.0,2.0,315.6393783784817
28.676346549874932,8.0,3.0,431.6688500405243
22.20418082470396,9.0,4.0,362.32520950988777
22.698466187128183,10.0,5.0,342.00092381204865
30.15124846984784,11.0,6.0,413.4524895551105
23.09981576855323,12.0,7.0,366.24852793570665
22.97602310289853,13.0,1.0,367.6784920255614
30.66402348587404,14.0,2.0,449.4107754002678
32.986986466108114,15.0,3.0,498.1822804695098
28.223449016421167,16.0,4.0,430.9170574791097
21.726151121880253,17.0,5.0,395.7922970193334
22.446957503512103,18.0,6.0,426.2724469527906
25.399576318700188,19.0,7.0,425.0246548889903
26.604650309628287,20.0,1.0,465.64952433599456
20.060670449301146,21.0,2.0,439.9686391497212
28.61518969789932,22.0,3.0,463.3998746314463
25.427566648197995,23.0,4.0,481.1003703855948
16.421458406809354,24.0,5.0,390.6317360263432
20.35536758769635,1.0,6.0,307.6400226604392
22.47935663174168,2.0,7.0,339.6285233320694
24.635711555794725,3.0,1.0,363.9686148771197
34.44639397751998,4.0,2.0,446.8053498632145
26.19085653069814,5.0,3.0,399.8000311313928
20.79614055050688,6.0,4.0,348.6182497393267
26.10315402153581,7.0,5.0,403.1378182452239
23.2395612627306,8.0,6.0,355.2856542736907
26.62379119766771,9.0,7.0,375.9140217044106
27.90283843517808,10.0,1.0,429.85562943401294
31.04615323611969,11.0,2.0,478.3061327125536
24.87856752164987,12.0,3.0,420.272711013698
33.19480263799917,13.0,4.0,476.3545038384998
29.54011331268096,14.0,5.0,456.7085910493574
21.46280227593906,15.0,6.0,345.4524566696715
36.04927832874232,16.0,7.0,539.1917853475402
26.634972566350488,17.0,1.0,432.6835505290037
20.824377480138825,18.0,2.0,407.9488819928192
33.26456525615211,19.0,3.0,495.6595610137178
35.38888792599222,20.0,4.0,562.5171973886023
24.8348736814022,21.0,5.0,444.7854406144774
22.48174869812202,22.0,6.0,401.1903330688813
24.13812521273169,23.0,7.0,449.20837974892737
28.573658637588498,24.0,1.0,490.9293525397784
31.38928327515257,1.0,2.0,427.8839335004282
27.852436654317867,2.0,3.0,374.0421370355642
25.50861604235885,3.0,4.0,323.66521791099524
32.490058851522136,4.0,5.0,410.2522637056026
23.43581763474239,5.0,6.0,332.7498821736782
30.15459669183453,6.0,7.0,437.9097473933169
23.55968600824361,7.0,1.0,385.6197326930205
27.155114790054466,8.0,2.0,438.0283761469875
24.432187176047744,9.0,3.0,413.3945760810746
24.720739086735943,10.0,4.0,374.5123747755412
23.11306741268895,11.0,5.0,367.36093693171296
31.724270155903472,12.0,6.0,451.017103072424
21.33536980945733,13.0,7.0,343.9234859885517
21.298838737256457,14.0,1.0,343.1584931858354
35.604967829225544,15.0,2.0,524.7547239319185
29.889237823271657,16.0,3.0,444.1810663584944
13.074431506534818,17.0,4.0,303.0608774346616
22.17370630394798,18.0,5.0,439.0524792307396
15.940053312189727,19.0,6.0,326.21363119528314
20.246546532923723,20.0,7.0,385.3609454417986
9.307426668829802,21.0,1.0,313.2072344044837
24.31505211153029,22.0,2.0,452.75634695462105
19.29029090419344,23.0,3.0,404.7525928007804
25.299526283982196,24.0,4.0,453.7472141660603
16.874393705587377,1.0,5.0,254.1063775546491
25.4145592658602,2.0,6.0,326.9453822148454
22.925418609398363,3.0,7.0,340.1750862717718
32.50976482594298,4.0,1.0,407.2678151271479
32.056784308728126,5.0,2.0,458.9896098549253
28.926728015051417,6.0,3.0,382.1933124556093
23.366931096693936,7.0,4.0,375.9214564484724
34.926901976301465,8.0,5.0,467.19266923877103
17.234823610800895,9.0,6.0,274.7108623453474
17.982206852181687,10.0,7.0,320.4080414234096
24.58108450055468,11.0,1.0,416.3861957070623
36.2701905446056,12.0,2.0,507.9403324839853
23.988305465649564,13.0,3.0,410.2952656300743
24.08377378395359,14.0,4.0,353.13604794614884
17.790448219440954,15.0,5.0,311.4925563994775
29.72964792635189,16.0,6.0,485.1446578728935
29.76588127164677,17.0,7.0,457.18542723250937
28.94537600699955,18.0,1.0,439.20949354101856
21.85389663576319,19.0,2.0,393.56164274879205
21.46646615813497,20.0,3.0,387.1966521308481
18.53438874797515,21.0,4.0,375.024652850293
25.419362508804667,22.0,5.0,441.77860541189375
19.59796335360749,23.0,6.0,396.5582681148381
19.112917473753555,24.0,7.0,388.7398537052841
22.88154641544662,1.0,1.0,358.0102492552066
22.55421912407892,2.0,2.0,338.03316323518254
22.310107355890224,3.0,3.0,338.254505782774
27.332222984201305,4.0,4.0,404.6253723199035
25.3952390107514,5.0,5.0,356.1770150989223
23.55921984744441,6.0,6.0,322.3546496072744
25.91506464155741,7.0,7.0,397.2900529082191
20.04236479447684,8.0,1.0,340.14048290693063
25.52639311954839,9.0,2.0,397.0509553534625
25.75301246422317,10.0,3.0,385.86352621162695
17.484765703212595,11.0,4.0,305.5105503700544
29.97846877185181,12.0,5.0,461.7191344939349
20.592831473865026,13.0,6.0,372.6214307014024
25.451548996032173,14.0,7.0,419.1919580752549
30.82205870267635,15.0,1.0,496.079819135673
29.628383788569348,16.0,2.0,481.6644286308887
25.171666942844176,17.0,3.0,430.3471240300049
23.18750498558966,18.0,4.0,406.36745616947695
29.73755954287784,19.0,5.0,501.58207242760943
28.3734748890431,20.0,6.0,458.2603314806223
21.90817489977935,21.0,7.0,410.4813332754085
21.02553176499155,22.0,1.0,401.17505769083056
14.638224091520009,23.0,2.0,342.1962601781911
25.770159208417937,24.0,3.0,463.9785007270348
24.586511274908005,1.0,4.0,322.7863452145368
30.68095687321271,2.0,5.0,417.7666052416931
26.795275467401837,3.0,6.0,337.9920696431177
31.671145970863453,4.0,7.0,417.696052176256
21.513178860419146,5.0,1.0,339.7819505410351
30.69075165483809,6.0,2.0,394.6915249819873
22.35541810447673,7.0,3.0,340.73370463429507
28.88798030896136,8.0,4.0,421.9937938505764
17.70620803734653,9.0,5.0,315.63664023934666
26.175676496830945,10.0,6.0,389.6706207963061
15.07656029277045,11.0,7.0,298.3033670173188
23.664312570291223,12.0,1.0,391.45680055819145
27.201769969389566,13.0,2.0,431.2907579353968
22.395157243844523,14.0,3.0,389.9846498181763
19.747811856220164,15.0,4.0,379.018111136885
29.230592346479668,16.0,5.0,443.7915634164861
24.482686050765384,17.0,6.0,402.0904230572879
22.552146764846643,18.0,7.0,381.1435378138822
25.20947960577138,19.0,1.0,437.4508417348751
38.183345709727945,20.0,2.0,604.3581422588748
30.76751424890772,21.0,3.0,515.1296488756736
30.8128683409392,22.0,4.0,483.5068885060152
27.17773159496182,23.0,5.0,459.7683766378447
25.83242636288573,24.0,6.0,467.7796081143854
13.01958855834792,1.0,7.0,196.0657299648238
21.60509826768434,2.0,1.0,308.5441818605483
22.59712793398763,3.0,2.0,361.8704726633592
15.625539679762335,4.0,3.0,254.9878842281596
19.21292104892283,5.0,4.0,324.22254680981604
15.09581764538683,6.0,5.0,291.06464024448707
24.808380821513136,7.0,6.0,350.4145663917521
29.09382985424408,8.0,7.0,392.139047411298
30.533872593121643,9.0,1.0,441.8160842015932
27.07392231039621,10.0,2.0,392.9666686904896
20.183018294007155,11.0,3.0,350.2508605101264
15.339674207400202,12.0,4.0,297.2837038369343
16.21565650299249,13.0,5.0,319.3681653476509
18.655087113727507,14.0,6.0,366.4897402619315
20.555701509821628,15.0,7.0,375.9067147136227
24.201257510042065,16.0,1.0,428.7973706086678
19.92917890936516,17.0,2.0,338.9708208342932
26.694879468341306,18.0,3.0,456.81631432546055
23.83863248600264,19.0,4.0,455.83887807411736
25.052728558705127,20.0,5.0,375.3168352607809
30.701252763356024,21.0,6.0,507.8001784930728
19.098841328998148,22.0,7.0,376.8012417948522
27.09352289146184,23.0,1.0,465.9393288541595
24.930133857619637,24.0,2.0,479.3239102544354
23.332568595151525,1.0,3.0,363.5198039636618
29.4262816043298,2.0,4.0,407.7674306200531
29.39507077278504,3.0,5.0,386.5268687026199
20.26754602005786,4.0,6.0,285.8060637124155
24.08919708071038,5.0,7.0,347.78452348289466
26.406058412920327,6.0,1.0,408.523969976835
23.63496625988708,7.0,2.0,357.60860207419626
27.925106661438992,8.0,3.0,404.443406781374
26.405960089551375,9.0,4.0,453.49960589228175
34.162806201780064,10.0,5.0,498.2011009369952
17.34860432035106,11.0,6.0,333.48861677138325
24.387820051263013,12.0,7.0,353.6724823914539
20.45748744243905,13.0,1.0,352.4311008385213
28.02053727719522,14.0,2.0,445.699005561037
16.914140549772277,15.0,3.0,315.11865434001976
26.731563551124434,16.0,4.0,467.32358148903023
21.849757843258296,17.0,5.0,416.7038245643959
21.32919066939493,18.0,6.0,374.62099994626817
17.76750898229656,19.0,7.0,387.35346195511534
22.67462026899497,20.0,1.0,423.6611607555509
30.42250265145463,21.0,2.0,555.0128208623273
24.8740565823526,22.0,3.0,452.6342884340268
28.138402089372374,23.0,4.0,495.9078759002922
33.323209109831375,24.0,5.0,566.2301599217049
26.31877792411288,1.0,6.0,375.74044623728497
22.206002139688295,2.0,7.0,321.2746627196008
27.33626107591395,3.0,1.0,382.5398043702628
22.27851926842854,4.0,2.0,347.0678466841477
22.477886583514152,5.0,3.0,324.45518239761924
17.400536001905074,6.0,4.0,295.04803439633304
29.63128745542196,7.0,5.0,394.1267239042597
23.069987121752803,8.0,6.0,317.082238415922
25.91049122907931,9.0,7.0,384.11344757358194
19.820190356966805,10.0,1.0,370.4474613831015
27.17973814857736,11.0,2.0,439.3134743176948
21.19029380932458,12.0,3.0,361.2646921787336
24.29145639149088,13.0,4.0,430.85435787841874
29.38913015619563,14.0,5.0,437.5100737450248
28.953796561162648,15.0,6.0,408.1813123756661
24.8898496374153,16.0,7.0,364.2564704901337
16.15934483646641,17.0,1.0,319.9696295527497
39.9640528503032,18.0,2.0,599.9730233682767
33.72929485136568,19.0,3.0,510.5968948443091
28.61337412444149,20.0,4.0,483.352914081561
21.233981092045145,21.0,5.0,435.265478592131
24.432039191490176,22.0,6.0,414.3184526633456
22.28289785111741,23.0,7.0,426.3989731470919
31.319279695481946,24.0,1.0,540.9720584079339
26.31251445425917,1.0,2.0,344.91038477312964
21.07918070820084,2.0,3.0,338.8760255869101
22.64622450437609,3.0,4.0,323.7081039327714
30.605940712849524,4.0,5.0,403.3843475102351
33.00048923410239,5.0,6.0,479.2371567093833
32.64165781743123,6.0,7.0,445.87191302164666
28.78516032526989,7.0,1.0,438.3574142464089
23.73687565598681,8.0,2.0,398.4666151903049
8.792430873354398,9.0,3.0,210.9148287443596
26.48580011904111,10.0,4.0,427.8544231314847
24.990856205779497,11.0,5.0,379.8706797578415
25.699910481606768,12.0,6.0,388.10663702930174
25.269486735166037,13.0,7.0,391.2548679054976
18.368689190254216,14.0,1.0,338.245595203643
27.787042784255927,15.0,2.0,463.3135564957025
28.16108157015925,16.0,3.0,457.9550288044936
28.411693910298297,17.0,4.0,447.29245081064073
29.73288501786693,18.0,5.0,485.81895084176574
28.02025822460812,19.0,6.0,451.6989334983543
22.949852942305448,20.0,7.0,401.93712201576096
24.64581576041955,21.0,1.0,449.4318353022264
25.455624336266883,22.0,2.0,467.8254504759932
25.53849724553309,23.0,3.0,469.1819254428793
29.991088279858648,24.0,4.0,500.6458991535299
28.21834376511245,1.0,5.0,389.1256617999126
35.38671719784976,2.0,6.0,441.4192889569045
36.03234489942336,3.0,7.0,441.2237592220593
25.398247913069625,4.0,1.0,341.6220461553492
5.816722257703152,5.0,2.0,196.83079219701196
31.184162330636333,6.0,3.0,433.0894248302434
22.29811830506473,7.0,4.0,350.1986302208575
20.992580390844964,8.0,5.0,355.84186222244
23.007773625053165,9.0,6.0,347.5296116185753
22.766784765926968,10.0,7.0,329.1798626897871
28.061349050526964,11.0,1.0,434.009104549574
17.202821104368873,12.0,2.0,332.1874420852946
19.61139627104199,13.0,3.0,346.85698138721244
26.715792770987083,14.0,4.0,454.6326792713942
28.11472015206654,15.0,5.0,391.4238701662382
28.20770822468006,16.0,6.0,466.47821500479625
21.064818605333507,17.0,7.0,390.4712590606196
20.1086717536688,18.0,1.0,397.2221330906972
22.466825831060405,19.0,2.0,346.95022732122214
26.199363761423623,20.0,3.0,478.6714132796416
32.42738684636275,21.0,4.0,496.74518625090985
14.762814071146249,22.0,5.0,332.4743011437948
23.89635621520817,23.0,6.0,432.5517088562803
18.33660779487398,24.0,7.0,390.5144386417793
16.738786613232552,1.0,1.0,282.17642697617646
29.834783226724085,2.0,2.0,420.2046433536268
27.72312287249669,3.0,3.0,399.54829892653726
27.24716757973631,4.0,4.0,385.5302198816256
29.605129198654968,5.0,5.0,414.3697451677015
22.60140551616932,6.0,6.0,316.1989808452483
22.83681241833236,7.0,7.0,327.34758804694314
35.92865308361287,8.0,1.0,514.1957353096253
23.767144728702128,9.0,2.0,393.4156370215949
28.67566056527045,10.0,3.0,442.23259398159297
25.03190770481657,11.0,4.0,383.0307418150352
15.758707349607924,12.0,5.0,320.7969161349532
14.776854980993658,13.0,6.0,271.54366076032943
22.10507890030048,14.0,7.0,391.5979852002502
30.280506258349945,15.0,1.0,469.5876465585816
28.94145828318002,16.0,2.0,497.09799095861285
29.57038582112017,17.0,3.0,441.275016369892
20.064769105318423,18.0,4.0,413.91577197155465
33.07936245061157,19.0,5.0,503.5643379228465
20.17553349906808,20.0,6.0,376.165749870446
26.064121993349843,21.0,7.0,448.53799631321033
24.94823855046132,22.0,1.0,442.5408072485992
24.130630898427068,23.0,2.0,448.8597289582245
31.692960691478035,24.0,3.0,513.1770816093633
21.4744473991702,1.0,4.0,293.72320337211823
18.25197372144036,2.0,5.0,287.257456220415
25.099977431032094,3.0,6.0,329.96846440425065
23.00086632856737,4.0,7.0,313.6447785855641
41.88691459541323,5.0,1.0,513.4133209592042
28.382537382199875,6.0,2.0,397.746760222772
22.95329712390688,7.0,3.0,381.7650118335473
19.719442154064566,8.0,4.0,308.2757487385863
15.598557947156076,9.0,5.0,271.3529141678159
19.873904571312835,10.0,6.0,334.61748464275905
25.57470885879566,11.0,7.0,382.3311599119661
32.136643257973844,12.0,1.0,522.9295212467314
30.608445711939595,13.0,2.0,461.8338978258708
26.1454741582319,14.0,3.0,429.1591085066664
23.384161671487576,15.0,4.0,415.7169924108622
26.34406178206077,16.0,5.0,446.9321751378647
22.40681001257712,17.0,6.0,395.73385175691885
33.59181997881938,18.0,7.0,501.6956500544737
24.0540490936246,19.0,1.0,473.0210616638311
24.568310708766365,20.0,2.0,437.6879015813783
13.92088787489666,21.0,3.0,326.375076660397
24.02282576738618,22.0,4.0,425.31127790798143
29.182420689824703,23.0,5.0,457.2881428441119
19.66138711480728,24.0,6.0,415.046186192816
21.246398327535932,1.0,7.0,249.5026153333428
28.96355508866832,2.0,1.0,396.5210940685848
17.616713882409734,3.0,2.0,281.06992613866964
30.289005037709597,4.0,3.0,458.6893542217249
22.33928054913449,5.0,4.0,299.7597809170724
23.057158897543985,6.0,5.0,327.5495232357527
19.38060797437203,7.0,6.0,308.0841505700873
26.890231302139416,8.0,7.0,383.9517262720108
37.2993599251469,9.0,1.0,504.0027074352682
28.90748619730316,10.0,2.0,431.4551037849882
20.67857369029732,11.0,3.0,327.5944823255784
30.67810292745738,12.0,4.0,461.9248868544726
23.416602270328752,13.0,5.0,337.736315861736
31.8724249071378,14.0,6.0,470.20886195383287
29.03338201082181,15.0,7.0,432.3266862229467
10.284292172641331,16.0,1.0,300.1686805815461
19.979601835224862,17.0,2.0,413.9022397649147
29.72192611417695,18.0,3.0,471.59821776676233
25.758286360725087,19.0,4.0,468.3973821900795
19.881220261460747,20.0,5.0,377.4898770019993
21.832052422530936,21.0,6.0,385.9979937627275
15.468816899553095,22.0,7.0,378.60624163924336
24.55813356236802,23.0,1.0,467.9968645183603
36.05344863007882,24.0,2.0,574.6232567529845
29.02466695366163,1.0,3.0,399.99021903858926
35.95208500594212,2.0,4.0,463.00515076202447
29.4119854489499,3.0,5.0,392.7354663306687
30.137396716763455,4.0,6.0,376.8452706214746
34.87039343872512,5.0,7.0,447.2931996440258
26.886316296711133,6.0,1.0,408.3282714362808
24.0638633924656,7.0,2.0,367.1832054109198
30.163287583110066,8.0,3.0,450.6793910537083
32.269201185609425,9.0,4.0,463.36511233343
22.600176786438954,10.0,5.0,343.4390415026814
21.392154588299853,11.0,6.0,324.5381067263561
25.6942801621544,12.0,7.0,392.7992316229406
29.15749433465831,13.0,1.0,443.0903743844913
28.990455243307807,14.0,2.0,460.63098862551175
17.879161999062006,15.0,3.0,330.4288668153655
34.55803033531661,16.0,4.0,501.2724568380685
21.79417535301575,17.0,5.0,409.0031478820557
23.674675015557103,18.0,6.0,411.710809528129
20.486728200060902,19.0,7.0,364.81274069206313
38.49164417968544,20.0,1.0,582.2692779715547
26.210353351439835,21.0,2.0,488.681758374432
20.745124596592177,22.0,3.0,414.3269797314162
29.31961774981223,23.0,4.0,508.0551936866249
28.845678896550165,24.0,5.0,478.4120982349528
24.06136488210058,1.0,6.0,348.1420363636978
29.20303356391692,2.0,7.0,427.3923808484452
20.87354019584568,3.0,1.0,304.90604910819974
22.535408625253737,4.0,2.0,315.7162067650976
14.948916727169683,5.0,3.0,269.0000121483998
18.380244578902182,6.0,4.0,319.31254678591006
34.03815402835343,7.0,5.0,458.5537468425291
33.20714313861157,8.0,6.0,433.00730346526245
25.32894324324481,9.0,7.0,375.1177491968403
33.314657235949184,10.0,1.0,492.108417815041
24.19962756695848,11.0,2.0,382.8556391306636
23.78294848716046,12.0,3.0,400.974585226703
25.282553242327783,13.0,4.0,429.119748128076
24.37539202338217,14.0,5.0,403.5585327492307
23.924018382199097,15.0,6.0,395.6812283964251
30.71699053574776,16.0,7.0,482.75678386200326
25.750678269781016,17.0,1.0,422.3847661490655
28.562408822169026,18.0,2.0,450.52989154783177
30.156902626386653,19.0,3.0,482.2375805652868
26.940928978273668,20.0,4.0,447.57170068644734
20.148643370458807,21.0,5.0,375.41959419877855
18.235670555179805,22.0,6.0,410.9660750517736
25.743903174036525,23.0,7.0,494.8788959302511
24.14371847587533,24.0,1.0,451.3630839136416
25.43695714460061,1.0,2.0,355.2039504409734
24.91972980375707,2.0,3.0,346.4404416362949
37.91786830083284,3.0,4.0,504.32866781069146
18.34886872179331,4.0,5.0,314.601598454734
15.050268650894376,5.0,6.0,221.9574105351508
26.66188416759805,6.0,7.0,385.139057677293
23.117887227059025,7.0,1.0,337.04244544736724
26.580339348649755,8.0,2.0,434.9688366440031
27.919415111420005,9.0,3.0,423.999111718408
31.420523475894488,10.0,4.0,435.7382439916921
17.46387089808031,11.0,5.0,309.812281222046
22.216410510714184,12.0,6.0,358.3845599418187
27.14380629440382,13.0,7.0,425.9403218017545
28.852317978436133,14.0,1.0,476.3614318679109
35.96724775144193,15.0,2.0,505.7083316749852
29.778519855569336,16.0,3.0,505.5602885739356
24.716057020568613,17.0,4.0,452.27437236210295
20.54782123528669,18.0,5.0,362.971741001046
22.178550736404905,19.0,6.0,400.2415432512952
22.036485885214468,20.0,7.0,433.581029734431
28.276168142568803,21.0,1.0,509.4200531592377
26.284987227929157,22.0,2.0,460.1150116783336
18.381752145789108,23.0,3.0,406.1043177492485
22.820492654547834,24.0,4.0,496.1488923798611
29.387737767257104,1.0,5.0,385.9805773095953
26.758311774870293,2.0,6.0,346.93015271990254
27.84322308006385,3.0,7.0,375.88062784246654
26.914608550286317,4.0,1.0,391.0771274128095
33.1321536730443,5.0,2.0,439.830801950441
26.18021531912185,6.0,3.0,391.63465454750286
23.06988601064651,7.0,4.0,328.61083891191504
20.4212247943322,8.0,5.0,315.9015706031484
26.24804729104856,9.0,6.0,404.6453684335815
12.79647992612458,10.0,7.0,221.8673822304008
24.07855499083644,11.0,1.0,410.8489017482599
23.97080070039328,12.0,2.0,353.4683796898188
18.1776457319136,13.0,3.0,303.14996574160966
20.35867080672002,14.0,4.0,351.6071332060825
29.048287650741205,15.0,5.0,456.2201533637991
26.153558745374813,16.0,6.0,450.0408595162959
25.50894166853664,17.0,7.0,420.2418719485583
26.531737669660117,18.0,1.0,447.3863045450813
25.463137939744616,19.0,2.0,455.2230043571423
31.21431281429157,20.0,3.0,485.7251517335571
25.617145908518243,21.0,4.0,451.9597622721106
17.708934430906247,22.0,5.0,348.10041914995526
33.15064982437205,23.0,6.0,530.1583085812288
26.85170133664423,24.0,7.0,464.9202868494543
22.053731346024662,1.0,1.0,306.4519550312583
18.732991408524907,2.0,2.0,294.63072681600386
26.979571104790228,3.0,3.0,378.9667041110951
24.414139975128123,4.0,4.0,375.65047999806393
32.87073393016205,5.0,5.0,406.5946712403647
23.27046359666586,6.0,6.0,343.18365781271774
20.813096051587664,7.0,7.0,306.92571252180704
29.47898109117964,8.0,1.0,449.18505207532223
29.62640946358416,9.0,2.0,450.3423359396842
25.843256838050976,10.0,3.0,409.5901652818822
28.38178523837454,11.0,4.0,412.7411872223561
24.81156439628881,12.0,5.0,410.82505562169007
26.169325505046235,13.0,6.0,378.0906364755957
30.82495441281961,14.0,7.0,422.5433300563407
28.12659167010752,15.0,1.0,427.7484967030367
24.153627808336875,16.0,2.0,414.86678187683066
31.761812729630755,17.0,3.0,507.1214153160734
13.17572313604244,18.0,4.0,250.2365818802339
35.26036655710968,19.0,5.0,559.0585222086926
16.470204525546322,20.0,6.0,349.3242891790319
21.86453587613852,21.0,7.0,371.2899118095897
24.795412324024653,22.0,1.0,456.97306264603816
24.267596646359195,23.0,2.0,473.5264747571604
30.03205520013277,24.0,3.0,523.3093723074529
19.71081690694883,1.0,4.0,312.0896303205676
26.30383408741532,2.0,5.0,330.7134082862109
22.10893950890123,3.0,6.0,309.80929038624424
26.475704896687084,4.0,7.0,345.2632043564002
24.67613870101062,5.0,1.0,403.1129911109925
25.46467826341489,6.0,2.0,391.4340395038815
22.25037583767827,7.0,3.0,405.4439501559355
22.449680249519588,8.0,4.0,343.14461182685136
26.43636257013713,9.0,5.0,379.87014146772526
29.718577528780223,10.0,6.0,426.3292425158992
22.00860332901076,11.0,7.0,381.6531777185586
20.65616227713545,12.0,1.0,356.2392289838476
28.067300828359187,13.0,2.0,442.1617602417308
24.837480534711556,14.0,3.0,411.3086194048519
29.15249066992976,15.0,4.0,455.3148419233414
20.471013933144263,16.0,5.0,356.66217012219306
16.102805372882848,17.0,6.0,325.2822323706212
22.33497959086833,18.0,7.0,388.7477438816561
21.16823695367492,19.0,1.0,403.53107634325625
24.6060579995985,20.0,2.0,458.9309163590392
21.815773928648053,21.0,3.0,449.3702999789704
28.705084756682247,22.0,4.0,468.24215231342833
23.55924868788742,23.0,5.0,427.7526143831199
25.752372493869505,24.0,6.0,443.02348697057135
25.78817279220472,1.0,7.0,345.6237586664926
25.974775462060936,2.0,1.0,355.9807654703898
24.87935444772513,3.0,2.0,362.5894811520911
27.553003452051566,4.0,3.0,408.60257272941135
21.021724330870963,5.0,4.0,272.70060959261747
31.99708963326941,6.0,5.0,444.806494124708
23.817313083157323,7.0,6.0,345.96938985361567
18.44225431050659,8.0,7.0,312.6309884647537
25.940366784958865,9.0,1.0,383.47427909458463
20.74409758776257,10.0,2.0,375.36619564376326
28.326672672544376,11.0,3.0,447.5323390862494
36.04802788021189,12.0,4.0,519.8473217729717
21.06713954221075,13.0,5.0,376.5359097783095
26.661861666119925,14.0,6.0,403.7062073177558
16.22247205647686,15.0,7.0,303.83224547098285
27.269526147206737,16.0,1.0,464.74398548841697
20.57143100100155,17.0,2.0,369.3597271546432
21.875826907827587,18.0,3.0,428.6709700114376
19.49356755080086,19.0,4.0,371.463854082388
28.66075613027368,20.0,5.0,481.6454490999492
30.03652178736631,21.0,6.0,529.350208258765
25.11692607329254,22.0,7.0,426.0447936515639
20.6778664733214,23.0,1.0,420.1538997501096
32.947615180519314,24.0,2.0,564.5598150979392
21.24794936122672,1.0,3.0,327.50504138979784
14.189838500362804,2.0,4.0,233.34207879884087
27.29194504978534,3.0,5.0,362.5848417474163
19.476126631792415,4.0,6.0,292.0985476670232
29.943043967495875,5.0,7.0,432.387594997986
23.094311516632903,6.0,1.0,352.3609980391301
28.01856620272098,7.0,2.0,410.7479758768791
32.00750173276079,8.0,3.0,442.5392879091393
18.95570567689639,9.0,4.0,336.66802806488363
22.17031434553797,10.0,5.0,359.81364420705285
24.621644636714684,11.0,6.0,363.14777015198223
32.68775659517172,12.0,7.0,446.5010836710173
21.70808641029777,13.0,1.0,339.1087527718676
22.027481520254963,14.0,2.0,367.6483870200373
27.39070287777904,15.0,3.0,455.78594485043385
22.113856371447145,16.0,4.0,415.6137744747168
25.76262941448808,17.0,5.0,441.3374614092245
17.242312895159365,18.0,6.0,355.5157729644073
36.071649712782985,19.0,7.0,532.1859761372568
18.261453848452984,20.0,1.0,395.1128295828096
23.39123648004896,21.0,2.0,438.6379292621273
24.837594820789526,22.0,3.0,485.46492764763775
34.56344067178398,23.0,4.0,546.6655004343048
18.375771095336297,24.0,5.0,415.6178726280856
34.91852067739376,1.0,6.0,453.6674884102948
28.785884105510117,2.0,7.0,391.56770677918433
27.085476622116232,3.0,1.0,342.6249397119259
20.076831564910226,4.0,2.0,333.3521068800564
27.85570621019037,5.0,3.0,392.0069025237206
21.382566887901,6.0,4.0,322.94713899031217
31.33330626599206,7.0,5.0,403.6748018363624
20.144689854461333,8.0,6.0,323.33515586524965
24.43420752771958,9.0,7.0,369.0131072135607
22.22363455993414,10.0,1.0,343.1763071630453
20.062385187865026,11.0,2.0,320.15824842077643
28.70659908453957,12.0,3.0,447.798380447958
27.677293737048167,13.0,4.0,447.2070399917092
31.045050994504987,14.0,5.0,469.2561681434983
16.100624458959164,15.0,6.0,341.0229375832789
30.32085351170522,16.0,7.0,460.4808354300222
37.52724452678447,17.0,1.0,556.1854197798406
22.741794554115263,18.0,2.0,393.07738496633687
34.47574306054485,19.0,3.0,499.5525910543741
23.684193639700865,20.0,4.0,461.9351790742004
18.137951312193465,21.0,5.0,394.0054941269296
23.471837787966024,22.0,6.0,398.86812653689066
30.24101983837638,23.0,7.0,499.5252365403894
20.809117588342342,24.0,1.0,423.0902496613501
21.998306704967565,1.0,2.0,313.5032175864148
27.967697161465956,2.0,3.0,372.4966146583607
25.015300583692863,3.0,4.0,360.7783887762882
27.923114762433705,4.0,5.0,400.5946581337665
26.18914770379168,5.0,6.0,376.9393004184809
27.398126597757862,6.0,7.0,380.5708984899948
22.838494070952294,7.0,1.0,357.24040637170054
26.158654710151964,8.0,2.0,414.32283343997295
20.36313497152033,9.0,3.0,348.9002484775246
31.442168112516946,10.0,4.0,453.8754703858781
21.828626415913437,11.0,5.0,357.5682382071322
30.64423743774695,12.0,6.0,455.34778456971526
23.831965195085672,13.0,7.0,372.9526781796677
26.009995053786607,14.0,1.0,443.5307268840303
22.525177245546494,15.0,2.0,372.73460121870767
19.920022844159853,16.0,3.0,361.9710982462689
16.276198061973492,17.0,4.0,347.9841025286554
19.723379207037706,18.0,5.0,349.57613580329155
23.380455733920392,19.0,6.0,379.3443864862139
26.05939589414442,20.0,7.0,440.855512450029
30.05189656641632,21.0,1.0,468.58980257523376
22.77121270101576,22.0,2.0,405.7360559291204
20.59019617866413,23.0,3.0,427.03384415677
17.786426069986437,24.0,4.0,381.76855554774966
27.40031808952052,1.0,5.0,389.71291988938486
31.91597257664672,2.0,6.0,387.06343894771805
31.331651339781445,3.0,7.0,405.4374660851688
28.549663740736182,4.0,1.0,410.488328471517
28.192716586337998,5.0,2.0,377.5168672608018
33.4881188985467,6.0,3.0,476.5164270754595
26.660407307084053,7.0,4.0,399.8176507341613
28.230648380120854,8.0,5.0,375.1207420674599
23.396080690740003,9.0,6.0,360.20597098322804
18.189783145726214,10.0,7.0,318.61696618243474
21.58075549750212,11.0,1.0,356.00642150446004
24.954204807326725,12.0,2.0,373.944749963091
25.303926862506515,13.0,3.0,414.6084444140133
34.63142927427697,14.0,4.0,548.5391517484209
25.406385837955344,15.0,5.0,406.3241763963997
30.89421722012822,16.0,6.0,502.3269958269764
22.82461379211842,17.0,7.0,377.2003614859548
23.44162057117383,18.0,1.0,425.7271184119373
18.35496181388276,19.0,2.0,387.98006875635
21.28835993561714,20.0,3.0,403.7153260367441
27.634906956818767,21.0,4.0,463.3943565905631
25.037800901970662,22.0,5.0,459.90055944671417
29.71469309948617,23.0,6.0,531.9760333002461
25.90626974172525,24.0,7.0,464.0744359100351
23.23773134181129,1.0,1.0,324.05610988750595
35.741484318934795,2.0,2.0,457.6198120441543
24.530482156434765,3.0,3.0,401.6989744772552
30.81500484852652,4.0,4.0,418.8481908120277
22.99395396727661,5.0,5.0,328.05126570120666
28.547997396917832,6.0,6.0,374.5786156395275
29.640078295758435,7.0,7.0,373.8827610753322
26.042459852877904,8.0,1.0,404.6962840057028
13.227585386516989,9.0,2.0,284.36869372165995
25.09126230428057,10.0,3.0,383.9786994435015
31.15230023879988,11.0,4.0,454.2235940273797
27.63740416513865,12.0,5.0,397.96480746561406
27.229194376146232,13.0,6.0,421.9505130580124
16.388715330212406,14.0,7.0,322.5170597134665
21.397724646624702,15.0,1.0,375.2739611228943
27.0567881557572,16.0,2.0,478.3769349492888
27.05191638393446,17.0,3.0,429.7770373044064
31.07333390066451,18.0,4.0,494.4028710870248
24.27566622426953,19.0,5.0,439.7230066367874
27.029120433369076,20.0,6.0,450.7454143307031
25.08187120965647,21.0,7.0,431.04917571867486
20.065286317492216,22.0,1.0,379.07554016592894
13.721043344526262,23.0,2.0,373.35726335958833
27.155048460650384,24.0,3.0,479.1526205731519
25.86973604206405,1.0,4.0,362.44466891933706
21.90912478949916,2.0,5.0,327.5456576521944
16.904134717420675,3.0,6.0,253.4753773338517
28.14869757204369,4.0,7.0,376.5364036346126
23.67039962902224,5.0,1.0,385.3936433050925
27.784373611840728,6.0,2.0,379.4997828035984
34.320242652058795,7.0,3.0,511.76078801573306
14.292845598401476,8.0,4.0,256.0310002784893
21.50199595648818,9.0,5.0,321.4296104320716
23.953121933440435,10.0,6.0,374.1773997481751
32.27413087073325,11.0,7.0,500.9082739941299
16.817984903967577,12.0,1.0,286.9605303278317
34.67930512840302,13.0,2.0,502.9727369142364
25.679279507831453,14.0,3.0,427.3180954234456
24.519996691330707,15.0,4.0,408.8729660840177
24.009701183905467,16.0,5.0,412.7354452391148
22.818684839099856,17.0,6.0,380.826186747553
30.24058379634577,18.0,7.0,459.4114010448301
19.657396229587807,19.0,1.0,385.60550935269407
26.727070908219268,20.0,2.0,438.6729473241377
23.07909167146512,21.0,3.0,425.8971886858474
21.18933275742951,22.0,4.0,402.118421700865
37.92987587841948,23.0,5.0,569.8978550810974
27.0952536737673,24.0,6.0,479.36266498964574
28.06632772330572,1.0,7.0,328.25008736907114
30.68888390334331,2.0,1.0,409.30703696577
17.893250273407265,3.0,2.0,334.2795780463698
33.76145954561016,4.0,3.0,426.8924017295891
12.455214107524622,5.0,4.0,263.2621510049345
21.1561679498074,6.0,5.0,327.654801916328
22.7048416341055,7.0,6.0,331.9892601634266
27.90861682485253,8.0,7.0,371.67333505792914
26.09359133070744,9.0,1.0,405.7295526127791
24.165926296508037,10.0,2.0,414.7272050813738
24.940013276861382,11.0,3.0,387.61590986467854
20.10988488238716,12.0,4.0,347.47962032913614
17.513838027579133,13.0,5.0,345.345797279598
28.6325581116803,14.0,6.0,445.14299694372863
28.468530562680925,15.0,7.0,407.2397900323177
32.92247187578529,16.0,1.0,508.2024630749565
21.04991451592396,17.0,2.0,419.7438433725515
28.464076051504613,18.0,3.0,464.90193678569614
23.581466358176343,19.0,4.0,363.9848749922159
30.95237492596741,20.0,5.0,502.2880490914956
30.109813883390707,21.0,6.0,484.1290100430263
26.056046996122284,22.0,7.0,412.9785816827985
23.302349216670063,23.0,1.0,411.4393303656249
29.80466089304131,24.0,2.0,531.5487517961892
28.234522616282828,1.0,3.0,363.6975712509266
21.57779798956909,2.0,4.0,295.6280522809711
18.361006632602844,3.0,5.0,282.8972951073951
23.55733549659102,4.0,6.0,324.68929499951145
32.57706907674105,5.0,7.0,431.77166332296537
30.73243579366519,6.0,1.0,430.2699573479185
19.438362651647097,7.0,2.0,299.3837149145981
19.1612129205004,8.0,3.0,312.3881732337763
31.373419248397436,9.0,4.0,455.5892589101564
19.321820476210853,10.0,5.0,329.05656556688103
27.54647661821004,11.0,6.0,410.8259165342637
21.919643923318382,12.0,7.0,396.9441240567715
33.085224622608415,13.0,1.0,507.4729967337949
21.147876004310607,14.0,2.0,392.5275853395329
30.716807651029143,15.0,3.0,469.84870835439295
25.924293270301824,16.0,4.0,431.64583651004375
26.260974271171435,17.0,5.0,423.9877429212005
15.148457093242996,18.0,6.0,339.0355662429125
13.985433233971406,19.0,7.0,311.6463342577332
23.89717029866343,20.0,1.0,440.41925796524544
26.23453031708306,21.0,2.0,464.557529213934
19.374010861311383,22.0,3.0,394.3767709850047
19.55653294761829,23.0,4.0,457.3290908192983
27.807363149130666,24.0,5.0,469.74124594141216
27.814272402285653,1.0,6.0,351.6284934196827
24.311294698060365,2.0,7.0,345.9948819168388
28.90100860593037,3.0,1.0,389.1067060778002
19.12898852139927,4.0,2.0,299.4617579870148
23.220325414565146,5.0,3.0,326.47503507853907
33.23938802891837,6.0,4.0,460.2250386772354
25.34161064969909,7.0,5.0,383.5012513866739
25.631562572935,8.0,6.0,372.0117845308811
36.5297329298387,9.0,7.0,503.5936630679885
18.003289170756148,10.0,1.0,289.8703914328896
28.98215183321055,11.0,2.0,424.6844503018186
33.3199313990405,12.0,3.0,480.7997302661864
23.37571036750727,13.0,4.0,363.31145373701366
29.298153934274232,14.0,5.0,413.0072785943679
20.089902513945475,15.0,6.0,351.7411058386858
21.566338022163244,16.0,7.0,388.5437819628473
26.92483208023817,17.0,1.0,476.890488630912
28.99283336555295,18.0,2.0,462.9825759914221
30.60468256203123,19.0,3.0,506.7111423727442
32.848142934697464,20.0,4.0,529.212270108488
24.66276720722409,21.0,5.0,460.9998355589309
30.96805877586294,22.0,6.0,494.6767671515493
23.28847578275425,23.0,7.0,390.91474792384906
29.51045655794134,24.0,1.0,513.5082826278682
26.037443989260908,1.0,2.0,339.0985650732146
27.22838953540962,2.0,3.0,358.81379317285604
27.117539370110187,3.0,4.0,368.1510108200382
16.97647495101094,4.0,5.0,267.9861968831265
19.37939070569613,5.0,6.0,303.6250923948772
25.51270719908761,6.0,7.0,378.19019831926846
16.563604601794157,7.0,1.0,290.2813343524222
29.15605551599878,8.0,2.0,433.4745052921479
29.35777983144071,9.0,3.0,429.8741185130172
26.63585276438895,10.0,4.0,423.0684155614584
19.39432993621039,11.0,5.0,330.1714623399776
31.900694694342576,12.0,6.0,459.4284134279346
35.18605319859179,13.0,7.0,488.3725230259399
25.735384137229868,14.0,1.0,421.1088705731288
27.55267689225618,15.0,2.0,428.85700635564433
26.00869327398022,16.0,3.0,413.4349870169319
27.651845944994,17.0,4.0,465.0337671555945
24.40220621686802,18.0,5.0,397.3580285049882
24.827178800780985,19.0,6.0,418.8894262138518
29.528588002486828,20.0,7.0,494.5927357502882
36.728120809482206,21.0,1.0,562.2271921947499
17.999643827991306,22.0,2.0,400.5712473536245
24.480937577985166,23.0,3.0,438.9884613653148
19.09769757383959,24.0,4.0,377.953703611392
32.96012449288042,1.0,5.0,387.70472783078776
22.06131015340051,2.0,6.0,338.8675829194583
17.78399603107103,3.0,7.0,249.102536678022
28.190934994242863,4.0,1.0,413.8530817449305
33.721555573715555,5.0,2.0,436.216615201288
28.317989342803813,6.0,3.0,430.5275717868345
26.023989386409585,7.0,4.0,427.3755483563978
27.04570461387997,8.0,5.0,361.726444944993
32.07420331412777,9.0,6.0,426.04690445810144
20.629003649929253,10.0,7.0,350.752673775357
24.44076447956844,11.0,1.0,406.6685032630007
22.73654925745233,12.0,2.0,396.9039296697272
19.16067346354145,13.0,3.0,336.131623627327
23.35812370291599,14.0,4.0,431.3319202496272
30.53860547991224,15.0,5.0,467.7470441329179
27.833010741963623,16.0,6.0,415.99085588276586
28.221552500541,17.0,7.0,441.1525550045511
25.73237805826659,18.0,1.0,420.2524426580893
27.61661891364294,19.0,2.0,496.9850163075115
20.99704828825947,20.0,3.0,387.7638576265924
23.45245057036385,21.0,4.0,437.37417539853095
25.960021184843384,22.0,5.0,445.18674894879024
26.38757929440945,23.0,6.0,448.56804674884427
26.600939274609367,24.0,7.0,426.8043091204727
24.30832358991811,1.0,1.0,357.04672795899245
23.11288299434835,2.0,2.0,361.1124549960672
40.78885641522149,3.0,3.0,495.5692125249119
29.533936364661997,4.0,4.0,372.4347813466465
27.065737379763117,5.0,5.0,396.7236946523877
23.83395750896803,6.0,6.0,317.4147481075553
22.743905865280617,7.0,7.0,365.8297173717714
24.345997031365226,8.0,1.0,362.3720678545598
26.464144217933416,9.0,2.0,381.5755873228416
15.597822279684593,10.0,3.0,301.9474712194717
17.15305202312658,11.0,4.0,293.76773453103704
21.815588055305213,12.0,5.0,349.013658927188
26.035697183892843,13.0,6.0,414.43661049234856
23.803634264240745,14.0,7.0,338.4540958990745
32.39060613049742,15.0,1.0,528.7544462235406
17.588016065021158,16.0,2.0,350.7529632995263
21.243272651983148,17.0,3.0,362.5734062717609
32.60045870495551,18.0,4.0,483.6596796638182
25.655596623375736,19.0,5.0,456.3888937989734
29.424212914005796,20.0,6.0,488.26318784154
35.256234716347315,21.0,7.0,564.2979603091773
21.530977910490886,22.0,1.0,408.6549222088242
24.50342831103984,23.0,2.0,459.96595985341446
23.637865495345643,24.0,3.0,455.91001318913
15.227034977583624,1.0,4.0,259.17569978088096
23.44801598122016,2.0,5.0,352.025782280843
29.405310936903327,3.0,6.0,376.7078312521463
27.70294770906121,4.0,7.0,373.7460717354025
28.09541584694005,5.0,1.0,390.7511635577976
23.122455096802504,6.0,2.0,354.1723135008976
21.719513819971795,7.0,3.0,357.1637938409774
31.346278359493105,8.0,4.0,408.382073589717
22.51341426821165,9.0,5.0,377.32157407130217
26.47041019396607,10.0,6.0,373.9204594543857
25.816673403387693,11.0,7.0,386.0193276399323
32.30858508128559,12.0,1.0,504.9646893121785
29.8570617883618,13.0,2.0,464.1308122432861
18.5237068966644,14.0,3.0,353.0276679319172
19.0622341661248,15.0,4.0,330.0098207553458
27.89454909034567,16.0,5.0,423.0637721869799
24.67831176310417,17.0,6.0,432.6082455644201
22.72414108023118,18.0,7.0,384.458539892624
30.078139419972352,19.0,1.0,482.88315673372654
25.937296910444555,20.0,2.0,472.6519941255398
25.26228693444722,21.0,3.0,427.62459843708166
28.89914320377525,22.0,4.0,492.3761346954776
23.124455025282177,23.0,5.0,432.1026967761756
32.84259492736277,24.0,6.0,530.3722347563628
21.05976188383496,1.0,7.0,284.22890620079954
28.28464533171044,2.0,1.0,378.2493496878379
32.169164193299224,3.0,2.0,409.1243586570949
18.1135225536395,4.0,3.0,301.7885260572211
23.283324120737756,5.0,4.0,332.4702573770428
30.71103696442779,6.0,5.0,441.48526206762295
30.786222738655127,7.0,6.0,420.37112655473817
24.142521998058804,8.0,7.0,339.2562101921673
21.326644531615703,9.0,1.0,350.5101676731886
29.779679111653813,10.0,2.0,433.57964713380863
30.917745512908024,11.0,3.0,475.3595233636413
19.176683257438025,12.0,4.0,332.38682878934964
18.980431755168095,13.0,5.0,334.28010992767446
26.126283409918,14.0,6.0,441.4937682090287
28.146803167144466,15.0,7.0,445.6333781007117
23.504654573849727,16.0,1.0,445.3006660585672
28.396469099911748,17.0,2.0,488.1455910803956
21.44931696581309,18.0,3.0,377.7499178908738
14.426532004631325,19.0,4.0,347.0643371343154
22.88049463833702,20.0,5.0,444.311012224862
25.316160732565507,21.0,6.0,470.81786997212345
23.62080020051772,22.0,7.0,444.9699216767109
19.20698368170257,23.0,1.0,423.4202967152093
15.921755120605912,24.0,2.0,367.1643303325481
22.42955597816051,1.0,3.0,303.54791809461364
29.48827885824872,2.0,4.0,385.83844220453807
31.280987197068413,3.0,5.0,379.51409194202887
30.938566920692278,4.0,6.0,438.2415755153568
20.920452324257237,5.0,7.0,307.5386640542181
19.23146838184818,6.0,1.0,345.141298399781
27.48317307489948,7.0,2.0,379.2017392045627
28.175500057989627,8.0,3.0,434.40749899994046
27.000848026002487,9.0,4.0,393.1108670964384
14.929683628811183,10.0,5.0,258.6094481219283
20.665577075582668,11.0,6.0,376.1981317990218
24.851556048570107,12.0,7.0,409.6617938725165
27.436090973152137,13.0,1.0,440.59675813523705
28.836536813012437,14.0,2.0,453.0441258328236
25.7212676114102,15.0,3.0,432.0028764904844
26.65391903269118,16.0,4.0,438.43176188526
25.42432729180552,17.0,5.0,408.3977538346258
28.42809687109241,18.0,6.0,448.0399233152257
26.564328257454555,19.0,7.0,478.8576392153196
25.32868830023644,20.0,1.0,503.7300178549246
23.658156004313096,21.0,2.0,466.8349301477446
25.406457125212405,22.0,3.0,464.6290500553765
27.42295689419637,23.0,4.0,470.474588287925
26.337376944490305,24.0,5.0,452.4100515669638
26.904132091726268,1.0,6.0,341.39567270865865
31.713609306755927,2.0,7.0,395.07073989382405
26.325819613732936,3.0,1.0,418.2814769658448
21.755007397634213,4.0,2.0,367.6757199039941
29.418033929970846,5.0,3.0,425.1059070984164
18.16900831165541,6.0,4.0,280.4778195882976
19.592933096303565,7.0,5.0,333.7904494972564
26.679236323600342,8.0,6.0,384.0200226657913
27.581983338932893,9.0,7.0,356.7596446164465
18.774743882480024,10.0,1.0,340.48945157282543
23.08591259506625,11.0,2.0,363.0208651339814
21.969580838901702,12.0,3.0,354.53473980721634
22.56661838559201,13.0,4.0,373.65802398456
29.71798888136473,14.0,5.0,442.213429354799
28.532527317736264,15.0,6.0,441.6401367952825
24.904389100731464,16.0,7.0,406.39728000697056
22.27019036442536,17.0,1.0,367.18572178730096
18.251751648899297,18.0,2.0,396.9230762666497
32.10092469390975,19.0,3.0,487.3417124801239
27.960569501424597,20.0,4.0,448.5577273116365
21.466654479634297,21.0,5.0,398.09547976053705
28.597997488124456,22.0,6.0,475.8132779338586
24.64888189712687,23.0,7.0,469.6684153079055
23.564452475688284,24.0,1.0,458.0329937979809
27.17605764144801,1.0,2.0,382.0898860966708
21.292508750436376,2.0,3.0,319.41581125602943
23.28121740244945,3.0,4.0,340.44140567446993
25.607305320997728,4.0,5.0,367.2676432717175
22.502744035573933,5.0,6.0,293.3727575043605
28.34542605133762,6.0,7.0,387.4558908165856
34.3453325183913,7.0,1.0,498.69854739533616
21.228509336964287,8.0,2.0,425.1317135857766
16.674373518479776,9.0,3.0,278.65755653400754
14.991299162618692,10.0,4.0,296.374590832674
24.24765929252509,11.0,5.0,371.05566136776406
21.684177049369087,12.0,6.0,399.7948085716279
26.039302505335403,13.0,7.0,377.3173698375245
25.662988360130505,14.0,1.0,436.1286734076226
16.98391576692952,15.0,2.0,310.6949356792114
15.92558085259297,16.0,3.0,323.884475164713
26.47966620173048,17.0,4.0,437.1103954023086
25.677144173599785,18.0,5.0,453.16527537079
22.870910008167243,19.0,6.0,384.16576355850185
16.714282074338477,20.0,7.0,359.4104817203325
27.356956313824952,21.0,1.0,475.94511760600847
31.35949772711972,22.0,2.0,523.0508449969168
26.38991220109461,23.0,3.0,489.0657763046489
20.76263054717468,24.0,4.0,389.975171611641
25.22276082785576,1.0,5.0,358.43950774152944
18.16942959533157,2.0,6.0,262.3161988915273
30.289803569193964,3.0,7.0,418.81550479147614
25.409221672647693,4.0,1.0,377.7833694172345
16.15921544123384,5.0,2.0,276.4015867819973
23.496628197781583,6.0,3.0,344.16576259599947
27.316507551171156,7.0,4.0,412.6309753988181
23.334761895122387,8.0,5.0,383.5666526608424
23.62052139279913,9.0,6.0,352.5481831107876
18.87798896476364,10.0,7.0,295.1197583320085
27.83270493540828,11.0,1.0,444.2112702129873
21.757653999904317,12.0,2.0,342.60592115836914
14.217773114974836,13.0,3.0,272.06748239808894
23.143713146648032,14.0,4.0,368.1831259559223
29.905748577851767,15.0,5.0,450.7484761177427
23.065352767000263,16.0,6.0,365.92688988569375
33.6899249256176,17.0,7.0,462.1232510685445
27.144839742742587,18.0,1.0,435.7395135406834
26.69379081140183,19.0,2.0,468.7873970454706
24.358008670411955,20.0,3.0,409.1492052615842
24.658568961178545,21.0,4.0,432.78029605270206
23.68288182440248,22.0,5.0,470.762787491336
23.48865303958737,23.0,6.0,430.9030477953319
27.654335810335745,24.0,7.0,482.3939778979493
20.32084385104717,1.0,1.0,286.28763814544067
19.6205308563787,2.0,2.0,343.47480563778987
19.384024745623112,3.0,3.0,289.01435767346254
35.22827273838577,4.0,4.0,455.72063369482737
27.6517145083529,5.0,5.0,412.8583186428762
26.522461008400725,6.0,6.0,373.5899251869349
19.71242664853284,7.0,7.0,312.0820421388327
28.11671150337414,8.0,1.0,412.5333486179589
24.41714326773336,9.0,2.0,377.674785116189
26.07084470565875,10.0,3.0,409.1184872731493
20.11689842068222,11.0,4.0,355.2278479907843
25.801344287087883,12.0,5.0,390.1484742466275
22.880832308967584,13.0,6.0,360.4867139667372
21.171944214849063,14.0,7.0,348.5367203713394
28.670531679036245,15.0,1.0,430.6802365063671
17.311460957349986,16.0,2.0,315.30600440311395
27.823881321570752,17.0,3.0,460.1821561602057
28.42243066776498,18.0,4.0,480.99622274115205
20.6017816222438,19.0,5.0,403.4387220853424
20.898357694337665,20.0,6.0,343.3437514806435
23.884871593667988,21.0,7.0,417.9474141958146
26.410181052311103,22.0,1.0,449.0599714112598
24.235725040928877,23.0,2.0,454.2319991657059
27.1678123009594,24.0,3.0,474.3216526334063
33.814898262686995,1.0,4.0,442.9872207517617
22.46141615425143,2.0,5.0,319.2310997344875
16.4241001464829,3.0,6.0,223.3209635664712
29.129617915153265,4.0,7.0,370.95446169554185
33.41657287963765,5.0,1.0,456.2814310929096
26.963841815255623,6.0,2.0,395.440626737178
19.56125662323166,7.0,3.0,293.4990300782365
24.380538183823997,8.0,4.0,341.0761877673175
19.40738257894184,9.0,5.0,325.198732540882
28.21427746981474,10.0,6.0,386.0694285771368
18.243547986507828,11.0,7.0,283.06289133506255
23.499356065859,12.0,1.0,383.0907504059632
19.978310868530468,13.0,2.0,349.0141868585317
25.634123425674808,14.0,3.0,399.7732247099621
23.16829161431121,15.0,4.0,380.60817700861287
25.88381051625132,16.0,5.0,424.1148196269611
25.111752774831828,17.0,6.0,403.7142696747219
20.06670486137945,18.0,7.0,371.0809890470912
28.13438531764511,19.0,1.0,465.7344824541044
24.756171740784424,20.0,2.0,444.91472051557736
20.057354960670494,21.0,3.0,414.1376609154379
36.20463278102896,22.0,4.0,576.8312847181015
27.382150833585623,23.0,5.0,499.58571775717786
24.233697233003472,24.0,6.0,461.0999102679779
32.07602263350912,1.0,7.0,409.5313769659273
34.20907804693304,2.0,1.0,440.4221477165274
24.273252888430573,3.0,2.0,343.97731042798125
26.73698743217381,4.0,3.0,360.8143281930219
20.059985909985294,5.0,4.0,313.6904449208841
24.264036246159943,6.0,5.0,371.58811203583815
24.00468723120065,7.0,6.0,342.53352025434606
25.92413516810827,8.0,7.0,377.4969945078072
26.66380239318505,9.0,1.0,395.0907793574151
27.7991422441403,10.0,2.0,426.1785090451552
26.188213281499795,11.0,3.0,396.8944651359989
18.946286866854177,12.0,4.0,322.6726572426607
20.307664471294576,13.0,5.0,339.4773108143052
22.267961902681638,14.0,6.0,384.7461945037277
23.588797040383856,15.0,7.0,387.9529822972315
30.253871452360567,16.0,1.0,470.97027992360495
19.185305065735434,17.0,2.0,376.08114070829856
23.2129247591465,18.0,3.0,404.838923242112
29.76504749107025,19.0,4.0,503.18083278441657
23.50061262751694,20.0,5.0,400.5288032013043
27.30207824921412,21.0,6.0,456.2813522357955
24.30228978536048,22.0,7.0,403.9275934202648
26.28391628662361,23.0,1.0,467.9016750284343
23.857637280952297,24.0,2.0,418.9836628553904
28.33532736364177,1.0,3.0,394.27960408760026
17.274717962967824,2.0,4.0,286.07725496978986
23.183439958057274,3.0,5.0,347.51780305506225
26.48286338347154,4.0,6.0,367.4060834382048
27.66847624003097,5.0,7.0,363.0873543061078
32.46476311376914,6.0,1.0,435.6408184969724
23.04487666567212,7.0,2.0,390.0522077611316
32.397408809304366,8.0,3.0,483.6876301690396
21.704880866701647,9.0,4.0,352.49991180603195
31.643232057723218,10.0,5.0,441.11963989562565
29.08733563349186,11.0,6.0,455.24582478888885
20.432707101838886,12.0,7.0,329.4370077906927
26.53519618625911,13.0,1.0,431.9289460245093
24.743820822339043,14.0,2.0,438.4773543313596
28.127922968375003,15.0,3.0,430.5524596904575
23.88364205783345,16.0,4.0,423.4208922910768
23.463768871691343,17.0,5.0,415.0489046337908
31.845472913814252,18.0,6.0,489.66439829351134
24.50639552772164,19.0,7.0,399.195283294554
29.13211162095883,20.0,1.0,473.8323210075228
23.873242574779,21.0,2.0,443.5214472048032
33.33331629613762,22.0,3.0,505.8664270637484
21.60832685332253,23.0,4.0,421.6981457135904
21.92928234376408,24.0,5.0,435.11384311887406
32.62258590557951,1.0,6.0,432.9302625119772
22.77526804552373,2.0,7.0,288.7855389660329
33.00537153082196,3.0,1.0,468.37866125144507
29.459202897974063,4.0,2.0,442.4992988633394
24.226751467195832,5.0,3.0,366.47054602623024
15.933532639914208,6.0,4.0,256.5743547706489
24.90340847864082,7.0,5.0,362.47189901920336
25.508150267667123,8.0,6.0,376.1295577743011
30.836088666521864,9.0,7.0,437.7701568398298
32.94223588120056,10.0,1.0,476.86198986487767
21.57506410428126,11.0,2.0,370.37394390070494
29.005908819940917,12.0,3.0,439.2441530526267
28.827010780066747,13.0,4.0,446.5722496909123
30.367063512052223,14.0,5.0,449.460166697296
27.49344956067772,15.0,6.0,425.17076126712783
15.287511545191151,16.0,7.0,300.3546120423781
24.222887837361203,17.0,1.0,462.5740690636935
19.221462125415425,18.0,2.0,405.4926369776408
23.986971135409632,19.0,3.0,436.9755951543687
29.90002118066947,20.0,4.0,513.5063917520495
26.525754179374864,21.0,5.0,471.2267685733063
30.740454331987163,22.0,6.0,503.0299665101528
26.708769603567696,23.0,7.0,430.9762692152833
18.50837030165549,24.0,1.0,396.840424614052
12.395764967136326,1.0,2.0,216.25689183099624
25.74404380839795,2.0,3.0,335.7789346221364
23.930367668244173,3.0,4.0,312.5804311903094
20.115271303090587,4.0,5.0,316.0070999622464
16.49686375174311,5.0,6.0,278.45872396484737
21.326283932636453,6.0,7.0,298.9148997250123
24.02754257567612,7.0,1.0,357.3578556280374
28.32938911853195,8.0,2.0,440.51833664840274
25.9431554078399,9.0,3.0,377.8776238080678
33.04033623586365,10.0,4.0,471.8193404373126
19.82197971977303,11.0,5.0,334.4242312063706
29.40529446028717,12.0,6.0,446.1802140241129
25.23649371564364,13.0,7.0,379.24278410330777
28.473345620592923,14.0,1.0,453.53512575673136
22.817425683672283,15.0,2.0,400.5487083836404
30.358401869452948,16.0,3.0,479.1876348191139
26.476123791726213,17.0,4.0,439.3427150765144
21.60277507541125,18.0,5.0,397.9199371659947
24.93987985543406,19.0,6.0,470.2342051953568
23.802220705314504,20.0,7.0,468.2481625885672
27.445891753188967,21.0,1.0,463.6745947161552
19.101116253127454,22.0,2.0,348.6463029242246
24.853241489421528,23.0,3.0,466.4423209086547
26.97653626324665,24.0,4.0,481.49041183049184
25.165116535965165,1.0,5.0,362.8720025433233
31.73470622194498,2.0,6.0,415.04478021375616
28.87011387035526,3.0,7.0,383.873217494067
24.962596016296267,4.0,1.0,389.2040920805071
26.083445487488365,5.0,2.0,405.2100666431605
26.47832775741,6.0,3.0,358.05207639848004
27.01649802083412,7.0,4.0,376.8328564655495
15.87171002167696,8.0,5.0,281.60524103099607
23.492368521153264,9.0,6.0,363.89243769002434
17.577804659032868,10.0,7.0,300.25838252328373
31.39140473729743,11.0,1.0,474.598190930212
24.695752399985363,12.0,2.0,420.8796197861956
24.033295251601885,13.0,3.0,430.7871467304334
29.48398666016617,14.0,4.0,464.4181270771197
27.111623987249374,15.0,5.0,414.06956630343154
19.35682742810396,16.0,6.0,352.6207497770833
24.645473187363155,17.0,7.0,408.9476870484404
23.324165133868075,18.0,1.0,430.534456138304
16.27733555696973,19.0,2.0,359.53671623837613
21.548618833813972,20.0,3.0,447.49412136037
24.08229838991767,21.0,4.0,424.5927211940786
24.425245342540787,22.0,5.0,446.947464100744
17.588842881613456,23.0,6.0,419.9826567710164
30.758327915237377,24.0,7.0,494.8791412143017
24.489484705542804,1.0,1.0,349.79782097883515
25.18776538330281,2.0,2.0,336.98004381054784
27.003208191699184,3.0,3.0,377.6738199095405
21.059618730481645,4.0,4.0,302.99184434206364
27.28177986566348,5.0,5.0,403.75381672646176
23.164626769909084,6.0,6.0,346.5926448797188
20.51707229676404,7.0,7.0,300.46277776799457
27.867237466776995,8.0,1.0,432.4837286236034
32.45836929400904,9.0,2.0,467.1770137175221
28.62414686742916,10.0,3.0,446.2978442187607
29.614887825702155,11.0,4.0,416.1956256980666
22.396846967188505,12.0,5.0,376.3449579168583
17.011901354157718,13.0,6.0,332.5858474344713
32.45068761049921,14.0,7.0,465.03932630027737
35.2725744470238,15.0,1.0,499.5456899308749
32.71403386884841,16.0,2.0,500.3081887810762
23.32107030510125,17.0,3.0,433.7730089266311
19.226828306355777,18.0,4.0,392.7868896762389
19.671586510902166,19.0,5.0,368.1472964139101
16.581337161929756,20.0,6.0,322.1516628917687
24.46310690794977,21.0,7.0,420.0074746725063
33.02838979041228,22.0,1.0,527.9143448894846
24.291686840638786,23.0,2.0,460.84580407248336
26.511614501741374,24.0,3.0,474.0161149593313
31.877984821521043,1.0,4.0,396.7145639804676
22.979523440838,2.0,5.0,346.8804957535934
35.17765728359797,3.0,6.0,451.5850901848764
34.960472037487264,4.0,7.0,457.3130334294914
24.344443306597583,5.0,1.0,330.94472438335055
22.112328679903936,6.0,2.0,296.63798938509365
28.486190231951564,7.0,3.0,382.1109866906275
23.26237528740571,8.0,4.0,351.0128843619216
19.21722391466332,9.0,5.0,333.69935949890936
31.406193267614903,10.0,6.0,399.2169952680031
31.0822369363854,11.0,7.0,476.6794106512938
25.777558018817803,12.0,1.0,418.18690072358055
18.68567623135911,13.0,2.0,373.0626621725893
18.85236874391307,14.0,3.0,331.80428578964813
25.536146442095763,15.0,4.0,428.43866310440745
22.50064482747484,16.0,5.0,391.7103668741642
23.29453533929196,17.0,6.0,416.29907965401065
30.109815775300017,18.0,7.0,465.42233040100587
28.66589658711279,19.0,1.0,488.1232700512797
31.890713402488064,20.0,2.0,534.9510404003047
20.04688388311371,21.0,3.0,383.4453129533016
23.28404215656644,22.0,4.0,435.68530621545744
28.794908477300563,23.0,5.0,450.19184002855866
27.240391705064457,24.0,6.0,488.4539774319117
32.661901912938106,1.0,7.0,449.71226999863086
27.10268352952035,2.0,1.0,353.13811434022955
34.24054552052776,3.0,2.0,449.5778299967187
27.700089008615706,4.0,3.0,405.6105161044393
30.3108372379433,5.0,4.0,416.736721848764
23.382425266077718,6.0,5.0,352.1262436906416
25.071436059419945,7.0,6.0,359.89437176372667
29.554722019197374,8.0,7.0,405.9841751302155
33.06489085296527,9.0,1.0,470.9150254579452
28.646184746553764,10.0,2.0,431.2952759083248
24.584141140326903,11.0,3.0,368.2125861717228
31.88667514764171,12.0,4.0,465.5463117574965
14.040106718600596,13.0,5.0,321.77174596019245
17.88882749246563,14.0,6.0,322.5055990528782
28.408171118341944,15.0,7.0,413.33661152592686
25.070541781265625,16.0,1.0,424.6770964529277
28.027568255620828,17.0,2.0,444.9834263137224
25.32203761215971,18.0,3.0,407.4535396151583
27.854728473019364,19.0,4.0,464.330653964846
20.92798589503405,20.0,5.0,380.07421820731895
27.852430430398453,21.0,6.0,453.03002096691904
29.97207264103792,22.0,7.0,491.789274018087
31.102753019656163,23.0,1.0,492.364038289315
35.067771473243496,24.0,2.0,529.8463217274125
26.22049221751193,1.0,3.0,371.622366065158
26.36955543423589,2.0,4.0,323.0788823278773
17.38413767913076,3.0,5.0,254.3078228851605
22.34294299430788,4.0,6.0,289.43263923531
24.034589629966938,5.0,7.0,334.6231669626927
30.25159776138177,6.0,1.0,438.07715256684105
21.94499437955185,7.0,2.0,350.6967027701661
28.981700098744163,8.0,3.0,468.65446877658735
24.9918914151831,9.0,4.0,404.657226507611
24.11415942442619,10.0,5.0,357.5184372411299
26.24446984566628,11.0,6.0,375.5035983601346
23.044218138735783,12.0,7.0,423.5759402068679
22.854813759536672,13.0,1.0,411.799577710034
16.476070471049425,14.0,2.0,340.54809685588566
23.760228963360557,15.0,3.0,405.0993258779179
22.60015926925637,16.0,4.0,399.4720240420641
22.4200950532546,17.0,5.0,364.5594850228975
27.0843653129502,18.0,6.0,445.98443653343736
28.29315976395255,19.0,7.0,458.35622558870574
26.16097252321164,20.0,1.0,440.5269483700868
29.97707595224737,21.0,2.0,488.0002304511041
27.877809629151827,22.0,3.0,510.0816241603894
23.52471905097179,23.0,4.0,435.7436921038207
22.6857185714281,24.0,5.0,473.2806117649432
26.564111183834232,1.0,6.0,317.8275231085947
27.868835549509505,2.0,7.0,357.24575177058006
31.98922153515749,3.0,1.0,400.9466443266365
30.95586522470048,4.0,2.0,399.37020316916806
22.29263496746416,5.0,3.0,322.3622355614556
24.48996859936369,6.0,4.0,369.20587852904873
28.35508902458885,7.0,5.0,408.8874136674962
30.339988890294865,8.0,6.0,411.8140825103965
29.69484734352396,9.0,7.0,376.392482288508
24.680610835843268,10.0,1.0,423.3599658190757
18.729886737857417,11.0,2.0,330.58357305784705
20.005318118772045,12.0,3.0,328.72737778169767
26.36316757159707,13.0,4.0,422.13029133737246
26.711127897121727,14.0,5.0,426.2001823816808
19.50660313282808,15.0,6.0,345.6125020282814
25.22284805444636,16.0,7.0,414.1991008572937
28.156121784858914,17.0,1.0,440.4606210404288
19.24386671246428,18.0,2.0,391.6369239881725
30.524986009022072,19.0,3.0,471.3125181950833
23.112344257200878,20.0,4.0,407.0120494659401
31.28806556288325,21.0,5.0,515.856691951864
22.3327377711205,22.0,6.0,439.4065570114096
19.866872585579102,23.0,7.0,424.3842172167178
22.709315050791403,24.0,1.0,465.2091152772455
24.5242593846134,1.0,2.0,337.7611501700984
23.0576004661426,2.0,3.0,300.7553432794167
23.919992892134434,3.0,4.0,370.3010406334022
26.66982574838095,4.0,5.0,399.112177261909
24.144103151018,5.0,6.0,335.0015084431101
24.669438030239967,6.0,7.0,374.1181610588909
16.45386800398702,7.0,1.0,289.8951241612554
26.958490080052364,8.0,2.0,433.6104384707583
24.55398351154166,9.0,3.0,371.242541867341
33.05146490241435,10.0,4.0,508.0876747751136
20.302174163730207,11.0,5.0,358.74415258926695
15.958523357502427,12.0,6.0,337.53613046874403
28.09034246965021,13.0,7.0,415.6274793035045
26.732635091565,14.0,1.0,442.4269430045338
19.95783489734427,15.0,2.0,349.1927650065554
17.351255224979543,16.0,3.0,361.3923372921794
32.68698365342145,17.0,4.0,517.850667190957
32.070551953033906,18.0,5.0,543.6459978943628
12.562716206469354,19.0,6.0,312.26795800908656
22.708884853717496,20.0,7.0,420.5707325872969
33.320960273919496,21.0,1.0,525.7929952091192
22.619687211110666,22.0,2.0,441.0244595638114
22.546938829866736,23.0,3.0,423.87156412491566
23.58620336185316,24.0,4.0,446.1792487953716
19.395515131159204,1.0,5.0,287.4454645425079
16.47612127885978,2.0,6.0,249.7151153216144
30.262736553673744,3.0,7.0,397.8862674675773
15.785315468761622,4.0,1.0,267.3472512933478
26.23635726054378,5.0,2.0,373.768950104761
29.432897463788247,6.0,3.0,436.862267667928
17.74386850549421,7.0,4.0,303.94695789147033
20.37865798702464,8.0,5.0,335.727905314252
31.065895941957947,9.0,6.0,408.5128640398688
27.6644586011352,10.0,7.0,414.11375264795976
21.913571465605564,11.0,1.0,381.7441839355604
31.01124501680585,12.0,2.0,456.1456777142835
31.03267861727151,13.0,3.0,508.02737969792895
26.34526346507853,14.0,4.0,375.668089367104
20.499198860631687,15.0,5.0,380.6793313217278
22.932756482641025,16.0,6.0,405.5836609255075
26.43193371977695,17.0,7.0,439.15099583775776
24.05702585426256,18.0,1.0,431.094512655398
29.694785891174256,19.0,2.0,496.9614453642433
17.35112959945332,20.0,3.0,381.874805585651
17.528682354668806,21.0,4.0,353.7690718700482
25.904355557412163,22.0,5.0,460.0274680177234
22.54227793096548,23.0,6.0,418.75644246918864
21.86475692651129,24.0,7.0,395.77220126060274
16.159716404128012,1.0,1.0,277.9405635335459
25.09772922399091,2.0,2.0,343.6900837462284
24.736224459996173,3.0,3.0,323.4050711043724
28.267394909758703,4.0,4.0,379.891735883554
25.34453066560486,5.0,5.0,347.467328694186
24.33697960879752,6.0,6.0,375.93937627177735
30.885003183951685,7.0,7.0,425.9138946506784
18.43766348275725,8.0,1.0,349.0242897413713
27.68194609423788,9.0,2.0,402.4883363177179
16.644264176023256,10.0,3.0,324.9260391981625
20.80819059999596,11.0,4.0,407.87436429611785
18.936714336883437,12.0,5.0,341.4877927113771
28.90971267725959,13.0,6.0,453.330104019059
24.67294883202303,14.0,7.0,409.5998416047384
24.93248377703512,15.0,1.0,392.8833312218346
19.466335061352744,16.0,2.0,380.37969656287646
23.501532520335555,17.0,3.0,417.1444516163469
21.18267348345444,18.0,4.0,384.6317871665782
26.91727507427108,19.0,5.0,431.4920232586133
20.04454432334193,20.0,6.0,396.32510803996007
31.64897182602538,21.0,7.0,481.0416434680413
16.62209775187953,22.0,1.0,415.8938896124332
20.967400837717197,23.0,2.0,420.9573900469345
33.38600254983048,24.0,3.0,520.3938845425747
22.82430626018983,1.0,4.0,310.9631370353315
18.42560667797794,2.0,5.0,273.6933800139831
26.09535781268834,3.0,6.0,406.2011112053604
22.62303878892729,4.0,7.0,307.538608953083
20.82064872190847,5.0,1.0,327.882141954057
19.52064594600641,6.0,2.0,308.4498920627637
38.84186802812972,7.0,3.0,524.4038499929304
23.74224049907932,8.0,4.0,354.98473671669234
15.372163198335617,9.0,5.0,260.9404986605619
32.46854879502767,10.0,6.0,452.7795963543528
28.05535452555285,11.0,7.0,408.5656683888837
21.16766784490106,12.0,1.0,356.8317908965304
20.33440455656929,13.0,2.0,351.56783838775056
28.367363980791158,14.0,3.0,468.3675557655316
23.765408362552726,15.0,4.0,394.2592793401772
15.370110907774494,16.0,5.0,296.0185558281763
33.936199823023344,17.0,6.0,497.1196789542363
22.830047688920214,18.0,7.0,398.38719007851
32.47785868241213,19.0,1.0,490.0531940930943
31.392174789828573,20.0,2.0,540.4413070984137
19.99495227758593,21.0,3.0,413.3011123259847
30.165949321815734,22.0,4.0,528.262948090533
21.742787250681594,23.0,5.0,425.2704350165696
15.666497065980291,24.0,6.0,316.79102165720093
22.877009169889288,1.0,7.0,343.47676603166315
26.9881875088814,2.0,1.0,359.6105078946161
22.68631676001831,3.0,2.0,320.2194327201412
23.46475829537449,4.0,3.0,348.77408583285387
30.717830224643063,5.0,4.0,447.74289917983367
25.532469901450455,6.0,5.0,391.3904416935526
20.78350844357524,7.0,6.0,342.9607068392728
28.510151618336632,8.0,7.0,397.8649751258752
25.988377834771224,9.0,1.0,395.33162782587
12.391975992689783,10.0,2.0,274.8386332864992
27.141764568857244,11.0,3.0,414.8162288629018
26.95914353858051,12.0,4.0,435.37779353239216
25.1006056479043,13.0,5.0,417.6084097689475
29.45850290534788,14.0,6.0,458.4118554769329
21.638032078367488,15.0,7.0,319.8610951482873
26.682498944104506,16.0,1.0,446.3847567145903
17.165203144163236,17.0,2.0,348.4749538269783
27.03545191699416,18.0,3.0,454.7150312051322
34.76529847769948,19.0,4.0,515.5664920060667
20.025718237662296,20.0,5.0,358.76146416863844
21.200989340061124,21.0,6.0,408.27266300011206
21.44992278554224,22.0,7.0,396.3732015007812
25.649991129007976,23.0,1.0,479.99377116423176
19.68481863573141,24.0,2.0,397.4298988036186
27.106236893454906,1.0,3.0,395.38058174440255
29.234199727345825,2.0,4.0,410.3632941248735
27.67173606726892,3.0,5.0,382.6539028436068
16.15792287180964,4.0,6.0,259.3134604503774
29.97583832579303,5.0,7.0,420.80656081389424
29.6868370712684,6.0,1.0,431.71932701743214
29.15080686173152,7.0,2.0,425.2797523759273
26.86421124327913,8.0,3.0,420.4994206239834
26.100946571025663,9.0,4.0,422.5401887983894
30.161946990631986,10.0,5.0,411.5712462166089
34.617567438017275,11.0,6.0,462.1679922331766
20.23479768317575,12.0,7.0,325.74276232218153
30.39062697897386,13.0,1.0,435.8577778368676
24.56891450996273,14.0,2.0,408.43417458824433
24.351634739857,15.0,3.0,421.5186765034601
17.31734654808981,16.0,4.0,340.7450995818513
23.576052952423023,17.0,5.0,395.0780966919724
20.013675210157924,18.0,6.0,394.6659072441624
22.68072785247027,19.0,7.0,403.6184065888377
19.50906808110925,20.0,1.0,398.9503401584189
22.75545806343497,21.0,2.0,449.6392767323449
22.969448214882984,22.0,3.0,428.22964337180713
25.483774592194003,23.0,4.0,499.0420273744336
16.926250688543345,24.0,5.0,365.3062068079981
17.77240926127338,1.0,6.0,304.6830567029918
26.809571353652636,2.0,7.0,337.6010098982779
21.012809414649507,3.0,1.0,332.4777922041039
30.372648951149657,4.0,2.0,404.8758461353718
26.126348610075237,5.0,3.0,399.6548084403742
28.03381075103204,6.0,4.0,388.7734553531518
32.05346160210448,7.0,5.0,446.3520398339265
23.451445940967137,8.0,6.0,343.50361948883995
22.127566472918623,9.0,7.0,364.02016820251856
29.358512927994067,10.0,1.0,427.4701040671579
27.547567819648428,11.0,2.0,458.14397509133767
24.063348450893496,12.0,3.0,371.7135423697072
31.95728983477971,13.0,4.0,445.6603399812342
23.938778450800346,14.0,5.0,413.4188260695852
25.163868187778903,15.0,6.0,396.8058090725186
25.10611325417129,16.0,7.0,409.9163862727222
20.327030525507645,17.0,1.0,378.825482178362
25.387926947431957,18.0,2.0,411.6271041312657
31.98380088699245,19.0,3.0,504.2981355871578
27.22484157688088,20.0,4.0,485.5467336682548
25.155317131994657,21.0,5.0,461.61591138605786
24.191163594171652,22.0,6.0,438.547491194235
26.654335142031755,23.0,7.0,482.7887172810197
28.748833142445925,24.0,1.0,483.2979597305757
28.046194154448763,1.0,2.0,372.95285496638746
23.340675690890105,2.0,3.0,342.3228557235052
26.62390797055057,3.0,4.0,366.6307831691635
27.399698705741397,4.0,5.0,374.0605204478828
19.96402506236511,5.0,6.0,282.62737597722924
25.84115270591847,6.0,7.0,325.78469928633046
14.19348056848819,7.0,1.0,290.2921341838746
27.412668549105923,8.0,2.0,412.9911169561037
28.301715272813407,9.0,3.0,437.0571202923359
28.737730628932297,10.0,4.0,416.6325874461554
23.02476573915216,11.0,5.0,355.99209969496974
26.54523417512017,12.0,6.0,407.5833010839344
32.11976922770583,13.0,7.0,482.28168524931465
32.068848241456294,14.0,1.0,483.0594381148098
24.8541365038672,15.0,2.0,433.5770687252417
25.6965981536478,16.0,3.0,407.8398214246163
30.554555723672166,17.0,4.0,475.31661457332433
17.495989923689127,18.0,5.0,348.55761635533065
23.38462128661488,19.0,6.0,435.3740117445872
31.677852277683783,20.0,7.0,499.931070737156
29.87600270842383,21.0,1.0,535.6815774501222
26.846318888249524,22.0,2.0,445.5094928835456
17.470837973346896,23.0,3.0,383.3067578216946
24.75044883479419,24.0,4.0,459.0924491315509
22.050423018750337,1.0,5.0,322.90609413924074
26.655194514086062,2.0,6.0,342.28474641188285
20.9532665760256,3.0,7.0,337.2215925484727
19.871383025126963,4.0,1.0,315.97310908070483
14.675673611581791,5.0,2.0,244.0153858571196
31.109023424883507,6.0,3.0,431.76973444056273
23.001147442784717,7.0,4.0,346.74824397024486
25.78572891851267,8.0,5.0,438.5219920300733
24.988809417629096,9.0,6.0,397.8869661667912
19.662830335197505,10.0,7.0,326.6215304661394
18.704675442759036,11.0,1.0,336.8084207236062
19.973424370013824,12.0,2.0,372.7553809497675
21.38415780585304,13.0,3.0,389.8188212650946
26.833031235069026,14.0,4.0,368.09931396427726
21.02141168239694,15.0,5.0,383.0739799186361
33.73245315797311,16.0,6.0,499.88386245930366
30.135755179465757,17.0,7.0,439.134675358918
29.04179774832854,18.0,1.0,495.022260275769
24.40170548763425,19.0,2.0,477.9408151475078
32.57140367860242,20.0,3.0,527.8499557225799
23.90997184439438,21.0,4.0,454.1082872890811
24.84369292922877,22.0,5.0,479.51931113157576
25.849872698746346,23.0,6.0,438.8934839730624
28.50911520271672,24.0,7.0,446.93972312382886
28.184540395014928,1.0,1.0,396.9827252163393
22.624373607776985,2.0,2.0,325.29150534894086
22.335031402870232,3.0,3.0,301.86684498127147
28.19951478576042,4.0,4.0,388.4317491348883
28.57618291945616,5.0,5.0,410.312776670374
23.03324437588564,6.0,6.0,339.35301046356915
17.064059651607728,7.0,7.0,268.9040439013765
23.963419519958777,8.0,1.0,372.1640539936576
28.11762899412929,9.0,2.0,419.786760635266
34.0270842320989,10.0,3.0,442.6811970684674
19.01021018829669,11.0,4.0,330.24660281955306
22.867143735847133,12.0,5.0,346.7846279155735
23.05298219237312,13.0,6.0,390.7103409641532
31.779026697157505,14.0,7.0,435.5694154598396
24.82529249770684,15.0,1.0,440.5067690680871
20.463367203138677,16.0,2.0,370.4503706471079
27.793476414609096,17.0,3.0,443.07525001065073
22.97680739979527,18.0,4.0,413.65716594399214
18.87806363321023,19.0,5.0,351.45994742763446
20.536133463619247,20.0,6.0,392.9362497187938
33.6702097721131,21.0,7.0,506.05992222736353
26.92104610824731,22.0,1.0,465.0757708359777
25.53880027726272,23.0,2.0,472.49508615920985
23.750531320939768,24.0,3.0,425.73369853471
26.460744210593997,1.0,4.0,332.3206960706928
26.401179730012476,2.0,5.0,363.9763074483316
26.46084414103663,3.0,6.0,361.0704443605786
25.574225451388767,4.0,7.0,358.1161094100755
29.343991691527748,5.0,1.0,421.9927016497059
25.115521730003657,6.0,2.0,376.30272837617616
20.110305822236807,7.0,3.0,339.2649107017095
21.93788554549566,8.0,4.0,349.3275811945297
15.10490653255144,9.0,5.0,240.90298733200837
35.13408558021196,10.0,6.0,448.38316390888247
29.313772959763437,11.0,7.0,465.696713202476
20.849647524353816,12.0,1.0,365.4979125847154
23.5907757530145,13.0,2.0,413.9125905644869
21.815617628967832,14.0,3.0,372.2420981771368
32.71273605687058,15.0,4.0,488.9670586808272
17.900614178645355,16.0,5.0,334.9388487010367
25.572380294093897,17.0,6.0,472.0423495701663
24.45736078717576,18.0,7.0,418.6384563190405
29.13419315354557,19.0,1.0,472.6447734253318
24.47995386137653,20.0,2.0,405.7687443451615
16.208955616722825,21.0,3.0,397.5642250219453
23.7444108267878,22.0,4.0,432.1785405633119
20.139188910283373,23.0,5.0,416.2764714940657
25.3978977327828,24.0,6.0,473.098923133959
32.17088518260163,1.0,7.0,396.4522413574089
16.30287377883861,2.0,1.0,283.4777932961092
20.99888632300048,3.0,2.0,306.9060974949724
22.236535231082517,4.0,3.0,313.55682507003684
23.091844522933943,5.0,4.0,367.2077390795837
28.70062832052622,6.0,5.0,398.84249560881824
24.13227791219306,7.0,6.0,368.6930357939837
27.079013628602222,8.0,7.0,398.0085561636577
21.87113478134112,9.0,1.0,373.46998701451696
26.149621727089688,10.0,2.0,374.3654785868644
28.88898815438857,11.0,3.0,423.1840709175584
21.33850225131456,12.0,4.0,354.8955193632171
28.906790599032576,13.0,5.0,422.43833253229593
25.261863843637844,14.0,6.0,413.1987753967062
30.22730120241126,15.0,7.0,480.0108735760306
23.99290049961513,16.0,1.0,443.8326981030773
26.906223275810493,17.0,2.0,441.2781374539073
24.79696884160735,18.0,3.0,434.80900566523167
24.518938689797107,19.0,4.0,437.10225698777305
26.29465214112845,20.0,5.0,460.3716432953551
27.68403734612452,21.0,6.0,446.2776719997923
18.752175440379972,22.0,7.0,412.9333597690991
32.16816804408939,23.0,1.0,552.2120841278228
15.701684797251009,24.0,2.0,390.0698348463589
21.57593945130552,1.0,3.0,335.82859565106315
24.528654646175497,2.0,4.0,353.96926530707464
27.06177984542974,3.0,5.0,350.0715299932779
32.880862638706894,4.0,6.0,428.0291717559669
15.708542558874464,5.0,7.0,228.0643576875063
22.461529358051447,6.0,1.0,359.9167437744962
14.365832561003671,7.0,2.0,269.2740524467258
25.15810986955124,8.0,3.0,381.7706510249738
26.358417922500152,9.0,4.0,420.6642018267146
32.95397871085626,10.0,5.0,455.39990633743344
25.60317380446727,11.0,6.0,387.9892748692312
30.220125647211898,12.0,7.0,441.6407223913833
27.91918540769529,13.0,1.0,404.3920090886803
22.82375901497416,14.0,2.0,386.9163170345015
17.955196266039803,15.0,3.0,295.83606441467435
26.375011491459052,16.0,4.0,420.0396836766757
17.539489914273183,17.0,5.0,362.4986802105884
31.47603536334822,18.0,6.0,495.7056847985036
24.18968948981588,19.0,7.0,404.00048868907726
30.97588705755708,20.0,1.0,507.5748349400471
22.598927829338,21.0,2.0,403.489486950772
26.34425393200496,22.0,3.0,464.3956712570592
26.046744286673444,23.0,4.0,522.0738485765846
24.77477940994538,24.0,5.0,489.6638205068924
22.83670243301704,1.0,6.0,316.4194669305156
26.9622800923526,2.0,7.0,361.8256842218335
20.36918368258396,3.0,1.0,296.10053053314857
18.952823355204707,4.0,2.0,287.4924513930261
31.21413446663414,5.0,3.0,435.38503110843527
28.635839944460503,6.0,4.0,393.8605481318753
25.3294580430112,7.0,5.0,391.3775723271437
33.32571191271891,8.0,6.0,486.6508327467442
23.661172406375776,9.0,7.0,367.26413975937857
31.613516099944896,10.0,1.0,465.1699051162475
25.87787042462911,11.0,2.0,374.1631117480781
19.87624624961805,12.0,3.0,364.7146674016215
34.240200958854246,13.0,4.0,472.5285835577613
29.953554233120425,14.0,5.0,446.1753597585358
24.39489484495218,15.0,6.0,420.1404662972245
28.635856297669747,16.0,7.0,465.95372626287815
22.981482830010467,17.0,1.0,402.4846777531023
29.14574517529771,18.0,2.0,467.2791410545773
13.044607173580204,19.0,3.0,302.4596942706686
19.900993331527037,20.0,4.0,363.0528584087522
29.89629872143481,21.0,5.0,476.2670775722633
23.751722308905403,22.0,6.0,397.25462271076026
26.03771147444371,23.0,7.0,468.0383663746024
18.266071689422827,24.0,1.0,407.5511889974658
34.23933497851051,1.0,2.0,452.60393548251534
30.952648218588383,2.0,3.0,391.43840117438094
23.996573908123352,3.0,4.0,319.0643278109324
22.976520715683368,4.0,5.0,335.8354926431048
30.148021807098463,5.0,6.0,409.7622693699892
34.912352250844634,6.0,7.0,455.1781259581874
29.768801279056767,7.0,1.0,423.8983474068107
35.85901333698301,8.0,2.0,526.8056489237179
20.38824335469041,9.0,3.0,348.4029337827637
20.90306584750605,10.0,4.0,386.4442263043903
19.055294409733257,11.0,5.0,355.9322446059652
27.2088032482474,12.0,6.0,448.1534510028209
25.87801774902185,13.0,7.0,381.2909221630985
24.24024438264007,14.0,1.0,421.2658636463613
29.04629314061649,15.0,2.0,450.8276216262975
31.16164302607332,16.0,3.0,449.3486960335425
17.37168795356579,17.0,4.0,376.6369429267684
22.015139860494426,18.0,5.0,389.27754809083166
29.1007179706153,19.0,6.0,446.9051471008193
22.66130658070709,20.0,7.0,397.32178854209707
21.00896961820923,21.0,1.0,396.1652137266159
30.09268713825197,22.0,2.0,491.0529120301864
18.5524996513801,23.0,3.0,387.092928710148
23.492100961044475,24.0,4.0,477.5373134713396
26.643220129024044,1.0,5.0,343.1058569593479
22.130900430449408,2.0,6.0,346.49441758887787
28.915778280065872,3.0,7.0,400.1345187202492
22.15561512401316,4.0,1.0,346.4815825118533
32.0430974672296,5.0,2.0,454.3933753173335
24.371268512521137,6.0,3.0,364.9857984019605
28.356350683526767,7.0,4.0,432.2845089125362
28.73011976491408,8.0,5.0,423.6408029144828
21.86229998627964,9.0,6.0,312.32968016228614
14.732567256720555,10.0,7.0,282.25071120500485
26.803778773319173,11.0,1.0,435.71725059304407
25.361441735624343,12.0,2.0,401.8343929842191
27.77913013787564,13.0,3.0,436.316418833035
23.867362638085808,14.0,4.0,384.4164664873699
22.84786150599642,15.0,5.0,360.926101938693
35.0423650549085,16.0,6.0,481.4161131304602
17.63822969244611,17.0,7.0,309.64093718308385
28.66975239182119,18.0,1.0,487.07841876762257
22.12699070908305,19.0,2.0,360.46427292330384
23.32110691129789,20.0,3.0,410.8814705737093
23.41448583713017,21.0,4.0,411.83179266639416
20.982828629143714,22.0,5.0,399.1850955716879
27.8561210511812,23.0,6.0,438.4325795130879
31.953217979749788,24.0,7.0,526.6099416923103
27.350068306233307,1.0,1.0,350.03745517913507
25.51690998106048,2.0,2.0,381.8172106247901
20.06779750450377,3.0,3.0,294.242661293261
27.584126329122256,4.0,4.0,381.92900282298416
35.781748158646494,5.0,5.0,467.8929587175691
23.096526881024538,6.0,6.0,347.85008986745686
23.12008210324067,7.0,7.0,345.94110858232955
22.19455434509501,8.0,1.0,350.4033324762975
22.552928827527897,9.0,2.0,371.39025888915984
11.273502231638076,10.0,3.0,263.05796492627985
27.025176929278565,11.0,4.0,397.9490759505932
20.77223911822693,12.0,5.0,361.2497475617405
16.948684406041,13.0,6.0,340.321250108444
28.765949748662745,14.0,7.0,450.7773814087185
19.58991107479032,15.0,1.0,386.54661558084695
23.30665473058121,16.0,2.0,410.504964283961
32.3322119559429,17.0,3.0,480.59911063793146
17.953921009877433,18.0,4.0,341.34632090470143
17.33700882701119,19.0,5.0,359.7678476272001
26.34653094781169,20.0,6.0,464.3205839811631
30.74743682005184,21.0,7.0,547.1926064803996
17.128291411340186,22.0,1.0,397.9193530021739
27.038448684185887,23.0,2.0,455.9757716919088
27.90499769980846,24.0,3.0,474.70452555088497
14.7041975815384,1.0,4.0,285.6123221345039
28.9925066895361,2.0,5.0,380.6372882558254
29.383029399210898,3.0,6.0,391.78058668733473
23.44107213371988,4.0,7.0,314.20238292901416
31.26173181149004,5.0,1.0,465.91938622638526
30.682277871624223,6.0,2.0,440.8294428626548
25.515589628586024,7.0,3.0,365.663869328154
22.742773048375334,8.0,4.0,335.5512247066079
20.13586053708521,9.0,5.0,337.5026842888096
24.812182453169044,10.0,6.0,381.0059480292995
27.848794598520897,11.0,7.0,429.13015032963153
23.379115694796795,12.0,1.0,401.7305264105119
14.01249497368985,13.0,2.0,293.8353427615261
31.34356947288285,14.0,3.0,463.5596628196012
25.95111610922447,15.0,4.0,419.312318126268
23.10187751661583,16.0,5.0,385.0051582330231
29.285791942116443,17.0,6.0,457.2540087650692
32.623192982413784,18.0,7.0,495.5607483965255
10.990442152560542,19.0,1.0,283.94580365800425
27.17131824961036,20.0,2.0,478.3267797380612
17.866753945948265,21.0,3.0,367.25898517008926
27.495552533994704,22.0,4.0,456.11783833424016
25.63963601187289,23.0,5.0,449.36421155309154
28.17863263220275,24.0,6.0,488.6314894544332
22.503761927526725,1.0,7.0,310.6983832715333
15.63379944090424,2.0,1.0,271.7803567071316
22.748159043716655,3.0,2.0,354.44851293867714
27.03423817569892,4.0,3.0,407.4411858371499
30.07696164337612,5.0,4.0,419.4793396875222
19.140843497637373,6.0,5.0,285.02038723166385
30.135302134365087,7.0,6.0,412.97080529304486
21.760638551767396,8.0,7.0,316.5200178300137
26.812249407972637,9.0,1.0,444.059575553972
22.450530235671835,10.0,2.0,408.2533200072616
25.91085313856051,11.0,3.0,418.1147553355319
29.459388172851373,12.0,4.0,459.76305858129433
18.86492961355732,13.0,5.0,343.6681600003064
21.600470516265844,14.0,6.0,375.32582347187423
25.924812936710435,15.0,7.0,381.2990450005219
37.00791830515176,16.0,1.0,545.6005357463794
20.68405143916586,17.0,2.0,368.2174531447334
35.20066942998459,18.0,3.0,538.6338250506134
35.02211651837585,19.0,4.0,532.0289682759878
24.513444246492043,20.0,5.0,469.07088171184273
23.5092373690005,21.0,6.0,440.4249274644618
21.53967400667654,22.0,7.0,410.0869797171983
24.65898734833665,23.0,1.0,453.251079740574
17.96640283720221,24.0,2.0,427.1844575472208
24.61880491339701,1.0,3.0,341.58895621143955
32.48440136925428,2.0,4.0,429.4774929252483
21.944574687616413,3.0,5.0,320.2907389647008
23.796378480054745,4.0,6.0,331.88070668640097
16.49429762866379,5.0,7.0,269.6731007343483
26.870310440655217,6.0,1.0,356.4637673929858
26.32240842475687,7.0,2.0,361.2699562227449
25.31851179882885,8.0,3.0,391.1777288216811
23.915864748889284,9.0,4.0,403.52264129944257
23.536210406137727,10.0,5.0,377.3265261442607
27.50950116850336,11.0,6.0,397.6876345871005
24.855916992056883,12.0,7.0,358.7020948392221
26.57485935777666,13.0,1.0,443.4391387872794
26.074914087272735,14.0,2.0,413.4052378524253
30.61713643547881,15.0,3.0,485.0360727258393
28.38497048687527,16.0,4.0,459.6470080300671
25.96430921575095,17.0,5.0,439.2091000026033
32.5921101532609,18.0,6.0,498.5931356796801
27.10134264528281,19.0,7.0,452.6863141522209
31.52481344395209,20.0,1.0,509.8590464143943
28.034713041933188,21.0,2.0,466.6409997319678
15.790404605342284,22.0,3.0,339.63406484310184
31.524173816596647,23.0,4.0,470.54156220654687
25.675881206713346,24.0,5.0,458.1366208190433
24.74022614549611,1.0,6.0,364.78982511400017
26.406741737447884,2.0,7.0,367.6690192252308
23.275084190214663,3.0,1.0,349.3050242716658
26.135144301944727,4.0,2.0,360.67134313366427
22.04061966828454,5.0,3.0,356.3529811980269
31.37136129367185,6.0,4.0,429.327426700658
24.43205943189475,7.0,5.0,395.81928059472864
23.087080786387837,8.0,6.0,333.2490625979847
20.37537092140363,9.0,7.0,312.7543186545832
26.343878945743207,10.0,1.0,393.4933905730395
25.93553550062546,11.0,2.0,378.7129875975743
26.94212306838753,12.0,3.0,401.68033698004007
19.863740562474355,13.0,4.0,353.7017308200619
16.994094005942134,14.0,5.0,310.6969195624088
28.1279565125328,15.0,6.0,361.152058540516
32.423209309382536,16.0,7.0,504.7175590422278
19.86823188805052,17.0,1.0,347.00044429355705
32.947206417808495,18.0,2.0,525.2566298758178
26.419555293681903,19.0,3.0,450.8198447302103
24.96468547724585,20.0,4.0,479.9943111008653
23.01225651727111,21.0,5.0,440.0617148031635
18.07740990287502,22.0,6.0,362.6820071190507
29.938642579623,23.0,7.0,479.3451545491238
21.121968192811984,24.0,1.0,458.2742355441055
21.100966621312,1.0,2.0,280.4922442710917
29.95963154943477,2.0,3.0,404.4139142127219
15.585082766641367,3.0,4.0,256.22841840142024
17.382010946659165,4.0,5.0,271.95558809249815
24.909328782459596,5.0,6.0,363.1635675135644
26.46642214502426,6.0,7.0,377.4554186604161
27.423673239844614,7.0,1.0,415.3847472542811
23.49100753301873,8.0,2.0,371.689588377453
37.65184834320845,9.0,3.0,520.8721115324295
23.86053720617083,10.0,4.0,378.4726759203402
23.84606923948639,11.0,5.0,365.2721546505376
21.01506665593061,12.0,6.0,352.23069176403806
25.619534082605355,13.0,7.0,385.9076096319732
28.074806160233877,14.0,1.0,432.14052950772174
31.0178902726673,15.0,2.0,472.455902672318
17.55357867779891,16.0,3.0,344.1473235632722
23.770023308221496,17.0,4.0,411.4047392091712
27.23351805404572,18.0,5.0,465.66275708772383
27.93528767297268,19.0,6.0,446.3835950789099
25.032743289022697,20.0,7.0,433.2644714197234
27.71211984766051,21.0,1.0,481.4817527554815
20.955180535371,22.0,2.0,401.3792396043887
32.789527161591785,23.0,3.0,535.3700873400487
29.963140514897148,24.0,4.0,527.6858334525177
18.275361064674136,1.0,5.0,276.4837349844093
19.624484759416223,2.0,6.0,292.7765261747084
19.76539124946547,3.0,7.0,277.5473458758014
28.38984985448264,4.0,1.0,440.27567556892393
18.576361167912665,5.0,2.0,291.79648427267665
23.3448783289596,6.0,3.0,321.09311407864647
27.27352198208387,7.0,4.0,412.93890222520025
24.669170327267825,8.0,5.0,369.3953624797097
26.294437578563528,9.0,6.0,383.88353936669375
19.670986443256208,10.0,7.0,314.79878882433155
27.97427186698622,11.0,1.0,469.177011156179
21.933940537620018,12.0,2.0,380.4312109482938
23.37690162801029,13.0,3.0,400.7640407130047
26.18865863952993,14.0,4.0,423.1388988669446
25.51539110765424,15.0,5.0,420.5549033454463
25.119900095077966,16.0,6.0,441.171493161968
21.246865890116226,17.0,7.0,371.4515656766084
23.50225294400404,18.0,1.0,392.8837785296258
25.010917954185174,19.0,2.0,456.4702726264073
18.124573834164572,20.0,3.0,382.1797705864936
22.687335168433105,21.0,4.0,422.0329479420319
26.938399395164232,22.0,5.0,473.799058782598
18.61281698077329,23.0,6.0,375.7132854018494
30.7829082579712,24.0,7.0,507.2429342367972
31.34806631299921,1.0,1.0,412.84665805279394
18.77424712019957,2.0,2.0,279.91270606057736
31.78809816525069,3.0,3.0,447.66443731460697
24.28209205643933,4.0,4.0,322.5757480160373
27.092572795785276,5.0,5.0,428.143371394112
22.516744739358767,6.0,6.0,354.7146915777172
29.61522413613381,7.0,7.0,374.5927306672911
27.03047009424333,8.0,1.0,402.8213743526147
20.929233717011986,9.0,2.0,344.92141885204865
19.17399000017356,10.0,3.0,340.5776325805778
17.698487823953887,11.0,4.0,300.1973128247444
25.93970888216378,12.0,5.0,405.03759568900216
27.86235705889868,13.0,6.0,423.20118262653386
28.254828393897206,14.0,7.0,416.7959166875033
24.41009452696311,15.0,1.0,398.5659006402065
19.21501772167818,16.0,2.0,384.52627015082896
21.589626009881083,17.0,3.0,357.964609297959
30.76174319480963,18.0,4.0,495.1750106700173
22.576857176999592,19.0,5.0,421.7187779075584
25.71708815340738,20.0,6.0,434.7997147673055
19.621747582125565,21.0,7.0,381.2649326157556
26.682915227295176,22.0,1.0,497.0990522668994
22.71157719160461,23.0,2.0,422.018741701565
30.233563568878814,24.0,3.0,501.3025871110057
28.867788531034066,1.0,4.0,371.76821168835454
22.5214702671255,2.0,5.0,343.52121465572066
24.366679863261684,3.0,6.0,366.512673570311
22.244418799796858,4.0,7.0,293.5263833086962
17.90283401727495,5.0,1.0,321.1531551189822
20.712787852263915,6.0,2.0,347.50604464958485
25.991086638604106,7.0,3.0,416.9827625950376
26.62629749114791,8.0,4.0,401.9651355540067
25.742739517963194,9.0,5.0,386.5421927740604
23.49133473020682,10.0,6.0,389.8176810335013
29.665333028604927,11.0,7.0,444.6314061160846
25.317709522804687,12.0,1.0,455.0750635110214
28.516269140479736,13.0,2.0,463.3368483040339
16.131124338987405,14.0,3.0,325.38220291835233
5.387998741908287,15.0,4.0,193.39789981155943
26.4189401391904,16.0,5.0,417.57105784802167
17.876171731392553,17.0,6.0,317.0426177533652
23.93774148643472,18.0,7.0,404.07617414313
23.48951479487697,19.0,1.0,445.4164998134266
32.93700301207768,20.0,2.0,523.2966083511666
26.999982764718037,21.0,3.0,486.4343330223818
25.82929513399336,22.0,4.0,463.04442600871386
29.18495577316837,23.0,5.0,483.7877119366035
26.842487934195194,24.0,6.0,472.17738244535127
22.71161503505784,1.0,7.0,320.55808417168026
30.3573796512728,2.0,1.0,413.3582644820003
19.451249360558627,3.0,2.0,306.52617818262456
26.61623593766781,4.0,3.0,361.7813572249439
17.262151029318446,5.0,4.0,276.96198498834013
26.01971928757997,6.0,5.0,420.3664087988926
25.964948208864648,7.0,6.0,401.21881189711735
33.38227480957332,8.0,7.0,423.34593015953885
17.1751305327911,9.0,1.0,266.4119261777838
21.995564120730936,10.0,2.0,365.4794896362837
29.11341213287072,11.0,3.0,455.0035792172271
26.676586281986538,12.0,4.0,404.36702607142126
25.90152525668752,13.0,5.0,429.4484271308339
20.219321485207303,14.0,6.0,355.3863061522148
22.045908259542852,15.0,7.0,371.197857000889
31.225205041116283,16.0,1.0,504.3743539346664
24.74245403123036,17.0,2.0,415.7870244542582
26.876798480722368,18.0,3.0,444.0338583711506
24.424058356117605,19.0,4.0,440.6439288037853
19.084572423751176,20.0,5.0,375.2178054961913
29.669052130374983,21.0,6.0,521.8660467713046
27.51616192266248,22.0,7.0,478.03812748374514
36.52818418683594,23.0,1.0,589.8581184350146
19.92209310174728,24.0,2.0,412.2308380961714
29.112864606002404,1.0,3.0,404.62373959421615
18.442280169814996,2.0,4.0,275.97064624211697
25.78673283836539,3.0,5.0,363.5148834076442
29.882532945315823,4.0,6.0,382.49946851306703
14.639324419517566,5.0,7.0,271.1820720397875
23.97533762879196,6.0,1.0,372.5654702331555
22.1839513297869,7.0,2.0,390.48977457182656
21.49021350852439,8.0,3.0,393.7481027586391
26.92606326129677,9.0,4.0,417.52702164163065
30.60342853211297,10.0,5.0,442.4027915452878
24.333606423854224,11.0,6.0,361.4147739960309
26.0274321378001,12.0,7.0,417.3693174431775
25.57154376529624,13.0,1.0,421.9211289308669
25.00901753178207,14.0,2.0,424.85087210091
19.55328681143947,15.0,3.0,396.1286158635196
30.542223008614464,16.0,4.0,456.9337643128777
26.47597684079418,17.0,5.0,416.2736850383151
26.974407450012887,18.0,6.0,437.01555573271526
20.96745185487209,19.0,7.0,400.0985415437573
22.7038980100538,20.0,1.0,435.13632490482775
24.11932901144611,21.0,2.0,422.2795198805457
17.32937653275574,22.0,3.0,389.4248233416071
16.55982837401161,23.0,4.0,344.57402736225083
21.99626034680716,24.0,5.0,408.2077699810945
27.61260383221195,1.0,6.0,360.8168919783357
21.73431305035029,2.0,7.0,295.2745055839986
19.905974012046432,3.0,1.0,328.856929893483
20.92657173381165,4.0,2.0,328.9932869981384
22.72328788427344,5.0,3.0,378.54410239527954
23.23070518589948,6.0,4.0,345.3633445519065
35.82760726103278,7.0,5.0,475.8320295895129
30.27310314243659,8.0,6.0,448.9386836056011
30.12387056140864,9.0,7.0,423.4202895516105
30.842901821366908,10.0,1.0,485.30912316782
20.005895653329752,11.0,2.0,359.8755207409874
18.888176925063803,12.0,3.0,292.8260398529309
19.46564854232972,13.0,4.0,371.2078937062864
31.67253066668919,14.0,5.0,489.9798429292881
22.264041055587544,15.0,6.0,398.6670626780863
18.743219088803563,16.0,7.0,308.21262331713046
22.845018998900933,17.0,1.0,397.1903907635884
23.806972341426864,18.0,2.0,410.29562674313325
26.34206636847281,19.0,3.0,432.5982363335202
26.25475510356021,20.0,4.0,485.3860016734809
20.85909718063246,21.0,5.0,398.3556150498519
28.428281962568555,22.0,6.0,475.5516007731021
21.80403233124921,23.0,7.0,423.08048951880767
24.218618316474785,24.0,1.0,470.5722165225355
28.433870352516774,1.0,2.0,316.64084931265114
21.790892980278294,2.0,3.0,305.98177905979566
22.15324288209431,3.0,4.0,296.27665726511754
27.958340248465653,4.0,5.0,392.5895243477529
20.711334116974903,5.0,6.0,308.3354928830681
23.076039881979646,6.0,7.0,340.06815010982183
27.778710890214462,7.0,1.0,368.21671392433416
35.270462207179875,8.0,2.0,480.5075775779888
28.02702252381373,9.0,3.0,438.57283027479366
27.36319881495006,10.0,4.0,439.820977811544
27.654007918363646,11.0,5.0,430.9173475744505
19.634048629664758,12.0,6.0,311.6311804276852
25.57798369339954,13.0,7.0,424.9678729938379
24.851167558317997,14.0,1.0,429.9917206831802
26.60792270186378,15.0,2.0,432.7354463373471
25.582540262379357,16.0,3.0,386.3246763335986
26.898498387085564,17.0,4.0,461.056882884106
23.44266402550399,18.0,5.0,397.5833136553723
25.293044586858965,19.0,6.0,436.8537622896853
18.86085716971504,20.0,7.0,368.9764489098837
23.40046360998543,21.0,1.0,466.7725357886199
31.954167740883214,22.0,2.0,521.0343376888819
26.59404169814128,23.0,3.0,471.6381451796938
24.89539481308461,24.0,4.0,488.5262559404187
34.48061638127173,1.0,5.0,421.6417189377135
18.195825108494603,2.0,6.0,290.2447081131016
19.4527222227689,3.0,7.0,284.5549077701197
33.56355705638136,4.0,1.0,432.5847313237151
25.22980468024467,5.0,2.0,371.3212665368642
23.78708481855103,6.0,3.0,372.70495045767
19.003978374521783,7.0,4.0,340.1139805447481
27.23848133197506,8.0,5.0,426.8786930266643
27.72229934763731,9.0,6.0,398.3277119918625
19.52752819582552,10.0,7.0,304.5302973176109
24.29862207224786,11.0,1.0,388.611442730929
23.32242083983467,12.0,2.0,363.5935933317436
26.279885732093856,13.0,3.0,414.4511333326085
19.40374878889678,14.0,4.0,345.20418221657263
31.259737272565783,15.0,5.0,487.1471768087932
29.579118907988025,16.0,6.0,413.6724854815926
23.18412220633592,17.0,7.0,381.16906314162645
23.917906441808142,18.0,1.0,411.6686983292432
24.31788924861192,19.0,2.0,455.9214375342797
21.10845723496748,20.0,3.0,379.8076848016545
22.78285290882482,21.0,4.0,425.3616762812281
23.648648161626955,22.0,5.0,428.9239133278739
33.06434185353564,23.0,6.0,548.5042690720841
29.733091541652183,24.0,7.0,508.2475527067327
29.67327353668312,1.0,1.0,401.1576100032388
26.849628065021957,2.0,2.0,361.4029431584582
19.413364955343827,3.0,3.0,263.08679949124075
24.792544477113104,4.0,4.0,360.86715788487913
29.8524422980669,5.0,5.0,419.13421895126646
18.70867685316356,6.0,6.0,267.5894162821425
28.18276603436632,7.0,7.0,371.1537770570922
36.61304612631383,8.0,1.0,508.17706073057184
30.30908322994866,9.0,2.0,448.873666023644
32.07014567780994,10.0,3.0,441.8885105762582
26.091693752210805,11.0,4.0,392.4356432507473
29.83965974382495,12.0,5.0,406.666820666841
21.410733928229824,13.0,6.0,388.6526173585629
28.97931906170613,14.0,7.0,412.7957024696923
28.271940670303817,15.0,1.0,465.56459452800914
26.44955587018832,16.0,2.0,437.7963447788156
31.58003709859249,17.0,3.0,517.5922433784201
22.30607581076306,18.0,4.0,385.2156762521354
24.06471241763169,19.0,5.0,421.8721783831246
25.477310206791483,20.0,6.0,402.8045638831678
19.851945144553,21.0,7.0,343.7489147067349
26.13465971900124,22.0,1.0,480.27326886732186
16.405347935230765,23.0,2.0,337.35296257091363
30.234772672141048,24.0,3.0,508.78337603271984
25.23318683282983,1.0,4.0,365.5577772877567
22.395535480481183,2.0,5.0,333.8890519267054
20.828131938524397,3.0,6.0,291.98960962627206
23.82710485190406,4.0,7.0,305.5009857908772
28.44129855386207,5.0,1.0,416.6028827717312
27.738694893687803,6.0,2.0,428.2320845940816
21.472310263607696,7.0,3.0,327.4783410627645
20.76980163686183,8.0,4.0,319.6317592004759
28.28449353159824,9.0,5.0,402.3468960586024
21.388262976924853,10.0,6.0,357.3148039853908
25.29954887039752,11.0,7.0,411.5658408322735
25.618773212621385,12.0,1.0,388.3955958986034
26.560310658633693,13.0,2.0,394.6374703998439
29.29135215090936,14.0,3.0,500.71344794774257
18.685185315663382,15.0,4.0,346.30539739883307
15.444203373697562,16.0,5.0,324.4998896507818
22.16276359385824,17.0,6.0,374.7890191262297
34.00764203916093,18.0,7.0,518.8756665806636
35.11087050043689,19.0,1.0,562.3099224983993
34.15588567782944,20.0,2.0,541.554780209753
24.035093161196556,21.0,3.0,471.1680931522542
16.089424590075858,22.0,4.0,352.3593541019368
13.284804491740797,23.0,5.0,327.59039545670043
21.929809192252943,24.0,6.0,425.9262189480778
24.0096318492532,1.0,7.0,333.3955514026539
31.503127005279797,2.0,1.0,426.5902152940501
29.339027297712228,3.0,2.0,376.7019724380205
26.1370253949581,4.0,3.0,378.6205572734922
20.550776145294293,5.0,4.0,311.02428975687417
20.19610220877555,6.0,5.0,305.3414818062626
26.270638435357174,7.0,6.0,380.3560254486366
28.485254894198636,8.0,7.0,384.6220951954021
26.959406311227923,9.0,1.0,388.8862366348146
19.82701020196673,10.0,2.0,289.9607228195903
28.25333814396043,11.0,3.0,463.4781280098021
27.129554835507054,12.0,4.0,430.41017473713066
19.64666796904911,13.0,5.0,344.131397264365
21.07839514849872,14.0,6.0,349.43948674725425
28.442479872807837,15.0,7.0,380.90415308715
23.827462324270545,16.0,1.0,400.7040457182758
32.945736508182286,17.0,2.0,522.7746918251045
27.505646380322883,18.0,3.0,474.8999498751062
22.56684405905365,19.0,4.0,421.5142804626026
24.948971998045337,20.0,5.0,437.6575590955028
25.31691696318859,21.0,6.0,466.2466525505135
21.35804843379145,22.0,7.0,396.0097398961437
20.437059009111863,23.0,1.0,438.0743684138058
28.5069494690475,24.0,2.0,491.3778458160707
29.22636648521048,1.0,3.0,370.6408386745495
28.018907347764795,2.0,4.0,358.0748138691976
32.57659047161901,3.0,5.0,404.475976292731
22.29113381994199,4.0,6.0,338.0926987754696
33.37135383035565,5.0,7.0,422.85862688161495
20.495394407229234,6.0,1.0,311.2933671715935
19.936572183157537,7.0,2.0,342.6404262248025
16.20020558925375,8.0,3.0,299.5614637019822
22.77102343086592,9.0,4.0,379.9620739655752
22.481388315852733,10.0,5.0,370.0658733839833
27.62968640127325,11.0,6.0,398.2346324087863
26.21945470810225,12.0,7.0,402.7165954103943
19.035133144904314,13.0,1.0,354.8539912644367
23.03636880787091,14.0,2.0,375.9805149092291
23.14268989456157,15.0,3.0,375.3343994637359
16.120088765190538,16.0,4.0,315.58645546955125
20.095266364933156,17.0,5.0,411.6843107827731
21.145931846929557,18.0,6.0,375.2044365848646
32.16812509910473,19.0,7.0,520.3385868187816
25.95725357978676,20.0,1.0,447.1993256082717
28.3108437697375,21.0,2.0,499.8852140881749
17.50682251425394,22.0,3.0,394.1180582536964
30.97107241506996,23.0,4.0,531.7625343097405
31.505510315120464,24.0,5.0,527.8116499913839
15.00827516427687,1.0,6.0,264.63008321839175
21.47341638042076,2.0,7.0,311.30124319126213
27.47882786507755,3.0,1.0,421.0588732375811
28.22194226769091,4.0,2.0,363.8210266131405
21.60752634756389,5.0,3.0,339.04098842897525
23.472502684731737,6.0,4.0,358.3914986980307
22.013094694774285,7.0,5.0,321.400550031633
25.5520902347306,8.0,6.0,389.1125867825808
30.985892657309563,9.0,7.0,404.0572730615633
21.144789214293976,10.0,1.0,345.3642056277332
30.004102488842072,11.0,2.0,409.0592686304646
21.09163963826556,12.0,3.0,393.088926721912
20.761863937515574,13.0,4.0,355.9876494962499
29.09297309171607,14.0,5.0,489.2674116134869
29.60968189003808,15.0,6.0,469.1558174307707
29.25704968381327,16.0,7.0,460.5324611051532
18.42101295890929,17.0,1.0,354.485575703473
22.670245109639747,18.0,2.0,389.775450382649
29.11494296001661,19.0,3.0,487.60886107810495
25.207709202819476,20.0,4.0,438.6468118427351
19.63153576901268,21.0,5.0,359.5299513804208
27.29158969562721,22.0,6.0,434.5787286261057
21.425963705042648,23.0,7.0,389.0855624675548
33.97262424196106,24.0,1.0,593.1455869249352
32.724207312091295,1.0,2.0,470.507631481139
28.02048713177784,2.0,3.0,385.3046542639566
31.80503352384887,3.0,4.0,424.02919116331447
25.323956750616905,4.0,5.0,351.5131600695786
28.82718747187508,5.0,6.0,376.5821677525608
32.388601476510374,6.0,7.0,460.3895959172486
26.227493408971565,7.0,1.0,431.7464619676584
23.72406414242858,8.0,2.0,353.37225970750006
16.476890209114423,9.0,3.0,299.1121345226522
24.58433237139253,10.0,4.0,374.845997699722
29.11711592281156,11.0,5.0,422.766377730816
29.72816713783815,12.0,6.0,462.9998364869787
27.521825328592048,13.0,7.0,392.979022378598
22.2935045251888,14.0,1.0,399.2644390706142
15.115892155262047,15.0,2.0,334.7236836987378
22.523924509976325,16.0,3.0,393.3962216277269
23.478275644730243,17.0,4.0,425.6441129870379
23.43535516404993,18.0,5.0,412.3065884512483
28.092781784889624,19.0,6.0,482.2704162720185
34.928382055074195,20.0,7.0,497.8397144522248
25.617646009205465,21.0,1.0,451.2009548719173
23.916341054217693,22.0,2.0,441.7271476851563
23.703890934979537,23.0,3.0,389.5947616603684
25.62192383453857,24.0,4.0,442.500183673815
20.858531198258007,1.0,5.0,282.3133268954043
25.600992793730278,2.0,6.0,366.9740478337697
27.254061681659,3.0,7.0,352.403749890298
26.04843031787244,4.0,1.0,361.12272343260486
27.287709670023908,5.0,2.0,408.22681231336287
27.168738046742675,6.0,3.0,360.3291675516257
16.14051658876778,7.0,4.0,242.9802845388064
28.184350791977018,8.0,5.0,399.6116619183832
21.64492577168773,9.0,6.0,314.4951223553102
19.52080418498021,10.0,7.0,296.01445595660914
19.47774086072502,11.0,1.0,358.2460844410098
27.167708052362645,12.0,2.0,443.196557281878
23.887125363875736,13.0,3.0,410.64853795579984
16.590156080072944,14.0,4.0,346.0770940068741
27.390189075961416,15.0,5.0,458.7245771599102
17.801959346005862,16.0,6.0,297.44778928352
25.699106792591053,17.0,7.0,429.9993071244999
26.19249462836527,18.0,1.0,438.3327822922615
29.427885408475223,19.0,2.0,468.33036916494353
33.90842393233426,20.0,3.0,541.2925319675167
18.17661837049729,21.0,4.0,340.1602741070579
24.737630719684752,22.0,5.0,407.3541350794011
23.618323524778912,23.0,6.0,445.8546901294235
27.16874842980481,24.0,7.0,480.4432046482661
26.07834385466809,1.0,1.0,365.5180916641111
23.2372687863169,2.0,2.0,318.77441976870625
22.795489056945723,3.0,3.0,348.8314832610997
19.41774572407976,4.0,4.0,315.7835150820071
29.939307912032547,5.0,5.0,411.09916942127455
27.296020907997647,6.0,6.0,361.41378825458105
29.588840988975686,7.0,7.0,401.3834429751668
23.448019317622432,8.0,1.0,388.2368667267132
21.71582265652785,9.0,2.0,382.7020510213142
19.60842466685386,10.0,3.0,330.55351460101207
26.794587918703296,11.0,4.0,405.9524198308677
19.801033877358822,12.0,5.0,339.77655661308705
34.24331534483275,13.0,6.0,494.931013626547
18.4617870945328,14.0,7.0,321.9965249441275
26.36830059606251,15.0,1.0,377.7993048091934
32.834273536068935,16.0,2.0,526.1981153936313
27.99544879631905,17.0,3.0,491.84826690644144
25.878368562458892,18.0,4.0,424.5356884324746
20.15758176519052,19.0,5.0,360.24275027352974
18.09115405716148,20.0,6.0,360.1695301238104
28.85025054458793,21.0,7.0,468.7524277713039
32.53073620387473,22.0,1.0,552.2177335820065
22.80575004760914,23.0,2.0,438.1502893089921
19.304692461918243,24.0,3.0,388.1944680117588
12.709152847254908,1.0,4.0,193.7233394613881
20.09617578168731,2.0,5.0,313.2744415132666
24.4317157875048,3.0,6.0,353.307382698333
32.99561620418367,4.0,7.0,450.1673596036731
28.365668461164844,5.0,1.0,386.29294959722654
26.52542702353377,6.0,2.0,426.0230082259043
22.999401693494345,7.0,3.0,321.1201267937988
22.08417141372022,8.0,4.0,363.0337345652318
32.02823798753982,9.0,5.0,412.0907245314602
26.00369270379195,10.0,6.0,376.2302994039501
14.48699654039489,11.0,7.0,310.09042401290804
21.632301760513787,12.0,1.0,389.9503026946576
20.708919841141867,13.0,2.0,355.16479010167507
22.26867995411268,14.0,3.0,373.31005868469305
27.814553301425427,15.0,4.0,443.15797523096313
24.462775591028752,16.0,5.0,419.910575725502
24.61567296498169,17.0,6.0,438.18831730347085
31.567365806626185,18.0,7.0,475.548977974092
21.51769455106656,19.0,1.0,374.9412442409216
34.32099762943675,20.0,2.0,540.3493488353427
21.64346204314457,21.0,3.0,403.2860036812778
25.445990983062856,22.0,4.0,426.44723573565966
23.593982022986165,23.0,5.0,441.8931985361176
25.61709566750481,24.0,6.0,453.9086815931923
27.222959975365644,1.0,7.0,362.3598438830523
27.169176200444383,2.0,1.0,360.8028780007002
21.2344133468971,3.0,2.0,331.07834407548097
19.385426612762146,4.0,3.0,278.512302192522
37.51585895452856,5.0,4.0,471.6039617513538
22.580078301997236,6.0,5.0,335.94249839822675
28.496062193359933,7.0,6.0,436.7969902327936
16.961793447384018,8.0,7.0,304.31444184481006
23.601936400476617,9.0,1.0,399.563214090122
24.364003080087784,10.0,2.0,415.9815714677408
27.36407534963916,11.0,3.0,491.6973962126091
11.387729295040304,12.0,4.0,262.7090743015717
25.830703065391653,13.0,5.0,436.7150491165136
19.25129272316053,14.0,6.0,364.7656323196441
26.62172855597462,15.0,7.0,440.1379356258967
19.818354015809184,16.0,1.0,410.66833251889545
20.722586520372094,17.0,2.0,377.83960458403135
23.63186194803366,18.0,3.0,407.34491900160896
19.738352651984023,19.0,4.0,386.7788367894775
22.622327766323224,20.0,5.0,407.5692822247945
19.033121157283425,21.0,6.0,383.7012286327977
15.834147741506362,22.0,7.0,378.5964531161239
30.0897852621468,23.0,1.0,503.3349181673424
18.51975653588036,24.0,2.0,393.10398610692897
24.10659556196008,1.0,3.0,340.55217569013234
28.76445540746893,2.0,4.0,381.0781855541859
21.925279487419782,3.0,5.0,280.97267831392816
20.87417050127231,4.0,6.0,299.1391521587443
26.131190443337108,5.0,7.0,379.0593692781212
30.58966911363576,6.0,1.0,461.6476261550105
19.15342367456765,7.0,2.0,297.441865394922
24.249260839912804,8.0,3.0,350.30696041451114
16.33752702516336,9.0,4.0,296.9799463059803
23.03399498158905,10.0,5.0,323.82804851833373
25.17102342269038,11.0,6.0,379.81083016716127
20.726876791224672,12.0,7.0,311.54792672121886
22.715040830873843,13.0,1.0,416.5316343055877
17.958866158462747,14.0,2.0,328.20203849761936
25.385393056907468,15.0,3.0,452.9106142958552
30.278471244415748,16.0,4.0,493.05513951332426
19.514280651147683,17.0,5.0,352.2164605575285
21.88664116723809,18.0,6.0,369.42721893545934
27.51273123227091,19.0,7.0,445.2563973393573
31.06045359661368,20.0,1.0,505.5116034809727
17.534050938955343,21.0,2.0,381.2634482686015
24.15607631292025,22.0,3.0,427.02989733859897
26.415654111597625,23.0,4.0,482.08443858642033
24.48971804685576,24.0,5.0,455.2037415685556
12.616039665614563,1.0,6.0,206.3524935218284
27.50545004654386,2.0,7.0,349.8136873570781
32.59668175545322,3.0,1.0,434.2691178925585
25.58330875584752,4.0,2.0,353.49506252192384
19.844469733528683,5.0,3.0,315.6134712329586
22.434363768178585,6.0,4.0,344.052411386184
33.84956533827797,7.0,5.0,463.7297990523065
29.549812704302795,8.0,6.0,452.822975236465
28.200133091921646,9.0,7.0,403.352436525225
26.78206291767188,10.0,1.0,434.9125865192085
21.694314439045137,11.0,2.0,370.53489232996543
23.99714409672116,12.0,3.0,386.20655492924254
24.61038632160742,13.0,4.0,396.72067781704953
27.74787158032222,14.0,5.0,431.3021876198612
32.54459447133452,15.0,6.0,488.0412988679095
30.59169068396564,16.0,7.0,445.73049153527694
17.903078221019797,17.0,1.0,331.7239745412986
26.119974844505244,18.0,2.0,458.2856963145379
28.683816725839485,19.0,3.0,490.80064391002
28.094301650723175,20.0,4.0,483.8557331632878
21.8538311830629,21.0,5.0,411.6377522017585
39.57054607884181,22.0,6.0,603.0499533374839
18.61457718834441,23.0,7.0,394.4143524037869
19.58405776666975,24.0,1.0,428.5931648457966
26.16797540630788,1.0,2.0,343.4889376362365
35.584015274819265,2.0,3.0,434.9011168051
20.819025746479145,3.0,4.0,303.418872529746
23.67085817176504,4.0,5.0,341.3608995267973
30.386468365078464,5.0,6.0,406.0262611081389
24.91068922556133,6.0,7.0,320.5730856288558
23.32698072734852,7.0,1.0,399.70365951618805
27.8281645094336,8.0,2.0,406.8007253166213
26.362589951147967,9.0,3.0,403.0799878430188
30.152193928183955,10.0,4.0,464.4129190971007
31.457344445326815,11.0,5.0,407.6739990628441
26.53501530002681,12.0,6.0,397.1162755620339
26.458663626891543,13.0,7.0,400.8442907973194
26.07055491143067,14.0,1.0,420.9793482052938
27.44565278324644,15.0,2.0,439.9867960181853
25.27585318935732,16.0,3.0,452.7012278624701
24.996957588388558,17.0,4.0,436.4387533984301
30.98313560413621,18.0,5.0,503.9920614139388
32.580580901775214,19.0,6.0,503.7482144539706
17.462235276832896,20.0,7.0,325.6348918454189
25.050105758702845,21.0,1.0,410.9071168841083
21.556527832773828,22.0,2.0,388.9771238631057
23.44514266756964,23.0,3.0,447.6467407590168
27.01258104867661,24.0,4.0,478.7612047407188
28.347191857712343,1.0,5.0,369.26864562600326
24.439367781943275,2.0,6.0,329.02213968463
15.433298326385986,3.0,7.0,288.5674147727148
20.174772097119103,4.0,1.0,302.28964915166154
29.482498351000828,5.0,2.0,432.38137263232943
11.297867889825344,6.0,3.0,234.01693761867327
30.93713575841,7.0,4.0,431.1525673483801
27.606149953222708,8.0,5.0,424.594250504562
31.58088040765011,9.0,6.0,472.05941173033
24.0071540655952,10.0,7.0,364.2805515182552
14.692972879885476,11.0,1.0,314.9137831836976
27.15181320753249,12.0,2.0,432.795959318326
31.373265620191702,13.0,3.0,469.8813989781153
29.623609027567102,14.0,4.0,458.3211891288116
21.686542582559824,15.0,5.0,363.1052495287015
25.433805377313234,16.0,6.0,410.21606590651066
22.33581865610038,17.0,7.0,375.7454809659496
20.90366767905314,18.0,1.0,414.06421111910976
29.776942855899254,19.0,2.0,484.8654062481713
19.01233844367419,20.0,3.0,355.16910394444113
20.53091784709193,21.0,4.0,383.8404340076576
19.47987183263807,22.0,5.0,325.8134254221372
17.548762383504766,23.0,6.0,362.5977717974047
25.732071459213017,24.0,7.0,457.0736158940732
30.80751524240988,1.0,1.0,407.3524354467593
24.07561621877367,2.0,2.0,384.3592492183645
17.47126099717917,3.0,3.0,292.21073079009244
29.19972269871014,4.0,4.0,410.6062640488844
33.42850877017486,5.0,5.0,411.419707010343
21.76878837926703,6.0,6.0,322.39504271032763
22.60722866641141,7.0,7.0,330.33903051764014
27.57830315041697,8.0,1.0,397.0614075280095
33.109368738925255,9.0,2.0,454.0960740789856
22.40082927137387,10.0,3.0,328.8458336349062
18.337751095008976,11.0,4.0,300.8604468564632
28.15709303136203,12.0,5.0,444.0527983689193
28.995340365711492,13.0,6.0,434.09510981725134
25.03065725217613,14.0,7.0,389.17852415627465
22.209333701712747,15.0,1.0,393.9851103240733
29.971893654960237,16.0,2.0,497.06675012362535
27.64018002273982,17.0,3.0,452.4860106449139
21.15782241548253,18.0,4.0,400.38570677344615
25.24547365652836,19.0,5.0,415.5226397175185
18.24146233987677,20.0,6.0,352.0420243838333
28.4294522821896,21.0,7.0,475.37406052316953
23.68883215308572,22.0,1.0,481.7413956975994
22.821445838076315,23.0,2.0,465.80995557106064
24.83562757423783,24.0,3.0,471.0128371315011
25.20153849665124,1.0,4.0,348.0440601697268
29.4746503078278,2.0,5.0,417.7678901908215
27.955452656626107,3.0,6.0,392.4480930271636
24.217953606035987,4.0,7.0,295.30629561294666
28.818340748594977,5.0,1.0,389.1047905288453
27.003686268458065,6.0,2.0,400.79966919173927
22.86700181856981,7.0,3.0,318.9306668746787
24.37640920881757,8.0,4.0,353.81231199303846
24.2588855557844,9.0,5.0,358.59255668468444
27.52630671587101,10.0,6.0,402.1397490337934
23.16488692639179,11.0,7.0,359.9002650993937
23.047954067891837,12.0,1.0,381.6971321355818
34.84378654716979,13.0,2.0,523.9440158165042
29.69867740873552,14.0,3.0,452.68229677834455
21.196996677874303,15.0,4.0,367.27736413731833
27.85470496971099,16.0,5.0,416.5636076142396
25.59175032827589,17.0,6.0,443.4044273224753
26.957755876300467,18.0,7.0,425.14760848405496
25.68670662282552,19.0,1.0,427.1264596682297
30.94821322742618,20.0,2.0,507.7439437716412
26.72810172325723,21.0,3.0,447.9421919849111
24.689556508928565,22.0,4.0,434.37651029339975
30.210952884915088,23.0,5.0,507.2787323355322
26.16642520543936,24.0,6.0,457.13459957880247
25.60739289664529,1.0,7.0,386.3061164724656
26.57011301243057,2.0,1.0,371.2045592579218
24.53195488316817,3.0,2.0,366.6763132092661
25.046134964977345,4.0,3.0,322.6274686999145
22.06652705619064,5.0,4.0,316.4522879236118
21.244163901880604,6.0,5.0,305.7033651204718
20.007148067587803,7.0,6.0,297.98388620982547
18.04008356601462,8.0,7.0,307.71159553688625
20.601413193077217,9.0,1.0,368.7254332863204
24.12866482766537,10.0,2.0,392.179258369344
25.515587912228185,11.0,3.0,396.6229866509556
23.6435171842618,12.0,4.0,371.81807106836953
13.22148254936321,13.0,5.0,304.48682051736233
32.87293178881171,14.0,6.0,522.1544269712143
30.432400614451907,15.0,7.0,461.0251202401929
27.228799256085644,16.0,1.0,468.0752538422879
34.53745336276634,17.0,2.0,531.2419406235729
20.113179412581445,18.0,3.0,397.24189225512623
34.438125603130025,19.0,4.0,504.090320469098
20.17392961624726,20.0,5.0,376.97657055963015
26.193689626456784,21.0,6.0,456.8462850654796
18.63081337432898,22.0,7.0,399.5579526249294
25.073470477721838,23.0,1.0,446.3720203444648
26.930832489991943,24.0,2.0,442.6423426791168
24.226548344327227,1.0,3.0,328.3001949144473
28.56938722045069,2.0,4.0,403.8964864914719
25.495072247436287,3.0,5.0,323.27281065260587
22.38792635811245,4.0,6.0,302.3408657384928
22.165933410988305,5.0,7.0,328.7777058309053
29.054568863078483,6.0,1.0,415.2262635755556
21.73128985096516,7.0,2.0,358.20222814071616
29.57701485242469,8.0,3.0,402.19561331533527
31.11355896415965,9.0,4.0,437.6360177582232
16.65643068826935,10.0,5.0,325.46801493075543
30.66463193650517,11.0,6.0,419.78839549231606
35.3021134922235,12.0,7.0,521.5593808484404
26.260018806009644,13.0,1.0,403.25184834232266
27.99542092647411,14.0,2.0,460.9418408122933
30.185026621845797,15.0,3.0,460.3910960141954
23.62258842410489,16.0,4.0,381.32771908826936
25.911401117689348,17.0,5.0,419.1760302338415
18.429002351884453,18.0,6.0,367.1886072824244
25.69317514265225,19.0,7.0,430.7946715284928
27.490559978222706,20.0,1.0,494.2749880110939
27.580815114632347,21.0,2.0,503.5229523650211
30.3271236179879,22.0,3.0,480.610622873522
21.125989109322354,23.0,4.0,389.1345081950166
22.33696621663252,24.0,5.0,402.27378669390833
34.477536729956775,1.0,6.0,413.79144537860736
24.24835813118145,2.0,7.0,353.5678717282094
26.00016893656164,3.0,1.0,383.2089283789511
24.664949791373896,4.0,2.0,349.7489464552904
20.891595868474887,5.0,3.0,324.6939068722922
33.11764605445903,6.0,4.0,477.2625706479091
22.36149294039697,7.0,5.0,381.7751464235521
19.36357238146535,8.0,6.0,320.8234104835095
22.746298613486243,9.0,7.0,298.27736245391446
14.991469991372332,10.0,1.0,302.8604418089228
21.74356267508409,11.0,2.0,385.1305893416679
20.15935701073837,12.0,3.0,357.0862164245052
28.08714315463662,13.0,4.0,448.40172992106193
21.63292880220064,14.0,5.0,378.47059551121407
29.439019677894244,15.0,6.0,426.6972884293051
31.99241996534661,16.0,7.0,461.1994309861968
28.905876681437995,17.0,1.0,464.63572307177685
23.923058555699612,18.0,2.0,444.5388811217632
25.70557248352797,19.0,3.0,427.73804346886726
17.3750752992797,20.0,4.0,370.86880565615
24.3311031373938,21.0,5.0,439.384883252362
20.697807659665838,22.0,6.0,430.70202189824096
28.47163190574649,23.0,7.0,477.88272349487664
37.86376194622237,24.0,1.0,560.5424510966985
27.499108179869047,1.0,2.0,386.928491096626
15.044299255226669,2.0,3.0,294.2040967849468
23.193849035428137,3.0,4.0,349.1861572516105
25.612454626872275,4.0,5.0,345.37131443251457
25.43678712630132,5.0,6.0,339.72895367943386
21.345934371956236,6.0,7.0,303.3999670494142
26.22645871318468,7.0,1.0,434.3308247394877
18.787495815403062,8.0,2.0,315.32840934360195
20.275456386574664,9.0,3.0,325.50169598918603
28.22898820801856,10.0,4.0,417.1211491976409
19.92168384560087,11.0,5.0,332.87869748389465
27.691058027461285,12.0,6.0,450.26358747036295
18.15268112671971,13.0,7.0,305.23726144687106
33.82412941895868,14.0,1.0,528.8541588227957
21.128650387979725,15.0,2.0,382.7283458088189
23.881667140982778,16.0,3.0,433.9572016783815
26.65306630545203,17.0,4.0,471.1830439292013
22.17325023749453,18.0,5.0,398.4284550532072
25.71702980535652,19.0,6.0,427.8690258615819
27.876783622600627,20.0,7.0,459.0914128633083
29.803066162517425,21.0,1.0,498.1352481850717
28.957487179864785,22.0,2.0,460.4355426838733
24.14094768098663,23.0,3.0,478.45908428556777
24.266841129781987,24.0,4.0,455.58411164544367
36.74554279012517,1.0,5.0,434.19344420023054
29.74944534124646,2.0,6.0,348.1439870084964
20.39088171839893,3.0,7.0,251.35683252538232
25.49994081882776,4.0,1.0,387.40901692202766
23.32428430610904,5.0,2.0,339.8632916929485
24.32332883038445,6.0,3.0,355.13527494174184
18.85252421145956,7.0,4.0,321.28832740537206
22.940383828070235,8.0,5.0,344.0828751586668
34.05777886596957,9.0,6.0,478.5082769807659
27.895381504377514,10.0,7.0,409.85909633130944
12.5441929592427,11.0,1.0,275.75933792944227
31.08361746248973,12.0,2.0,433.3811665110676
30.448147614545807,13.0,3.0,444.0868490166809
23.20357347846792,14.0,4.0,402.0864420964165
28.586317718916074,15.0,5.0,432.2227408918797
20.703003945914,16.0,6.0,393.1374305748298
22.648721418668213,17.0,7.0,437.4152406665501
32.49273180334927,18.0,1.0,525.0550240503192
23.641349800651454,19.0,2.0,455.2701358338177
15.651341690225046,20.0,3.0,361.9279616681719
24.68348388609332,21.0,4.0,429.14959840748935
24.607058035428217,22.0,5.0,445.0736136504307
30.9918428468673,23.0,6.0,547.1848473906218
25.0716821108788,24.0,7.0,439.245746256239
22.89208844279853,1.0,1.0,310.13433845042385
30.22528072615603,2.0,2.0,383.5689187992549
25.603951162505552,3.0,3.0,357.68892394838457
21.24988659217141,4.0,4.0,300.4294241488529
30.77498780270809,5.0,5.0,451.2302665758257
25.968308822584,6.0,6.0,376.0102189176657
25.014629833397187,7.0,7.0,383.58082452918194
25.88954195705827,8.0,1.0,389.9221117589888
19.646658142917016,9.0,2.0,312.6626374740478
22.361731119108317,10.0,3.0,338.4294322824176
25.01791300916392,11.0,4.0,375.0192952480768
24.0266815248766,12.0,5.0,392.21732512930026
31.362141914082976,13.0,6.0,471.0190777761887
26.087029263635017,14.0,7.0,421.9342140975239
29.27451961318201,15.0,1.0,434.971742456183
25.046976772879248,16.0,2.0,424.4615840108271
30.281442418730613,17.0,3.0,458.2931875694583
26.98763878286577,18.0,4.0,455.90570718034826
25.067102426942306,19.0,5.0,440.2525653793721
24.933584555204902,20.0,6.0,407.8923846115202
20.227806868545184,21.0,7.0,405.6386608293788
27.534578600681552,22.0,1.0,529.1222448373804
24.798976327318105,23.0,2.0,473.6864780248743
22.490040199093976,24.0,3.0,432.6437211999177
30.53230885406036,1.0,4.0,391.9921744764088
18.748919870525995,2.0,5.0,278.3079190718097
22.887520522837832,3.0,6.0,310.6605282928381
30.138593743897665,4.0,7.0,405.4339015720177
26.577614704601267,5.0,1.0,365.0068952229266
24.76070536173621,6.0,2.0,333.8130978854041
26.25501771575073,7.0,3.0,392.9422107937783
25.897070855244205,8.0,4.0,387.3953698679584
17.416687268570392,9.0,5.0,292.74347235696007
23.253690573260197,10.0,6.0,338.8829732803946
33.08260827256875,11.0,7.0,470.6209632639682
21.703379326114163,12.0,1.0,354.2302924897326
23.40849492947833,13.0,2.0,390.3060622774766
22.291896183454064,14.0,3.0,419.2183989170695
24.564923883409318,15.0,4.0,421.6730342256008
22.08438584337851,16.0,5.0,358.4612051861512
27.4337075107903,17.0,6.0,415.8400436876569
25.98656706145133,18.0,7.0,431.9020524693885
28.86773807553509,19.0,1.0,453.1709671141705
19.7452941690552,20.0,2.0,351.4184320658663
23.298297585585484,21.0,3.0,439.63041608178935
23.871386841939326,22.0,4.0,443.13258350581066
27.27823455044297,23.0,5.0,481.7943121300124
21.033894013964822,24.0,6.0,417.5996437760063
29.57826902129172,1.0,7.0,378.4764759794693
30.932077952588045,2.0,1.0,403.0770085723472
20.05563826182208,3.0,2.0,319.8790819399797
22.54563552553217,4.0,3.0,367.0540250234247
22.34034245853954,5.0,4.0,326.3788444365263
38.161931023387496,6.0,5.0,476.20450602970897
22.850499473960568,7.0,6.0,322.80260635138086
33.388127210780674,8.0,7.0,435.5466674411324
18.66684002446695,9.0,1.0,332.72037073419096
20.051745169178183,10.0,2.0,301.72490042071064
21.566977340759,11.0,3.0,370.45318189623646
20.771553442767388,12.0,4.0,368.593794633597
23.660506329207507,13.0,5.0,350.6434960932175
21.456108986392508,14.0,6.0,346.9774811383731
20.90329203632713,15.0,7.0,364.6265399601796
30.79235998236664,16.0,1.0,482.0542052175784
31.118968112565824,17.0,2.0,500.5824304910301
29.746482491876577,18.0,3.0,475.6420884884385
27.61999477792164,19.0,4.0,484.4953383147157
25.463715328897763,20.0,5.0,433.213765308104
22.51484654667045,21.0,6.0,392.4878057323095
20.234212476224545,22.0,7.0,370.0732874370103
26.81497851716344,23.0,1.0,494.8591553572681
19.13184803726601,24.0,2.0,405.9109032117985
20.030395354123037,1.0,3.0,308.97827155573424
30.76456628102405,2.0,4.0,417.90811279482415
34.50324520861044,3.0,5.0,404.6354550308276
26.966475690832404,4.0,6.0,348.8631048878552
30.532285761473226,5.0,7.0,388.9103568046558
23.770758412780083,6.0,1.0,348.3863003579656
18.31162906956158,7.0,2.0,303.7091841640853
28.06085809309292,8.0,3.0,431.59157282327294
27.84644661635032,9.0,4.0,435.4341132111812
25.358342769401222,10.0,5.0,382.7256110899523
23.788122709474443,11.0,6.0,369.85560986824953
29.81105289290549,12.0,7.0,423.0018544479092
20.07133483286263,13.0,1.0,364.4971022733972
21.13109710554671,14.0,2.0,379.3613887101458
19.95946746619786,15.0,3.0,381.7241857620239
25.424864813179138,16.0,4.0,438.2174226514424
19.56053493945371,17.0,5.0,319.56298837315603
21.578789097423783,18.0,6.0,384.7369920214954
21.47122218886401,19.0,7.0,416.3942225064422
23.69695833833021,20.0,1.0,425.2072848372037
17.563127767980117,21.0,2.0,397.41611404706697
25.436024960186334,22.0,3.0,449.2312136016395
31.23651825332339,23.0,4.0,518.8636518820732
25.67745686158381,24.0,5.0,439.0367547678552
32.70660572400661,1.0,6.0,392.0810860887358
31.669990929384625,2.0,7.0,420.20974073910656
28.888675236239276,3.0,1.0,418.523117966406
25.37342921318443,4.0,2.0,368.2628702558542
25.1125019412272,5.0,3.0,342.5745345595042
28.8189988618163,6.0,4.0,407.06607975030727
23.04164695247984,7.0,5.0,375.5611687382839
15.58739624266268,8.0,6.0,312.731291827662
27.4600202705148,9.0,7.0,392.2660440586297
19.344656850325144,10.0,1.0,307.24921149809563
20.18929385904808,11.0,2.0,367.7002105815764
25.00111973997894,12.0,3.0,395.4919354706894
24.52437561223265,13.0,4.0,417.1045689535473
17.939621968421847,14.0,5.0,340.01766418457083
25.8274578206657,15.0,6.0,397.60569609142
29.830698304305244,16.0,7.0,458.4718702562401
19.358292148671087,17.0,1.0,401.7496888277974
31.362416654243795,18.0,2.0,494.6410867630931
17.19914587435028,19.0,3.0,337.2953554745952
35.58662072185477,20.0,4.0,512.0933238466146
22.943697847582584,21.0,5.0,403.9936847385328
25.72808498413445,22.0,6.0,441.0781246059249
15.53983213757165,23.0,7.0,365.7983040940617
24.689319667653457,24.0,1.0,441.4762113203021
26.14241088859096,1.0,2.0,391.4991466005024
24.569189479502526,2.0,3.0,319.9488505782015
22.18459461473813,3.0,4.0,371.475667998518
20.26717740736093,4.0,5.0,342.18214520869867
30.652633097686557,5.0,6.0,416.3496559646254
25.15403567498975,6.0,7.0,327.58648605450566
32.70376188258386,7.0,1.0,457.9291375861902
22.367588226025383,8.0,2.0,349.9390631005237
22.826026533138915,9.0,3.0,338.7745208703707
29.07797122298081,10.0,4.0,434.59990477475696
16.88512518998218,11.0,5.0,292.3783893027089
18.932683199235385,12.0,6.0,317.0287150513622
30.48742485676582,13.0,7.0,444.8006758762111
19.140330353884025,14.0,1.0,346.9051269647262
15.90474492348726,15.0,2.0,369.6105815770732
34.342635940365454,16.0,3.0,503.7120667436635
18.03091176062897,17.0,4.0,362.12673783417927
25.92059699164085,18.0,5.0,437.1164197606157
25.34542596362136,19.0,6.0,437.50926414139104
10.94685841690958,20.0,7.0,297.0503522413145
23.66341488416096,21.0,1.0,456.261378573732
27.24206624739555,22.0,2.0,481.74958398632833
26.771546907594303,23.0,3.0,478.2133849736694
29.517603419017508,24.0,4.0,504.34557555953785
23.06254342547283,1.0,5.0,317.85707720792874
28.5625222104608,2.0,6.0,359.3892644713945
21.55335465959964,3.0,7.0,308.3161790475924
17.947662917936125,4.0,1.0,301.3019766846719
18.51135812159384,5.0,2.0,312.15687234739426
17.689447724022926,6.0,3.0,301.500172700034
30.047929839455968,7.0,4.0,418.820198125589
17.427132454707216,8.0,5.0,298.1297264831542
26.37019420324652,9.0,6.0,379.62901234144937
23.67037902963784,10.0,7.0,371.9682701165096
24.48675713274684,11.0,1.0,392.445006769186
31.818036475998497,12.0,2.0,475.7915835239344
22.807863163923635,13.0,3.0,404.0946925068874
28.058007807748417,14.0,4.0,424.39289988463577
25.18781675690556,15.0,5.0,423.8120751872653
24.23990547183651,16.0,6.0,405.06325831607256
36.499845621932366,17.0,7.0,569.4223282109388
17.79329127142315,18.0,1.0,360.6069061449613
31.445659177187224,19.0,2.0,517.3598834348936
28.28203282744986,20.0,3.0,474.1273973096181
22.60237502684108,21.0,4.0,391.25766010214096
33.14659258720806,22.0,5.0,516.0521439616977
15.759449438057317,23.0,6.0,372.203916489141
22.39116671350464,24.0,7.0,414.25777792288096
18.95758897865462,1.0,1.0,247.17076348975397
27.0604173243573,2.0,2.0,373.9761129050829
19.434679494064117,3.0,3.0,278.5000689816209
27.1653197337066,4.0,4.0,382.2895519890004
24.06781792089223,5.0,5.0,381.7011208368827
22.60323028671958,6.0,6.0,353.42144908325383
26.94323623016655,7.0,7.0,414.1654788764651
23.65689188030968,8.0,1.0,362.33867837420695
19.55682578470481,9.0,2.0,331.70493117433745
39.00686494817489,10.0,3.0,510.1799255455933
22.56416408485428,11.0,4.0,354.96077194774085
13.911954599239928,12.0,5.0,265.58184934667565
20.789506551393057,13.0,6.0,328.76060612969144
18.663616558136347,14.0,7.0,362.9532980879903
29.13072808020258,15.0,1.0,421.46807490149735
26.60826329795793,16.0,2.0,467.4854110756704
26.99356400895172,17.0,3.0,470.85681858792185
23.14988767081378,18.0,4.0,419.49473021771774
23.603248764715392,19.0,5.0,393.7423422852725
23.145344481961654,20.0,6.0,381.8099425907525
24.59403407932265,21.0,7.0,418.9722671679552
29.17666717682417,22.0,1.0,511.2690808950402
26.68037706252673,23.0,2.0,475.8650433740808
27.50056414810433,24.0,3.0,465.1356515791482
27.49779454124601,1.0,4.0,390.94204110559
29.422212186908688,2.0,5.0,422.9097884327176
26.440750207701274,3.0,6.0,356.8755187967208
26.794240363394596,4.0,7.0,369.1291417058928
30.944031205965786,5.0,1.0,401.2633383870679
21.67477040998444,6.0,2.0,332.4599697776637
20.721287100242463,7.0,3.0,343.42167056244455
19.07039200406572,8.0,4.0,325.8010508458127
25.91457281810128,9.0,5.0,378.9923711968187
15.731338793904383,10.0,6.0,283.82851776951486
27.310770480298387,11.0,7.0,398.1634900720929
24.454034527497235,12.0,1.0,395.9710510006047
30.673198499105283,13.0,2.0,474.1966810414154
21.640413447675048,14.0,3.0,338.05339276936803
23.983408572912467,15.0,4.0,401.3470954329662
30.611016666466845,16.0,5.0,478.1096773771822
31.915678233890763,17.0,6.0,474.7470886260861
21.5992381712409,18.0,7.0,375.4057208331113
25.9089061629358,19.0,1.0,442.081172813049
26.47209488842024,20.0,2.0,449.1399494134592
26.86826702810574,21.0,3.0,464.8003458380649
23.68712170342189,22.0,4.0,437.4512721944946
31.40691699061817,23.0,5.0,472.05888358150577
15.551482581892271,24.0,6.0,370.5724332483685
22.89434882599458,1.0,7.0,307.1435105730066
27.239653663864736,2.0,1.0,418.0558001480181
27.28612405974672,3.0,2.0,358.02826981949306
31.76379515307381,4.0,3.0,411.2916613556516
30.991126966006437,5.0,4.0,418.8530900883992
23.57229187346388,6.0,5.0,358.98742772835953
31.499356217653023,7.0,6.0,392.9782156291002
21.429791281112728,8.0,7.0,316.71591176880514
29.654436913959188,9.0,1.0,450.3707723510688
34.05261239210496,10.0,2.0,465.56364499239874
31.07472053427485,11.0,3.0,484.147732870273
25.528851917620617,12.0,4.0,394.2108471992247
23.341106141139388,13.0,5.0,365.423597384556
17.35704351870357,14.0,6.0,337.7753203428261
26.55269818957102,15.0,7.0,451.6793296321992
19.423913860145404,16.0,1.0,379.567063776332
21.03432668193032,17.0,2.0,414.5518548037683
19.046270996316643,18.0,3.0,404.9954167759057
22.698038336716724,19.0,4.0,391.54320976861567
24.86015292756509,20.0,5.0,452.3693559568426
26.368072905828527,21.0,6.0,420.2113188722143
21.997466822930186,22.0,7.0,417.4727188650295
30.346418531975917,23.0,1.0,514.0378275094628
23.95897371005017,24.0,2.0,478.4487411613429
21.06138783367241,1.0,3.0,330.05890859642085
26.131461336217185,2.0,4.0,370.7102803728599
34.81776416771908,3.0,5.0,454.1461996668471
26.67580283267559,4.0,6.0,378.9254018611949
23.185721863131963,5.0,7.0,337.09263605885053
17.36269321940648,6.0,1.0,299.40301737190674
23.90293839513965,7.0,2.0,396.8809473964453
26.174640625440578,8.0,3.0,424.0042026479693
23.06209554372215,9.0,4.0,360.7877714831773
16.673076808795003,10.0,5.0,306.48349614816493
20.74717305248283,11.0,6.0,346.10483502028376
32.27269230443879,12.0,7.0,429.492954205644
32.170005018652304,13.0,1.0,476.9713386342829
20.56680415397701,14.0,2.0,401.6621255607322
28.36378393599711,15.0,3.0,434.6423218593349
19.10713607614913,16.0,4.0,401.3622300075173
32.021581409974765,17.0,5.0,513.6583402915353
26.226179239471183,18.0,6.0,442.291755405636
29.748207493082667,19.0,7.0,482.6989406503551
16.424533264087305,20.0,1.0,342.9011987141725
28.38818550962444,21.0,2.0,477.5772800517504
24.96162968157748,22.0,3.0,479.44427902221
29.259645353954213,23.0,4.0,483.3058667560715
29.57433899048925,24.0,5.0,521.9660250438684
25.328923447373747,1.0,6.0,312.74843068499626
21.995851804520427,2.0,7.0,284.9953497957041
28.898480910897472,3.0,1.0,439.012502420701
24.699227502974363,4.0,2.0,360.7555321049371
20.636075232361787,5.0,3.0,311.59075458373104
20.39923884271157,6.0,4.0,349.24720496709494
17.61417791843809,7.0,5.0,321.05821028365096
22.448544202184685,8.0,6.0,364.9005333269916
30.51346023037189,9.0,7.0,417.7366439154768
25.889148998527173,10.0,1.0,400.1531384665182
22.351161470384795,11.0,2.0,378.7441911783425
29.0242796909004,12.0,3.0,455.1307837519488
20.837616891383057,13.0,4.0,351.2064974334598
25.47675137166389,14.0,5.0,413.1822559290529
24.101848136372425,15.0,6.0,403.3663073796724
28.89565312794176,16.0,7.0,473.6919264069227
17.113858145402496,17.0,1.0,368.22789803272735
20.74901127092672,18.0,2.0,361.3540798125614
16.80877170452733,19.0,3.0,349.81511087556555
23.70201639095365,20.0,4.0,406.44449650986815
31.05713751816215,21.0,5.0,511.933123593855
22.472763951732365,22.0,6.0,435.1907065274245
22.446580309021748,23.0,7.0,420.4969228024224
29.35862212092068,24.0,1.0,505.2236805966498
30.342747792276494,1.0,2.0,403.8108737834846
24.55714466365605,2.0,3.0,350.7498321061156
28.42357427024946,3.0,4.0,374.43374966815645
19.615227295610268,4.0,5.0,276.7780509407154
31.88987166962707,5.0,6.0,384.8959358451637
35.74353146968526,6.0,7.0,491.77895733163024
27.606078955943623,7.0,1.0,417.9881144321356
14.578341893285998,8.0,2.0,287.0336391597434
22.20884868801108,9.0,3.0,383.3924646391697
28.064126608346605,10.0,4.0,393.53190588961775
22.892585014168187,11.0,5.0,334.21323262458145
31.360992771250487,12.0,6.0,463.2945660428867
27.940786322179328,13.0,7.0,429.2732907306618
21.467622496171018,14.0,1.0,347.05008876825514
25.161324053856266,15.0,2.0,427.8036617813721
20.53083389680455,16.0,3.0,368.30387992005416
24.08707560793779,17.0,4.0,397.7289948846263
22.22703379783724,18.0,5.0,390.6018638127241
30.873809001165192,19.0,6.0,436.9075185932825
35.580060284154975,20.0,7.0,522.973118373711
17.844058333821238,21.0,1.0,366.3546919485283
15.38391856895124,22.0,2.0,368.9812346282352
23.77413789074307,23.0,3.0,440.576776177213
17.407921505856585,24.0,4.0,394.8565925321435
25.231058018354585,1.0,5.0,291.31979328881226
28.744680569029637,2.0,6.0,362.6648412388754
32.47070948633412,3.0,7.0,429.8270358947701
26.00697279357641,4.0,1.0,370.89243532430095
24.034223875752105,5.0,2.0,376.2514494170084
15.10807541713458,6.0,3.0,235.9886959835613
25.13092574592899,7.0,4.0,388.9314742530794
25.35643630274731,8.0,5.0,365.78157867177225
28.19478407106373,9.0,6.0,394.2238990229837
21.457559492354545,10.0,7.0,363.3965358620945
22.8247369988207,11.0,1.0,403.48539258733706
17.609988723479077,12.0,2.0,350.79388115653643
13.543535965579672,13.0,3.0,332.208198156762
19.457514546016085,14.0,4.0,377.91121762902753
17.148370928734916,15.0,5.0,315.57497761270315
26.68356147710305,16.0,6.0,431.6683773337436
22.409329716665717,17.0,7.0,380.8893389969584
22.30881434962605,18.0,1.0,450.66994069524185
20.07793476912394,19.0,2.0,411.8767467852136
8.837172837437834,20.0,3.0,275.5941256401092
32.54155374373775,21.0,4.0,535.9737333924375
19.99864738611606,22.0,5.0,370.34250453489847
22.937899650750467,23.0,6.0,431.3842312604141
17.725539173553447,24.0,7.0,357.49694188347274
29.85965171720317,1.0,1.0,366.8246731594836
25.71714468518662,2.0,2.0,376.8621716024629
20.868173573670656,3.0,3.0,332.8535576404576
23.03885194327988,4.0,4.0,347.5327721570385
33.39089961062435,5.0,5.0,440.2496552949135
24.63515284059361,6.0,6.0,333.0243553090079
24.09133231192047,7.0,7.0,331.6863857048598
20.293092569303678,8.0,1.0,320.5453260982608
15.527094247638486,9.0,2.0,289.5974766418864
24.19980663210328,10.0,3.0,404.52164099313103
26.627425561623088,11.0,4.0,430.482339837804
30.49792232163835,12.0,5.0,417.007871224126
13.757517327501724,13.0,6.0,270.7105065406783
19.374518364884857,14.0,7.0,328.3419632574118
22.09629454721775,15.0,1.0,342.33128290215257
24.98259575713399,16.0,2.0,435.1483765103381
24.274831542357887,17.0,3.0,413.82511893720846
24.39155657156365,18.0,4.0,419.65271498301695
27.04048029284972,19.0,5.0,477.32222409601
20.483534446104454,20.0,6.0,388.60152472673167
29.670707211168477,21.0,7.0,472.0924628123644
27.167262208497405,22.0,1.0,490.11417450507287
23.4008386793596,23.0,2.0,464.1858237251072
33.00453995944458,24.0,3.0,546.9747509154304
32.78208017785883,1.0,4.0,434.6045937525513
29.66447677596904,2.0,5.0,388.73341476483273
9.907216147161035,3.0,6.0,194.43500654441712
32.89472546358988,4.0,7.0,430.2076688418754
28.97379261235967,5.0,1.0,396.67550711494346
35.032043188564685,6.0,2.0,462.9591995982548
31.187322958667693,7.0,3.0,465.4308224230464
32.891713387486426,8.0,4.0,497.07625579211066
29.393274250901896,9.0,5.0,455.7767007897826
31.74346599322756,10.0,6.0,422.9695127969047
34.9706187036722,11.0,7.0,455.30903634502255
26.082773691891028,12.0,1.0,394.0135482800071
17.13884727960935,13.0,2.0,333.07622163368313
23.46269549992429,14.0,3.0,339.45246315208965
26.949727996917183,15.0,4.0,420.7212486367818
25.37443792185779,16.0,5.0,446.8863650018002
18.76719016920287,17.0,6.0,374.3206783066069
16.844661874025107,18.0,7.0,327.26472572878095
21.29418665682585,19.0,1.0,396.2747577448458
29.03869777992076,20.0,2.0,495.73181193534566
32.90169885411485,21.0,3.0,543.7223636460325
29.582838068888503,22.0,4.0,483.1656353340898
30.28713643557068,23.0,5.0,498.1840439213181
24.59592213418221,24.0,6.0,436.6390267714216
16.28958771147018,1.0,7.0,220.26888828719748
22.723897095586477,2.0,1.0,329.8440959954284
23.706177940638103,3.0,2.0,340.1432286022058
22.51473756582159,4.0,3.0,310.93449333844273
25.27347432687313,5.0,4.0,378.6563620214859
27.207098799464752,6.0,5.0,396.7374015671653
29.26507594121749,7.0,6.0,423.5651534290765
23.60940067816833,8.0,7.0,339.732599672396
15.481202971777034,9.0,1.0,257.14051615547737
22.585611403544327,10.0,2.0,379.20273662835626
25.21855198495992,11.0,3.0,384.90326555700494
31.11403961066704,12.0,4.0,441.3270334417565
22.160960789079475,13.0,5.0,346.4685463979259
27.56271814199701,14.0,6.0,422.12073085822703
26.45043949817716,15.0,7.0,450.0509409227811
25.219502665616943,16.0,1.0,419.0860362290591
29.65266659662296,17.0,2.0,453.7306050828909
21.69579401623709,18.0,3.0,410.9966081829715
22.12406775178242,19.0,4.0,407.6969231132499
24.94049588452886,20.0,5.0,392.0189314915244
21.7992674745315,21.0,6.0,418.2396011403807
27.540061455273,22.0,7.0,506.969969922762
21.43403847816933,23.0,1.0,374.3296662331129
26.131521038725676,24.0,2.0,450.6010899068143
24.499136156066218,1.0,3.0,284.0208197876301
26.07462982388353,2.0,4.0,357.2402098240186
22.701293024684805,3.0,5.0,346.8206549790751
23.304558527365863,4.0,6.0,337.1556002695842
25.48004633998525,5.0,7.0,386.6403773621059
26.010372530806563,6.0,1.0,403.7147311146683
24.97899042304422,7.0,2.0,412.8328507004857
33.52681178256542,8.0,3.0,489.472333187796
20.04631540629358,9.0,4.0,325.4042926907457
24.678981025236432,10.0,5.0,383.1243393770611
17.131854889415077,11.0,6.0,290.94501058453136
26.86040739333693,12.0,7.0,402.99095055600833
19.423767318115928,13.0,1.0,357.47430662152163
23.60844872061712,14.0,2.0,398.3863407354641
23.13967837334337,15.0,3.0,424.24185425950594
26.404455633005856,16.0,4.0,425.441195079922
22.2360454122741,17.0,5.0,373.7187258515938
22.02347151153009,18.0,6.0,374.8424944172372
32.17928232042949,19.0,7.0,508.8948286367455
26.42283395237263,20.0,1.0,433.1655713619463
22.19474573988866,21.0,2.0,416.9237339958683
23.745831640943845,22.0,3.0,465.0083213185469
33.226774761353724,23.0,4.0,541.1197165283538
23.824175608744515,24.0,5.0,441.74964830507
21.55361688423806,1.0,6.0,301.817960769612
21.57501924936804,2.0,7.0,284.15890064913697
22.254367595052116,3.0,1.0,317.40098174183026
22.027511387866387,4.0,2.0,330.37148042037234
18.601760758253786,5.0,3.0,307.4430681847237
19.378999515265107,6.0,4.0,330.75299538869325
20.85339812819315,7.0,5.0,330.38519362536016
27.95785509226549,8.0,6.0,428.6340344377399
23.09381356363563,9.0,7.0,387.0420959405468
23.9641915545298,10.0,1.0,402.5472597949421
31.350440126274485,11.0,2.0,487.00402942386256
31.47503574969209,12.0,3.0,445.93608706915904
23.589375284311323,13.0,4.0,365.909774149352
21.84568244658296,14.0,5.0,383.81629199163285
20.677848431632317,15.0,6.0,336.95428807898213
28.46387884854119,16.0,7.0,437.8313516050932
23.97646383238856,17.0,1.0,437.1884764304804
23.067525548386048,18.0,2.0,442.9427139775646
20.93167712431224,19.0,3.0,390.2324582373611
21.151667954943058,20.0,4.0,386.5177936432768
26.60029095746622,21.0,5.0,462.4121420048939
18.42280867056369,22.0,6.0,354.7572178351591
29.974343468939693,23.0,7.0,490.2778617235284
22.330776780925408,24.0,1.0,440.1477668437285
24.25182027874104,1.0,2.0,340.95852293399446
18.315110209297227,2.0,3.0,285.92117156932994
24.938170308788177,3.0,4.0,335.69140597643894
23.3583952865472,4.0,5.0,324.04409301310363
24.749597005717668,5.0,6.0,339.5536448365243
32.358544491809454,6.0,7.0,400.1835581341934
25.8884902289512,7.0,1.0,397.7215087264341
21.02670407927098,8.0,2.0,362.1601898265499
21.44340044726716,9.0,3.0,366.3602061297423
27.975655929568845,10.0,4.0,412.5066220864734
31.49346645496712,11.0,5.0,438.7145597603935
26.40959010375525,12.0,6.0,420.9821938848063
28.44356372277385,13.0,7.0,441.2140976752296
28.048688616683524,14.0,1.0,451.83529901556113
32.0953220667876,15.0,2.0,524.8394457163415
15.252049136369836,16.0,3.0,322.99198093635715
28.336094696522643,17.0,4.0,451.2231472867287
29.918680219517817,18.0,5.0,466.19045557368617
18.306381469322133,19.0,6.0,328.8462605636052
20.57165907996792,20.0,7.0,397.943390082525
20.746086256859236,21.0,1.0,407.3511552254368
21.356049018113083,22.0,2.0,427.7591150082668
22.59141474532237,23.0,3.0,468.7517074950485
26.213014065274702,24.0,4.0,462.3151052546547
29.328373255836848,1.0,5.0,336.5235582225374
30.40658478884268,2.0,6.0,405.6872552786423
20.81088469416109,3.0,7.0,305.4460347394644
20.776485006485085,4.0,1.0,310.1157725454245
31.579109200081117,5.0,2.0,442.7364187132411
28.233719677093223,6.0,3.0,419.0591231730197
25.41432420934498,7.0,4.0,358.21104388921884
27.366683377774837,8.0,5.0,392.6401965496807
24.850981090742795,9.0,6.0,405.0448855044065
27.622923415238077,10.0,7.0,390.7967903277934
23.319666517471298,11.0,1.0,386.53006028298864
26.34402467219616,12.0,2.0,364.9520234010839
17.447269748152518,13.0,3.0,300.8357874598993
21.561078525872844,14.0,4.0,376.7611352053845
21.61494411604828,15.0,5.0,400.7091973521949
23.12804983396543,16.0,6.0,366.0399046996343
20.36743372610126,17.0,7.0,369.16561850222257
22.332281870884596,18.0,1.0,402.8084605277716
17.427929688009396,19.0,2.0,382.3410579799439
27.7435023819745,20.0,3.0,444.0789577132933
24.587432405443028,21.0,4.0,447.47587702178
16.473961961119915,22.0,5.0,346.665805871274
20.825850447266635,23.0,6.0,409.7192649691958
26.683007137810836,24.0,7.0,467.2086924242777
22.28489026807105,1.0,1.0,319.81332119785816
21.51529269930952,2.0,2.0,328.70916391848283
24.627036614959614,3.0,3.0,353.1434208356554
26.71798767589108,4.0,4.0,372.5237507173769
17.818237714804198,5.0,5.0,281.0540464675871
27.7506424060894,6.0,6.0,391.0583918558007
20.99853359196312,7.0,7.0,328.4262068825526
24.910360158751008,8.0,1.0,366.32075998589767
24.82289929654245,9.0,2.0,380.239568207077
22.36466940880113,10.0,3.0,343.54297519538784
19.88170126934643,11.0,4.0,341.02010423784856
23.57156725953868,12.0,5.0,368.8690284983063
33.12665154537598,13.0,6.0,493.6821784133849
18.191624847681844,14.0,7.0,344.37078803195226
33.46156509552438,15.0,1.0,488.1606796839564
23.70139414461734,16.0,2.0,410.9677945382039
25.1768570854432,17.0,3.0,440.5389024393992
19.566445943076364,18.0,4.0,370.158293027483
21.143652916612595,19.0,5.0,376.8721786700151
22.485451749809904,20.0,6.0,385.0064469372031
19.77152514561044,21.0,7.0,398.8006026876717
23.95541021314564,22.0,1.0,464.6083650971558
22.964920540966144,23.0,2.0,434.4902534321805
34.253905712178664,24.0,3.0,568.8618088123202
19.17012907159769,1.0,4.0,225.3970801182701
25.513452583742936,2.0,5.0,376.6856188516141
26.239231409509124,3.0,6.0,356.2534179895477
19.64839725674081,4.0,7.0,298.3195037833979
28.434137477264198,5.0,1.0,399.93102029932254
23.00836493559186,6.0,2.0,381.9977989932688
12.538051742084663,7.0,3.0,230.16588494173595
28.299248060522824,8.0,4.0,440.481687137365
19.41529557948818,9.0,5.0,332.078374213784
19.761125269304504,10.0,6.0,342.06453701140816
28.439510414461992,11.0,7.0,411.81101287804165
23.26419258790775,12.0,1.0,363.4775419211501
29.5888607527575,13.0,2.0,473.498822838297
31.050830476826597,14.0,3.0,477.73647179205255
21.77535769838851,15.0,4.0,407.9860461500615
28.966312479775155,16.0,5.0,450.7875983934376
21.22269599303559,17.0,6.0,370.8423323523776
36.16557958566088,18.0,7.0,558.4175605894148
21.535214977343923,19.0,1.0,445.5900330633881
30.13043720480002,20.0,2.0,495.4913155753149
29.21895012940788,21.0,3.0,473.1343513569367
26.58043911054467,22.0,4.0,480.0150063612377
21.647284192916583,23.0,5.0,411.39243060575234
24.243012540292955,24.0,6.0,456.4153819109456
14.23205943527724,1.0,7.0,221.1350748651973
26.12210019191125,2.0,1.0,399.5012822833488
26.74807665514193,3.0,2.0,362.4909764504053
25.667497095306857,4.0,3.0,377.28556420350776
10.133469143537212,5.0,4.0,204.56065203072964
18.671817774550945,6.0,5.0,296.0880465170941
21.259545085756688,7.0,6.0,321.3543377623554
26.458294665945232,8.0,7.0,398.3551079813206
26.446694528214923,9.0,1.0,424.8342075808266
24.148881040144104,10.0,2.0,396.64358698008846
28.176227683019786,11.0,3.0,425.6026074952924
19.8687881234855,12.0,4.0,349.49148185488684
28.05117502846998,13.0,5.0,448.4661816538883
27.373710524199456,14.0,6.0,444.3233369861466
26.887773664189552,15.0,7.0,369.0722240148248
24.08979784457172,16.0,1.0,412.4535350102632
34.15371912415631,17.0,2.0,516.0520154127734
27.465978442449394,18.0,3.0,469.0448357070172
20.158320683732207,19.0,4.0,383.2477904831071
26.241527378679923,20.0,5.0,461.79894140578494
28.76241688537109,21.0,6.0,453.05095343309983
22.05945700537845,22.0,7.0,414.79566036300014
30.44636123465549,23.0,1.0,534.4677254155649
26.91016852858005,24.0,2.0,453.6140278994376
13.287608311673264,1.0,3.0,279.1489524809107
26.49835988668963,2.0,4.0,386.8013175242267
22.969854227936423,3.0,5.0,329.7256083286771
27.68589907270868,4.0,6.0,362.2908285823114
29.72107420125907,5.0,7.0,397.7090390071166
25.97581023570909,6.0,1.0,388.43414954931774
33.32626116972348,7.0,2.0,471.07586283347575
24.10646557718252,8.0,3.0,402.0778727610258
28.124089115269378,9.0,4.0,404.7189217638369
29.024712868186736,10.0,5.0,436.5013254333186
24.513270155536336,11.0,6.0,356.28411830336114
28.893871539888917,12.0,7.0,419.6667011123838
22.02663506418916,13.0,1.0,389.8006875992787
22.887157904893908,14.0,2.0,406.6968288691152
18.43755654831844,15.0,3.0,335.310915949892
26.207045581850235,16.0,4.0,421.2546218982641
26.62625837927172,17.0,5.0,465.47371650438816
30.896315792896143,18.0,6.0,504.20133032152233
28.955700021779418,19.0,7.0,467.7261445588415
23.576022216762837,20.0,1.0,388.0273191032141
19.10910156332861,21.0,2.0,440.3136665870863
27.16425201259987,22.0,3.0,472.2438888928538
30.55376586207321,23.0,4.0,502.2863174603056
28.77592486901972,24.0,5.0,482.31205017311487
30.42238762428644,1.0,6.0,398.75121698684654
23.940552344008783,2.0,7.0,336.13717522350646
22.66690515912177,3.0,1.0,357.68160905374793
21.315493238841004,4.0,2.0,308.6336891014297
24.72051766693202,5.0,3.0,356.955279106495
24.607046020155902,6.0,4.0,404.6813746660431
26.033388142695586,7.0,5.0,384.82569409195565
24.35351271482246,8.0,6.0,362.0846396816897
24.331861351366143,9.0,7.0,348.4862582019874
21.11652973513928,10.0,1.0,368.28398346780784
29.70809506775745,11.0,2.0,466.7013150184234
25.38259031121856,12.0,3.0,422.31765602838175
24.12778032857359,13.0,4.0,389.1017860135576
21.26285373375398,14.0,5.0,374.8535830048105
18.34043444804457,15.0,6.0,373.8375332134179
31.53982096274672,16.0,7.0,495.81585547089657
27.77319354065904,17.0,1.0,444.048680562724
16.880410787150165,18.0,2.0,301.8840065790722
28.81571150354829,19.0,3.0,480.0925651771676
29.612405851165548,20.0,4.0,500.0954210466241
25.621880611504647,21.0,5.0,424.4343162775812
32.9905544787588,22.0,6.0,521.7297543451324
26.08359821061441,23.0,7.0,449.5620007886826
17.915882360254052,24.0,1.0,398.2445500471845
26.825845005241604,1.0,2.0,356.3645243100218
26.224486508563647,2.0,3.0,389.0550850381964
21.983515756109227,3.0,4.0,325.79453517374753
27.86779418438713,4.0,5.0,366.0976041205763
16.66167366904569,5.0,6.0,291.9659797623313
29.952834137213948,6.0,7.0,383.2445894523054
20.609391481972736,7.0,1.0,363.78380237043007
20.07526937441484,8.0,2.0,354.57388222859964
24.43087613846261,9.0,3.0,408.1042672910419
27.164864640218177,10.0,4.0,406.4837189533495
25.819620317967143,11.0,5.0,388.2739235840039
21.28670417113811,12.0,6.0,356.54747693004293
22.46955354404056,13.0,7.0,367.006799713295
19.33478826311269,14.0,1.0,347.2931569198567
23.87660049185065,15.0,2.0,396.69353863599366
30.375106072554548,16.0,3.0,467.4236037802162
24.97868531178062,17.0,4.0,399.386779389009
29.297071273797265,18.0,5.0,481.5299785299593
32.27700668863096,19.0,6.0,498.7241241348896
22.059907404815164,20.0,7.0,393.4315046634787
24.06713373472318,21.0,1.0,420.46425412839824
35.85596430531248,22.0,2.0,539.3521834997755
32.221717059899724,23.0,3.0,566.9354516134455
16.637977370938238,24.0,4.0,361.834624452151
26.935741580304533,1.0,5.0,371.56798368723184
25.00279996169848,2.0,6.0,345.28068901498835
29.132265554293813,3.0,7.0,329.8188863207761
21.275106162574723,4.0,1.0,365.6000780885191
20.80195813979664,5.0,2.0,340.7012609734887
21.619646423531957,6.0,3.0,321.84306114922333
22.14035726900784,7.0,4.0,343.83624260148645
29.076620834045077,8.0,5.0,392.7825409923774
19.0939941342556,9.0,6.0,354.46435091177864
21.886930500203405,10.0,7.0,329.71615083720474
16.054938047492794,11.0,1.0,302.08770054103474
30.035589117061864,12.0,2.0,439.7646696076668
31.3551504971557,13.0,3.0,471.1590929757404
23.36463284568107,14.0,4.0,419.05265845959696
23.510253175933887,15.0,5.0,430.890020741242
27.266109511414488,16.0,6.0,426.6811722296989
32.37241003689128,17.0,7.0,495.2892800152712
27.043053737819587,18.0,1.0,459.0686456302773
21.512290287624428,19.0,2.0,384.4907175873631
16.905887140067797,20.0,3.0,408.5099828925968
19.424368686682563,21.0,4.0,414.49887811275073
25.366097251562326,22.0,5.0,452.443289509844
21.72336238399603,23.0,6.0,445.87114570994
25.974838529953796,24.0,7.0,482.990519553894
22.23537991881883,1.0,1.0,325.99102600982343
19.709267843527943,2.0,2.0,307.6119505418393
19.114841842734645,3.0,3.0,327.39094127487954
32.81177254686615,4.0,4.0,417.1946538460679
29.44493874591821,5.0,5.0,437.92320140560895
33.652589759139794,6.0,6.0,444.0236463776956
27.69975450377552,7.0,7.0,421.4910798947065
22.850042956925805,8.0,1.0,365.3958976200016
31.616704612449688,9.0,2.0,461.9191705739563
24.83465999319116,10.0,3.0,388.6604328004624
26.10420885145176,11.0,4.0,393.4052160582931
24.785878104622405,12.0,5.0,387.4576830833378
10.265478903579927,13.0,6.0,277.2370170991706
33.023675061474265,14.0,7.0,432.9534709612933
27.455019729788766,15.0,1.0,421.7708784017909
26.64911530434255,16.0,2.0,425.98171885626346
24.691119688647195,17.0,3.0,401.3443010377515
25.817139101930653,18.0,4.0,466.3709832276163
22.01360532076876,19.0,5.0,425.2895927647517
28.082896761536357,20.0,6.0,474.6696038032558
18.464508278004335,21.0,7.0,355.88900143049267
25.930342162352733,22.0,1.0,493.0044589594101
27.807867352855524,23.0,2.0,455.3160750086444
24.006654330885485,24.0,3.0,493.9061961118136
26.85433896235512,1.0,4.0,347.8507936800002
20.043328038828747,2.0,5.0,290.1925759514587
20.17086614552018,3.0,6.0,290.12178444530747
26.183585605131967,4.0,7.0,339.3737077693461
28.39274827310526,5.0,1.0,444.42974520979095
15.625671722491443,6.0,2.0,296.03460984060416
27.61010317555383,7.0,3.0,426.4104425971341
22.28399249811832,8.0,4.0,326.36653953996773
24.03596956346294,9.0,5.0,373.9784521747093
18.302410382174813,10.0,6.0,325.4446776083762
20.74191379906646,11.0,7.0,346.83426846166145
29.830626627651554,12.0,1.0,432.0987972551556
25.164316869901064,13.0,2.0,432.15316912162336
23.08610799145221,14.0,3.0,394.2920815702252
24.417558236844823,15.0,4.0,388.0763016555882
27.446059123321504,16.0,5.0,402.3555804421618
27.202472480816688,17.0,6.0,451.1580550779645
24.624864998015997,18.0,7.0,464.25776466279
30.46479555448334,19.0,1.0,476.3428700779078
29.85231318453333,20.0,2.0,495.9320728535926
27.06686014565198,21.0,3.0,488.87854703835137
25.27305891455035,22.0,4.0,425.3375438234775
28.286605475597696,23.0,5.0,473.2669193742765
26.57133710900592,24.0,6.0,450.51019550483113
30.304000359029736,1.0,7.0,406.7335374867883
29.49780688369154,2.0,1.0,428.48852022399655
19.90873049291136,3.0,2.0,311.26803022374827
19.570184146291467,4.0,3.0,289.8671600830327
21.493752277979617,5.0,4.0,319.0817040212392
29.880693450334604,6.0,5.0,401.196964218411
17.11845501614377,7.0,6.0,268.6391729289776
26.973786945539967,8.0,7.0,386.6971054390304
26.812715455464808,9.0,1.0,421.62368424388535
30.813240293430965,10.0,2.0,461.93755182288
25.90169345331944,11.0,3.0,404.85228724180416
18.28395304708049,12.0,4.0,331.98060720731223
20.203225196759384,13.0,5.0,350.40123606579823
19.090022390510875,14.0,6.0,316.9559931217833
22.310280168334295,15.0,7.0,380.30549962300046
24.085492162880364,16.0,1.0,406.18240991971066
19.172792368894715,17.0,2.0,343.7810593057584
32.353309953261444,18.0,3.0,511.9472108749261
18.373593140237794,19.0,4.0,354.5013306740071
31.7305171193124,20.0,5.0,506.8602496183007
30.925815157196705,21.0,6.0,513.2109078733556
29.49151274844517,22.0,7.0,464.9103530615472
21.53116696251625,23.0,1.0,429.15409526662194
26.712254395884507,24.0,2.0,444.9140863242378
18.61314433224691,1.0,3.0,312.78210513465467
29.554535175168745,2.0,4.0,366.3640218139119
24.630076092318657,3.0,5.0,336.00436767523905
22.953398927066573,4.0,6.0,358.3015873459449
18.88127576671865,5.0,7.0,288.1222991455668
12.612469406854917,6.0,1.0,229.1767403425432
19.807295714821223,7.0,2.0,341.33442179394297
30.56399097806453,8.0,3.0,450.450559023669
22.98583285762598,9.0,4.0,350.19460178895514
24.15335571442476,10.0,5.0,366.0350267286397
28.277771791442262,11.0,6.0,411.0695385020609
34.028344390581324,12.0,7.0,475.14296469209256
31.625023274728196,13.0,1.0,440.3908112088458
20.13832498091906,14.0,2.0,361.7547725868286
15.287147142812968,15.0,3.0,354.54975539179264
36.79807129550052,16.0,4.0,518.0613136102711
36.34495805829727,17.0,5.0,521.7797087135774
25.94226798214641,18.0,6.0,407.75032655753625
18.647558772090893,19.0,7.0,372.718826248816
29.81613266946969,20.0,1.0,519.2252738575445
24.46008156993695,21.0,2.0,467.207172482922
24.435094384466947,22.0,3.0,420.39073206679626
29.472294215525643,23.0,4.0,507.7187767651956
26.671873734366493,24.0,5.0,500.39373802794967
19.070925444925276,1.0,6.0,287.9025166034552
23.37629032459013,2.0,7.0,332.3310969127768
28.30576464330673,3.0,1.0,385.6247948603642
27.55126111202509,4.0,2.0,393.9148075961242
26.31008287179238,5.0,3.0,403.8271923120519
29.66711477237932,6.0,4.0,421.2353270923685
23.19141506091368,7.0,5.0,326.9486554885422
25.89334887609536,8.0,6.0,371.8126552752342
8.122104499111998,9.0,7.0,229.40663576889983
22.75174903078593,10.0,1.0,381.0123567148812
28.81951454287822,11.0,2.0,439.5763869936437
23.04802766441429,12.0,3.0,370.3999659792089
22.66886304141444,13.0,4.0,403.4606140248332
19.792735241125907,14.0,5.0,386.1756043677042
30.016829463645728,15.0,6.0,482.4320770968179
27.74231636770285,16.0,7.0,465.274996105936
29.127072989115423,17.0,1.0,466.0966050758309
16.368930190210552,18.0,2.0,337.6859199546274
24.19774978367183,19.0,3.0,424.8505943667346
23.59944496124997,20.0,4.0,424.7659144520248
23.59714146700724,21.0,5.0,454.5918102725775
21.91986228141022,22.0,6.0,434.51635760347057
23.269478641099923,23.0,7.0,437.4641741560891
29.24822391353326,24.0,1.0,480.8585038183948
15.435743233260853,1.0,2.0,219.59699544067104
33.88647384015227,2.0,3.0,444.6739932975568
27.419205625132307,3.0,4.0,394.79732036333735
24.78834052169893,4.0,5.0,351.2920642372666
29.53417073186463,5.0,6.0,440.6397974182144
17.740826274157826,6.0,7.0,264.7594418659696
21.67649547424493,7.0,1.0,324.5979157525373
24.39462283804723,8.0,2.0,364.6606088909859
31.82780185216089,9.0,3.0,440.2320742577842
24.76751709436721,10.0,4.0,396.2008883173117
27.25027335592573,11.0,5.0,404.0684965223873
22.05210502031936,12.0,6.0,331.5642409776204
27.434210344837453,13.0,7.0,436.1736725822769
33.38619796487228,14.0,1.0,465.6629411272802
29.97763345837057,15.0,2.0,447.3519701234915
24.592720061110604,16.0,3.0,384.4730691962287
28.37745423632735,17.0,4.0,460.916967904691
27.88758477303606,18.0,5.0,457.59680197338486
27.53293835848638,19.0,6.0,490.6584700051909
30.559766804302043,20.0,7.0,502.8742011659315
30.52238851918733,21.0,1.0,536.0568088587173
24.364207015625578,22.0,2.0,453.4142631822256
28.20939530738885,23.0,3.0,468.5553166520772
23.08452539420103,24.0,4.0,441.4074059818802
20.384638018422116,1.0,5.0,305.69480033196726
23.652531221480068,2.0,6.0,342.6014598598322
24.618609241302085,3.0,7.0,330.737849530854
16.69209505411004,4.0,1.0,293.6966800167484
29.3016627970836,5.0,2.0,393.35606855401073
11.163372886988013,6.0,3.0,211.76817698766575
38.57408469743161,7.0,4.0,486.4251527466064
32.5093956689816,8.0,5.0,450.5864764609519
23.694956379138432,9.0,6.0,340.39283668985826
25.047131802818868,10.0,7.0,370.97643023076847
26.514859367936417,11.0,1.0,435.20692470764334
22.05419806005529,12.0,2.0,353.9593870389868
25.963095737934683,13.0,3.0,405.5447167092605
24.28000011149169,14.0,4.0,402.2326266504404
24.52863641384517,15.0,5.0,410.224102169097
25.907305317403196,16.0,6.0,411.08724135792073
18.43236100823003,17.0,7.0,364.06081145700347
25.19784862066824,18.0,1.0,450.7875322223769
25.817238733087382,19.0,2.0,469.9695194181079
25.64424810677957,20.0,3.0,445.8104425808545
23.92084622281923,21.0,4.0,421.9520860390654
30.68928887984686,22.0,5.0,488.2402483582262
23.231737225592244,23.0,6.0,435.4579226145097
26.13662953411595,24.0,7.0,452.8231796849341
31.486487669627728,1.0,1.0,405.4814811426615
24.60311929989844,2.0,2.0,341.0654477140779
26.07231633733776,3.0,3.0,353.0493536708926
24.518076818425516,4.0,4.0,357.1611904395098
31.186848967817998,5.0,5.0,393.6168260272987
23.711377192068525,6.0,6.0,355.1740977701845
31.416772886441027,7.0,7.0,441.6987040724693
24.48206052676468,8.0,1.0,370.2030225041008
20.70270138275992,9.0,2.0,384.4677526197301
28.396865852870604,10.0,3.0,425.3210847482431
23.47666083122172,11.0,4.0,346.53974865021945
28.10250449549581,12.0,5.0,420.4001868282248
11.35297807538133,13.0,6.0,261.7829036525292
25.02602630947473,14.0,7.0,408.2396142061516
22.7019735062126,15.0,1.0,393.871124579909
19.68370656734361,16.0,2.0,350.60566015934825
22.233794990801,17.0,3.0,376.4383375457644
22.131484278536742,18.0,4.0,386.242857081734
24.76007102574709,19.0,5.0,416.4452030070957
18.16336769357522,20.0,6.0,340.93419363776707
26.581368901298568,21.0,7.0,435.1574257909117
31.83107392602894,22.0,1.0,538.4999097490766
26.40464248473913,23.0,2.0,506.0146770012811
29.044943046145043,24.0,3.0,516.5586647388698
30.47281227306898,1.0,4.0,423.845344454426
31.182447560920885,2.0,5.0,426.3068449738828
34.35069346410653,3.0,6.0,457.1695412090322
22.50399000862035,4.0,7.0,317.28397482505693
21.407580074194417,5.0,1.0,338.8940183096831
28.91732824162367,6.0,2.0,404.7608955671163
28.541331098287,7.0,3.0,407.0311677361975
28.878376498078445,8.0,4.0,418.14710698851616
34.44641227125126,9.0,5.0,488.7354457440932
25.05684954399247,10.0,6.0,391.0349630702272
27.130782798230925,11.0,7.0,402.0712427220221
20.098058742582623,12.0,1.0,359.09136224365955
35.67660561987979,13.0,2.0,524.4353296826683
23.317275393954446,14.0,3.0,407.5206427007012
23.45892035919585,15.0,4.0,367.20930032681446
23.266250544958787,16.0,5.0,376.1147261716091
21.775520706778316,17.0,6.0,406.90141774657
21.352814755761752,18.0,7.0,381.3107561589964
22.38147858555237,19.0,1.0,407.33325398818414
18.17102035974528,20.0,2.0,370.440214138932
21.07341039868381,21.0,3.0,401.459997875307
34.7448155572381,22.0,4.0,556.6069112028684
28.678275718206844,23.0,5.0,464.6224293024531
29.62952088363859,24.0,6.0,498.7907637663211
30.886043937084573,1.0,7.0,397.7827939598538
34.170672821811955,2.0,1.0,456.6320865494296
16.14288724278078,3.0,2.0,274.88615235201365
18.850584423567295,4.0,3.0,309.8239688419535
20.98138169552657,5.0,4.0,311.3598939340995
22.65135101755201,6.0,5.0,322.67745552902096
23.49715304707376,7.0,6.0,401.11161933574783
22.765112235969795,8.0,7.0,340.6258286682133
26.09654456566027,9.0,1.0,399.2763562435113
25.17647695372608,10.0,2.0,409.3215714916185
21.385826024108752,11.0,3.0,391.7800460849724
14.12225611506215,12.0,4.0,278.3319988119276
20.03565647310651,13.0,5.0,330.38025936727456
22.253806733437123,14.0,6.0,349.69500031853903
23.764602815961403,15.0,7.0,423.5081525896725
19.35166270344732,16.0,1.0,349.7544873052525
22.5459676675179,17.0,2.0,403.9085579448677
19.34506305757207,18.0,3.0,354.90493393486133
24.370903242258336,19.0,4.0,397.7419140634173
19.634543358186924,20.0,5.0,375.49792651999553
20.75547671814768,21.0,6.0,375.7990338546536
18.456579345054305,22.0,7.0,359.73322494207684
24.23249652215108,23.0,1.0,494.4470671698589
20.667761150238007,24.0,2.0,429.1755335858281
29.533921333377148,1.0,3.0,409.9686037248512
27.029251333464494,2.0,4.0,384.78570459163
24.650740659081784,3.0,5.0,344.4901881292373
21.012572513281057,4.0,6.0,303.33135794525805
26.902601526581517,5.0,7.0,378.0047075030375
28.453504446743185,6.0,1.0,414.90405986608175
25.713442061008152,7.0,2.0,374.75831226677536
33.01850927733465,8.0,3.0,463.7820493826837
27.29818659037408,9.0,4.0,391.855271769815
29.56803608784017,10.0,5.0,427.2512022655849
25.66782707767989,11.0,6.0,386.9726012864522
28.378322266284883,12.0,7.0,397.40577081073326
21.01609383665412,13.0,1.0,325.1377741042978
22.70800818393603,14.0,2.0,372.2988168405664
26.746817767411898,15.0,3.0,469.550270965845
26.710497407786907,16.0,4.0,428.9113384371345
27.53805911471624,17.0,5.0,460.8999543650904
30.501964461393648,18.0,6.0,434.5307417520693
17.87514414092294,19.0,7.0,332.58572004994284
20.12773726194852,20.0,1.0,371.18758027223816
26.147863205371262,21.0,2.0,456.4326318519704
21.3781818409827,22.0,3.0,463.2209280205319
41.88884120644681,23.0,4.0,631.0931909290265
27.57859809585068,24.0,5.0,514.6982316240685
24.60834575534921,1.0,6.0,327.99472299977884
22.422653634580705,2.0,7.0,340.5239238229085
22.599188584034778,3.0,1.0,379.4570199740056
25.15070330657589,4.0,2.0,363.31965173754975
25.55990966310629,5.0,3.0,360.8138024065156
22.71650427653244,6.0,4.0,318.8088240255213
23.63423876740049,7.0,5.0,350.1611825024655
31.72142287617298,8.0,6.0,440.8521622657457
31.922524813255173,9.0,7.0,483.8443204795347
26.260169899674384,10.0,1.0,383.7022195148221
18.29370136381631,11.0,2.0,333.13025151210263
27.69251578319522,12.0,3.0,391.6389954041599
32.77141220805513,13.0,4.0,472.17886550378
31.848905509811893,14.0,5.0,479.7169622463593
28.672129264048337,15.0,6.0,453.97295569425455
32.11211477642911,16.0,7.0,491.90160935712953
25.26692136239511,17.0,1.0,442.617294281688
28.140514849168525,18.0,2.0,477.0135872936101
21.596122168374094,19.0,3.0,402.87600426379424
26.46132728077856,20.0,4.0,431.65594668800617
31.647671219852626,21.0,5.0,469.4435729249251
22.052882942565542,22.0,6.0,401.5950729909111
20.69278285267857,23.0,7.0,398.2355198655211
25.487444695118484,24.0,1.0,496.9530828946944
23.86668898138,1.0,2.0,335.6548563106763
28.245738605352106,2.0,3.0,379.5260053691872
22.733702370264787,3.0,4.0,338.04756623948344
33.59219807801357,4.0,5.0,435.5217410311116
18.55161951019472,5.0,6.0,308.727035080886
31.26867393109867,6.0,7.0,461.2734116786643
21.175753858459483,7.0,1.0,387.5732488688088
16.020086327079884,8.0,2.0,296.14167581568864
26.18937578174434,9.0,3.0,404.6316051113523
23.726960069930584,10.0,4.0,406.8467231067755
19.451953160484848,11.0,5.0,331.52029114692306
16.59311554142368,12.0,6.0,321.5149982527204
24.95819606364272,13.0,7.0,370.8787580427107
29.879184458119088,14.0,1.0,459.5750616156909
27.92476746543222,15.0,2.0,471.3699669872284
25.283533244196327,16.0,3.0,409.4714197662108
27.39423786608868,17.0,4.0,444.3813550862933
24.863929338110715,18.0,5.0,392.1551004690648
17.851378784848144,19.0,6.0,395.6291537386742
17.89553007388278,20.0,7.0,383.2158621351659
23.984157355076604,21.0,1.0,445.603564873821
24.196733568169627,22.0,2.0,456.1175931233428
29.254913392533823,23.0,3.0,506.4670960642056
28.786521118873736,24.0,4.0,523.551446249353
28.025665078794745,1.0,5.0,359.88064994052
23.59858643461409,2.0,6.0,342.6312167447056
18.096739149449306,3.0,7.0,296.5157214715365
27.06035568533012,4.0,1.0,411.91007626283033
27.62584656631084,5.0,2.0,350.0710479864744
13.05734268761157,6.0,3.0,239.58793731081283
20.82830906708669,7.0,4.0,310.89967824482875
21.54472811303052,8.0,5.0,343.43904684171895
25.59175100561718,9.0,6.0,342.5969056658864
20.98319783617153,10.0,7.0,297.91952054280324
24.8093271558768,11.0,1.0,443.4951713962932
23.94732529823504,12.0,2.0,405.8270407476172
24.20425264231136,13.0,3.0,400.46271128708986
21.41802853149627,14.0,4.0,379.4537382717424
21.80507472966661,15.0,5.0,380.9775657716497
19.59866470109654,16.0,6.0,377.9336601419959
26.90033720286916,17.0,7.0,420.354488187412
27.85551314295684,18.0,1.0,469.2874279510398
21.146910249373303,19.0,2.0,405.0175278524874
32.60320048008522,20.0,3.0,496.0948456316854
23.426992762789755,21.0,4.0,452.8095888091586
32.650928118982804,22.0,5.0,512.5957463917998
21.78936413084198,23.0,6.0,435.2420747045978
14.867111117002825,24.0,7.0,349.9693656974578
27.01098912456176,1.0,1.0,404.7815878937988
26.24272552559493,2.0,2.0,345.5996734855189
25.171968976537915,3.0,3.0,336.02451373517016
21.788837607780053,4.0,4.0,307.7744642577144
24.827138872570902,5.0,5.0,360.9372997359965
22.443702710652364,6.0,6.0,367.2663950220877
23.488252168341248,7.0,7.0,380.7443940467175
29.208161278825376,8.0,1.0,382.88224077948496
25.921086147650467,9.0,2.0,403.2050047009554
28.04975693665989,10.0,3.0,357.2384971562984
23.84065746687105,11.0,4.0,397.3072105444112
23.289913270976125,12.0,5.0,400.2625210076654
19.23258734555678,13.0,6.0,338.52098796172413
23.149816937159017,14.0,7.0,382.1778009214853
8.394427222054304,15.0,1.0,257.41705007934786
22.048890168471825,16.0,2.0,378.80006330989335
24.590629114045804,17.0,3.0,430.54040684688766
27.81836827135078,18.0,4.0,451.55552268044266
23.656610612375214,19.0,5.0,435.1719403095446
26.738367711225,20.0,6.0,447.1111384218654
14.101056693048772,21.0,7.0,307.79010480072253
24.71581573896525,22.0,1.0,423.4408639723423
16.60248603543298,23.0,2.0,337.7435638532156
18.958482421703337,24.0,3.0,426.83501109612206
24.064172260680696,1.0,4.0,324.4859355496266
31.38131993936777,2.0,5.0,415.5846831953107
26.85603381735029,3.0,6.0,401.2249360083933
25.091154985685584,4.0,7.0,338.655463230898
24.90234805266449,5.0,1.0,358.4739308390218
21.431855533977664,6.0,2.0,335.67532029267016
22.280082933136583,7.0,3.0,349.38948333976566
27.136880227353984,8.0,4.0,437.1198292786568
18.073197407777528,9.0,5.0,342.04838595965754
27.965270251415102,10.0,6.0,424.070210832286
23.05746466440573,11.0,7.0,393.5629220239947
29.127785374347827,12.0,1.0,444.7134734921211
29.80546728616041,13.0,2.0,463.0379642053737
16.6345799374713,14.0,3.0,321.3155264839391
22.09209618386391,15.0,4.0,358.11359418704626
20.72236156029688,16.0,5.0,396.3011104388408
15.936360174634284,17.0,6.0,336.9975764261401
19.837333618952947,18.0,7.0,367.7348056580028
37.2062792263267,19.0,1.0,564.0134352770235
28.0475494810622,20.0,2.0,444.3511973924918
34.58643984302877,21.0,3.0,522.3148917672333
29.14549220009168,22.0,4.0,496.1779854031973
21.290784194957624,23.0,5.0,402.3255886040861
23.091144016629784,24.0,6.0,428.557179341948
27.94218090120153,1.0,7.0,361.3286877164333
27.18753101736518,2.0,1.0,365.2259347933096
22.11328992145833,3.0,2.0,310.77453281410226
17.450034147103963,4.0,3.0,253.25318885253216
41.438805936943695,5.0,4.0,524.4576937892061
24.29425163828597,6.0,5.0,370.3146873350654
23.3713055340869,7.0,6.0,317.84037249647
25.56667231952651,8.0,7.0,374.1857666932686
23.786357053444856,9.0,1.0,385.4864355882798
25.613644538527417,10.0,2.0,380.3448373106913
31.43473643058209,11.0,3.0,488.7902005367827
24.37725760156788,12.0,4.0,384.0582686349106
19.186447803361197,13.0,5.0,339.8392842644817
24.191781027606947,14.0,6.0,390.6924202641099
22.67799109295045,15.0,7.0,345.3644224776833
32.119494686234255,16.0,1.0,518.3699882960234
30.85559532368785,17.0,2.0,468.4455778684938
25.537625002153995,18.0,3.0,431.6458397134252
18.60632072590372,19.0,4.0,381.0164272845971
18.870538682800277,20.0,5.0,402.9234553508934
25.07561630792277,21.0,6.0,416.1575174412909
26.681614846606404,22.0,7.0,446.8864767541755
23.126885903369725,23.0,1.0,470.91723163384034
22.59915207896383,24.0,2.0,449.2657983751472
22.036003834106765,1.0,3.0,329.78346552209985
24.88303019878027,2.0,4.0,325.80766727227933
13.086188239634676,3.0,5.0,223.2776917978156
19.49336685615145,4.0,6.0,293.5769599139059
21.864745772763246,5.0,7.0,305.489562580773
31.037515974759604,6.0,1.0,403.8837672341179
20.930931790355352,7.0,2.0,328.0993467282816
25.902340709156032,8.0,3.0,417.10917108324895
26.13271375465498,9.0,4.0,395.5106068577597
31.48958252830381,10.0,5.0,477.3816435545056
31.31288703482075,11.0,6.0,453.7092886327979
24.71248515602542,12.0,7.0,370.830696968495
22.622576294052784,13.0,1.0,413.7781432051623
21.68083448587155,14.0,2.0,385.05486767207344
23.79468388767109,15.0,3.0,423.1836155252589
22.829833228382,16.0,4.0,374.93176886140856
